{"game_id":{"0":"abd0114b226ed04c6bd4daac824f5241","1":"de142860d352b18879f2382e67ab3e2e","2":"3bf2df80de60f0bf82343a646a188fb2","3":"af3e6454c0293bcd38866af00fb22cc1","4":"c0a29accc7d25369ec83132f9e4034da","5":"80411c6402609069c4467ccdcb494273","6":"dbde00d498a1f217c0ee8968123b069f","7":"7459efe5719c27130877cc640b75f8ba","8":"7760595a4e43ffc332f44c4146b7c5ef","9":"0b82fc67da784ef2d4225438c8e33b6a","10":"e837e7b2a838ec74034cfbc99b119fb2","11":"8fd17a4be77506eba9c4446e52b3ce71","12":"68d4de1e01d8567e0d2e4a137d4b254b","13":"dbb1f14488d5ad0f783dce845101d4c1","14":"1893671667b0416333a1bb815e98c138"},"home_team":{"0":"Chicago White Sox","1":"Cleveland Guardians","2":"Minnesota Twins","3":"Texas Rangers","4":"Toronto Blue Jays","5":"Los Angeles Dodgers","6":"San Diego Padres","7":"Baltimore Orioles","8":"Cincinnati Reds","9":"Philadelphia Phillies","10":"Pittsburgh Pirates","11":"New York Mets","12":"Atlanta Braves","13":"Milwaukee Brewers","14":"Athletics"},"away_team":{"0":"Los Angeles Angels","1":"Tampa Bay Rays","2":"Seattle Mariners","3":"New York Yankees","4":"Boston Red Sox","5":"Miami Marlins","6":"Chicago Cubs","7":"Houston Astros","8":"Colorado Rockies","9":"San Francisco Giants","10":"St. Louis Cardinals","11":"Washington Nationals","12":"Detroit Tigers","13":"Arizona Diamondbacks","14":"Kansas City Royals"},"home_spread":{"0":1.5,"1":-1.5,"2":1.5,"3":1.5,"4":-1.5,"5":-1.5,"6":1.5,"7":-1.5,"8":-1.5,"9":-1.5,"10":-1.5,"11":-1.5,"12":1.5,"13":-1.5,"14":-1.5},"away_spread":{"0":-1.5,"1":-1.5,"2":-1.5,"3":-1.5,"4":1.5,"5":1.5,"6":-1.5,"7":-1.5,"8":1.5,"9":1.5,"10":1.5,"11":1.5,"12":-1.5,"13":-1.5,"14":-1.5},"best_home_odds":{"0":-160,"1":190,"2":-150,"3":-163,"4":165,"5":-102,"6":-170,"7":165,"8":138,"9":165,"10":145,"11":135,"12":-135,"13":165,"14":160},"best_away_odds":{"0":140,"1":188,"2":132,"3":140,"4":-190,"5":-114,"6":150,"7":159,"8":-149,"9":-180,"10":-164,"11":-160,"12":118,"13":172,"14":160},"home_cover_nv_prob":{"0":0.5962732919,"1":0.4982698962,"2":0.5819397993,"3":0.5979822684,"4":0.3654694392,"5":0.486623863,"6":0.6115107914,"7":0.4942748092,"8":0.4125111825,"9":0.3698811096,"10":0.3965154701,"11":0.4088050314,"12":0.5560173814,"13":0.5065176909,"14":0.5},"away_cover_nv_prob":{"0":0.4037267081,"1":0.5017301038,"2":0.4180602007,"3":0.4020177316,"4":0.6345305608,"5":0.513376137,"6":0.3884892086,"7":0.5057251908,"8":0.5874888175,"9":0.6301188904,"10":0.6034845299,"11":0.5911949686,"12":0.4439826186,"13":0.4934823091,"14":0.5},"books_home":{"0":{"fanduel":{"odds":-162,"spread":1.5},"draftkings":{"odds":-163,"spread":1.5},"betmgm":{"odds":-170,"spread":1.5},"bovada":{"odds":-160,"spread":1.5}},"1":{"fanduel":{"odds":-230,"spread":1.5},"draftkings":{"odds":-205,"spread":1.5},"betmgm":{"odds":-210,"spread":1.5},"bovada":{"odds":190,"spread":-1.5}},"2":{"fanduel":{"odds":-160,"spread":1.5},"draftkings":{"odds":-156,"spread":1.5},"bovada":{"odds":-150,"spread":1.5}},"3":{"fanduel":{"odds":-164,"spread":1.5},"draftkings":{"odds":-163,"spread":1.5},"betmgm":{"odds":-165,"spread":1.5},"bovada":{"odds":-165,"spread":1.5}},"4":{"fanduel":{"odds":160,"spread":-1.5},"betmgm":{"odds":155,"spread":-1.5},"draftkings":{"odds":163,"spread":-1.5},"bovada":{"odds":165,"spread":-1.5}},"5":{"fanduel":{"odds":-105,"spread":-1.5},"draftkings":{"odds":-105,"spread":-1.5},"betmgm":{"odds":-102,"spread":-1.5},"bovada":{"odds":-105,"spread":-1.5}},"6":{"fanduel":{"odds":-170,"spread":1.5},"draftkings":{"odds":-171,"spread":1.5},"betmgm":{"odds":-185,"spread":1.5},"bovada":{"odds":-170,"spread":1.5}},"7":{"fanduel":{"odds":160,"spread":-1.5},"draftkings":{"odds":-194,"spread":1.5},"betmgm":{"odds":-190,"spread":1.5},"bovada":{"odds":165,"spread":-1.5}},"8":{"fanduel":{"odds":138,"spread":-1.5},"draftkings":{"odds":123,"spread":-1.5},"betmgm":{"odds":135,"spread":-1.5},"bovada":{"odds":135,"spread":-1.5}},"9":{"fanduel":{"odds":150,"spread":-1.5},"draftkings":{"odds":153,"spread":-1.5},"betmgm":{"odds":165,"spread":-1.5},"bovada":{"odds":155,"spread":-1.5}},"10":{"fanduel":{"odds":136,"spread":-1.5},"draftkings":{"odds":139,"spread":-1.5},"betmgm":{"odds":145,"spread":-1.5},"bovada":{"odds":140,"spread":-1.5}},"11":{"fanduel":{"odds":134,"spread":-1.5},"betmgm":{"odds":135,"spread":-1.5},"draftkings":{"odds":135,"spread":-1.5},"bovada":{"odds":135,"spread":-1.5}},"12":{"fanduel":{"odds":-142,"spread":1.5},"draftkings":{"odds":-136,"spread":1.5},"bovada":{"odds":-135,"spread":1.5}},"13":{"fanduel":{"odds":-210,"spread":1.5},"draftkings":{"odds":-192,"spread":1.5},"betmgm":{"odds":-190,"spread":1.5},"bovada":{"odds":165,"spread":-1.5}},"14":{"fanduel":{"odds":-194,"spread":1.5},"draftkings":{"odds":-179,"spread":1.5},"bovada":{"odds":160,"spread":-1.5},"betmgm":{"odds":-175,"spread":1.5}}},"books_away":{"0":{"fanduel":{"odds":134,"spread":-1.5},"draftkings":{"odds":135,"spread":-1.5},"betmgm":{"odds":140,"spread":-1.5},"bovada":{"odds":135,"spread":-1.5}},"1":{"fanduel":{"odds":188,"spread":-1.5},"draftkings":{"odds":167,"spread":-1.5},"betmgm":{"odds":170,"spread":-1.5},"bovada":{"odds":-230,"spread":1.5}},"2":{"fanduel":{"odds":132,"spread":-1.5},"draftkings":{"odds":129,"spread":-1.5},"bovada":{"odds":130,"spread":-1.5}},"3":{"fanduel":{"odds":136,"spread":-1.5},"draftkings":{"odds":135,"spread":-1.5},"betmgm":{"odds":140,"spread":-1.5},"bovada":{"odds":140,"spread":-1.5}},"4":{"fanduel":{"odds":-194,"spread":1.5},"betmgm":{"odds":-190,"spread":1.5},"draftkings":{"odds":-199,"spread":1.5},"bovada":{"odds":-195,"spread":1.5}},"5":{"fanduel":{"odds":-114,"spread":1.5},"draftkings":{"odds":-115,"spread":1.5},"betmgm":{"odds":-118,"spread":1.5},"bovada":{"odds":-115,"spread":1.5}},"6":{"fanduel":{"odds":140,"spread":-1.5},"draftkings":{"odds":141,"spread":-1.5},"betmgm":{"odds":150,"spread":-1.5},"bovada":{"odds":145,"spread":-1.5}},"7":{"fanduel":{"odds":-194,"spread":1.5},"draftkings":{"odds":159,"spread":-1.5},"betmgm":{"odds":155,"spread":-1.5},"bovada":{"odds":-195,"spread":1.5}},"8":{"fanduel":{"odds":-166,"spread":1.5},"draftkings":{"odds":-149,"spread":1.5},"betmgm":{"odds":-160,"spread":1.5},"bovada":{"odds":-160,"spread":1.5}},"9":{"fanduel":{"odds":-182,"spread":1.5},"draftkings":{"odds":-186,"spread":1.5},"betmgm":{"odds":-200,"spread":1.5},"bovada":{"odds":-180,"spread":1.5}},"10":{"fanduel":{"odds":-164,"spread":1.5},"draftkings":{"odds":-168,"spread":1.5},"betmgm":{"odds":-175,"spread":1.5},"bovada":{"odds":-165,"spread":1.5}},"11":{"fanduel":{"odds":-162,"spread":1.5},"betmgm":{"odds":-160,"spread":1.5},"draftkings":{"odds":-163,"spread":1.5},"bovada":{"odds":-160,"spread":1.5}},"12":{"fanduel":{"odds":118,"spread":-1.5},"draftkings":{"odds":113,"spread":-1.5},"bovada":{"odds":115,"spread":-1.5}},"13":{"fanduel":{"odds":172,"spread":-1.5},"draftkings":{"odds":158,"spread":-1.5},"betmgm":{"odds":155,"spread":-1.5},"bovada":{"odds":-195,"spread":1.5}},"14":{"fanduel":{"odds":160,"spread":-1.5},"draftkings":{"odds":148,"spread":-1.5},"bovada":{"odds":-185,"spread":1.5},"betmgm":{"odds":145,"spread":-1.5}}}}