{"game_id":{"0":"551b1013a4b92bb548f0b5287c15e7d1","1":"91665afcba863c3c8347ba9ee65ac461","2":"178ad6f5e07c35eef67b4cff64ff1934","3":"1d3a926b2cba97faaba2228f43c77a47","4":"f6f0e79036206f0a0ae7e8137c0c3096","5":"4437949903758512e22e061e7d49dc48","6":"4b5e3f0ce8c202d711c9b02b84f156cc","7":"700e234cf77980647981a64907dc17d8","8":"97d8a9970a14f21507c77048dcce6ae9","9":"d8a43d2497f4e529a3af914e3256955b","10":"c589af707f2d0a0ec73c57d02ee85011","11":"bf1da9404ddeda8aaf631bfc0426ef34","12":"c20c72e3d1d902b5d151e9b6e7f76995","13":"cb86c66f7562172318c2e8f571b8fea9","14":"2cbf10f5567633534b11bbd7b8a051cc"},"home_team":{"0":"Philadelphia Phillies","1":"Boston Red Sox","2":"Washington Nationals","3":"New York Yankees","4":"Cincinnati Reds","5":"Atlanta Braves","6":"Milwaukee Brewers","7":"St. Louis Cardinals","8":"Chicago Cubs","9":"Texas Rangers","10":"Houston Astros","11":"Arizona Diamondbacks","12":"Athletics","13":"Seattle Mariners","14":"Los Angeles Dodgers"},"away_team":{"0":"Miami Marlins","1":"Toronto Blue Jays","2":"Kansas City Royals","3":"Chicago White Sox","4":"New York Mets","5":"San Francisco Giants","6":"Cleveland Guardians","7":"San Diego Padres","8":"Colorado Rockies","9":"Minnesota Twins","10":"Detroit Tigers","11":"Los Angeles Angels","12":"Pittsburgh Pirates","13":"Baltimore Orioles","14":"Tampa Bay Rays"},"home_spread":{"0":-1.5,"1":1.5,"2":-1.5,"3":-1.5,"4":1.5,"5":-1.5,"6":-1.5,"7":-1.5,"8":-1.5,"9":-1.5,"10":-1.5,"11":-1.5,"12":-1.5,"13":-1.5,"14":-1.5},"away_spread":{"0":1.5,"1":-1.5,"2":1.5,"3":1.5,"4":-1.5,"5":1.5,"6":1.5,"7":-1.5,"8":1.5,"9":1.5,"10":1.5,"11":-1.5,"12":1.5,"13":1.5,"14":1.5},"best_home_odds":{"0":126,"1":-165,"2":160,"3":155,"4":-150,"5":126,"6":140,"7":185,"8":105,"9":155,"10":150,"11":185,"12":145,"13":146,"14":146},"best_away_odds":{"0":-140,"1":145,"2":-180,"3":-170,"4":134,"5":-144,"6":-160,"7":165,"8":-118,"9":-178,"10":-165,"11":154,"12":-165,"13":-170,"14":-170},"home_cover_nv_prob":{"0":0.4313443566,"1":0.6040343668,"2":0.3743315508,"3":0.3837953092,"4":0.5840266223,"5":0.4284911492,"6":0.4037267081,"7":0.4818181818,"8":0.4740160905,"9":0.3798333106,"10":0.3911439114,"11":0.4712430427,"12":0.3959656332,"13":0.3923278117,"14":0.3923278117},"away_cover_nv_prob":{"0":0.5686556434,"1":0.3959656332,"2":0.6256684492,"3":0.6162046908,"4":0.4159733777,"5":0.5715088508,"6":0.5962732919,"7":0.5181818182,"8":0.5259839095,"9":0.6201666894,"10":0.6088560886,"11":0.5287569573,"12":0.6040343668,"13":0.6076721883,"14":0.6076721883},"books_home":{"0":{"fanduel":{"odds":126,"spread":-1.5},"draftkings":{"odds":123,"spread":-1.5},"williamhill_us":{"odds":118,"spread":-1.5},"betmgm":{"odds":118,"spread":-1.5},"bovada":{"odds":125,"spread":-1.5}},"1":{"draftkings":{"odds":-171,"spread":1.5},"williamhill_us":{"odds":-170,"spread":1.5},"betmgm":{"odds":-175,"spread":1.5},"fanduel":{"odds":-172,"spread":1.5},"bovada":{"odds":-165,"spread":1.5}},"2":{"fanduel":{"odds":160,"spread":-1.5},"draftkings":{"odds":153,"spread":-1.5},"williamhill_us":{"odds":158,"spread":-1.5},"betmgm":{"odds":150,"spread":-1.5},"bovada":{"odds":155,"spread":-1.5}},"3":{"fanduel":{"odds":155,"spread":-1.5},"draftkings":{"odds":144,"spread":-1.5},"williamhill_us":{"odds":143,"spread":-1.5},"betmgm":{"odds":145,"spread":-1.5},"bovada":{"odds":150,"spread":-1.5}},"4":{"fanduel":{"odds":-162,"spread":1.5},"draftkings":{"odds":-155,"spread":1.5},"williamhill_us":{"odds":-155,"spread":1.5},"betmgm":{"odds":-155,"spread":1.5},"bovada":{"odds":-150,"spread":1.5}},"5":{"fanduel":{"odds":126,"spread":-1.5},"draftkings":{"odds":119,"spread":-1.5},"williamhill_us":{"odds":122,"spread":-1.5},"betmgm":{"odds":118,"spread":-1.5},"bovada":{"odds":125,"spread":-1.5}},"6":{"fanduel":{"odds":140,"spread":-1.5},"draftkings":{"odds":135,"spread":-1.5},"williamhill_us":{"odds":135,"spread":-1.5},"betmgm":{"odds":135,"spread":-1.5},"bovada":{"odds":140,"spread":-1.5}},"7":{"fanduel":{"odds":-194,"spread":1.5},"draftkings":{"odds":-201,"spread":1.5},"williamhill_us":{"odds":170,"spread":-1.5},"betmgm":{"odds":-200,"spread":1.5},"bovada":{"odds":185,"spread":-1.5}},"8":{"fanduel":{"odds":104,"spread":-1.5},"draftkings":{"odds":100,"spread":-1.5},"williamhill_us":{"odds":100,"spread":-1.5},"betmgm":{"odds":-102,"spread":-1.5},"bovada":{"odds":105,"spread":-1.5}},"9":{"fanduel":{"odds":152,"spread":-1.5},"draftkings":{"odds":148,"spread":-1.5},"williamhill_us":{"odds":150,"spread":-1.5},"bovada":{"odds":155,"spread":-1.5}},"10":{"fanduel":{"odds":150,"spread":-1.5},"draftkings":{"odds":139,"spread":-1.5},"williamhill_us":{"odds":140,"spread":-1.5},"betmgm":{"odds":135,"spread":-1.5},"bovada":{"odds":145,"spread":-1.5}},"11":{"fanduel":{"odds":-182,"spread":1.5},"draftkings":{"odds":-180,"spread":1.5},"williamhill_us":{"odds":175,"spread":-1.5},"betmgm":{"odds":-190,"spread":1.5},"bovada":{"odds":185,"spread":-1.5}},"12":{"fanduel":{"odds":142,"spread":-1.5},"draftkings":{"odds":139,"spread":-1.5},"williamhill_us":{"odds":140,"spread":-1.5},"betmgm":{"odds":140,"spread":-1.5},"bovada":{"odds":145,"spread":-1.5}},"13":{"fanduel":{"odds":146,"spread":-1.5},"draftkings":{"odds":141,"spread":-1.5},"williamhill_us":{"odds":143,"spread":-1.5},"betmgm":{"odds":140,"spread":-1.5},"bovada":{"odds":145,"spread":-1.5}},"14":{"fanduel":{"odds":146,"spread":-1.5},"draftkings":{"odds":142,"spread":-1.5},"williamhill_us":{"odds":143,"spread":-1.5},"betmgm":{"odds":140,"spread":-1.5},"bovada":{"odds":145,"spread":-1.5}}},"books_away":{"0":{"fanduel":{"odds":-152,"spread":1.5},"draftkings":{"odds":-148,"spread":1.5},"williamhill_us":{"odds":-140,"spread":1.5},"betmgm":{"odds":-145,"spread":1.5},"bovada":{"odds":-145,"spread":1.5}},"1":{"draftkings":{"odds":141,"spread":-1.5},"williamhill_us":{"odds":143,"spread":-1.5},"betmgm":{"odds":145,"spread":-1.5},"fanduel":{"odds":142,"spread":-1.5},"bovada":{"odds":140,"spread":-1.5}},"2":{"fanduel":{"odds":-194,"spread":1.5},"draftkings":{"odds":-186,"spread":1.5},"williamhill_us":{"odds":-190,"spread":1.5},"betmgm":{"odds":-185,"spread":1.5},"bovada":{"odds":-180,"spread":1.5}},"3":{"fanduel":{"odds":-188,"spread":1.5},"draftkings":{"odds":-175,"spread":1.5},"williamhill_us":{"odds":-170,"spread":1.5},"betmgm":{"odds":-175,"spread":1.5},"bovada":{"odds":-175,"spread":1.5}},"4":{"fanduel":{"odds":134,"spread":-1.5},"draftkings":{"odds":129,"spread":-1.5},"williamhill_us":{"odds":130,"spread":-1.5},"betmgm":{"odds":125,"spread":-1.5},"bovada":{"odds":130,"spread":-1.5}},"5":{"fanduel":{"odds":-152,"spread":1.5},"draftkings":{"odds":-144,"spread":1.5},"williamhill_us":{"odds":-145,"spread":1.5},"betmgm":{"odds":-145,"spread":1.5},"bovada":{"odds":-145,"spread":1.5}},"6":{"fanduel":{"odds":-170,"spread":1.5},"draftkings":{"odds":-163,"spread":1.5},"williamhill_us":{"odds":-160,"spread":1.5},"betmgm":{"odds":-165,"spread":1.5},"bovada":{"odds":-165,"spread":1.5}},"7":{"fanduel":{"odds":160,"spread":-1.5},"draftkings":{"odds":165,"spread":-1.5},"williamhill_us":{"odds":-205,"spread":1.5},"betmgm":{"odds":165,"spread":-1.5},"bovada":{"odds":-225,"spread":1.5}},"8":{"fanduel":{"odds":-125,"spread":1.5},"draftkings":{"odds":-120,"spread":1.5},"williamhill_us":{"odds":-120,"spread":1.5},"betmgm":{"odds":-118,"spread":1.5},"bovada":{"odds":-125,"spread":1.5}},"9":{"fanduel":{"odds":-184,"spread":1.5},"draftkings":{"odds":-180,"spread":1.5},"williamhill_us":{"odds":-178,"spread":1.5},"bovada":{"odds":-180,"spread":1.5}},"10":{"fanduel":{"odds":-182,"spread":1.5},"draftkings":{"odds":-168,"spread":1.5},"williamhill_us":{"odds":-165,"spread":1.5},"betmgm":{"odds":-165,"spread":1.5},"bovada":{"odds":-170,"spread":1.5}},"11":{"fanduel":{"odds":150,"spread":-1.5},"draftkings":{"odds":148,"spread":-1.5},"williamhill_us":{"odds":-210,"spread":1.5},"betmgm":{"odds":154,"spread":-1.5},"bovada":{"odds":-225,"spread":1.5}},"12":{"fanduel":{"odds":-172,"spread":1.5},"draftkings":{"odds":-169,"spread":1.5},"williamhill_us":{"odds":-165,"spread":1.5},"betmgm":{"odds":-170,