{"game_id":{"0":"fadbcf06dc34a35aa764217449eed0bc","1":"a46f3826966d75bbba418ffa315da7a1","2":"b15cd27ee7dc82b2fdc7120117c7573d","3":"08d5e50d378787386a6a9d0b98f7d662","4":"cf96e2e47e38bb6769a2000cd23b871b","5":"6eb5de1ab0595da964b22b0fc847fbc1","6":"9637bef3da89f22340fc6ea44bfe91b4","7":"f950765d2ab77ff856b7643ec5cd880c","8":"fbe3805ebed0daf92e6e43ccfc287b96","9":"f2bbab66ff28ba66910103ce8596b5bc","10":"dc2d29e6b7b6fd78c897d0818ef01208","11":"10965e1fdc600d49ff4fbcc534115980","12":"c2d68e4640b7927c37fc5cda2352ee1f","13":"136805c629e76ccb3b3b770196f07915","14":"ffc9895ee406538679c2fdd5097dbbf6"},"home_team":{"0":"Pittsburgh Pirates","1":"Detroit Tigers","2":"Baltimore Orioles","3":"Toronto Blue Jays","4":"Tampa Bay Rays","5":"Boston Red Sox","6":"Cleveland Guardians","7":"New York Mets","8":"Chicago White Sox","9":"Milwaukee Brewers","10":"Minnesota Twins","11":"St. Louis Cardinals","12":"Los Angeles Angels","13":"San Diego Padres","14":"San Francisco Giants"},"away_team":{"0":"Cincinnati Reds","1":"Houston Astros","2":"Washington Nationals","3":"Texas Rangers","4":"Arizona Diamondbacks","5":"New York Yankees","6":"Seattle Mariners","7":"Philadelphia Phillies","8":"Kansas City Royals","9":"Chicago Cubs","10":"Colorado Rockies","11":"Miami Marlins","12":"Athletics","13":"Los Angeles Dodgers","14":"Atlanta Braves"},"home_spread":{"0":-1.5,"1":-1.5,"2":-1.5,"3":1.5,"4":-1.5,"5":1.5,"6":-1.5,"7":1.5,"8":-1.5,"9":-1.5,"10":-1.5,"11":-1.5,"12":1.5,"13":1.5,"14":1.5},"away_spread":{"0":1.5,"1":-1.5,"2":1.5,"3":-1.5,"4":1.5,"5":-1.5,"6":-1.5,"7":-1.5,"8":1.5,"9":1.5,"10":1.5,"11":-1.5,"12":-1.5,"13":-1.5,"14":-1.5},"best_home_odds":{"0":112,"1":175,"2":155,"3":-170,"4":158,"5":-165,"6":190,"7":-120,"8":165,"9":-118,"10":130,"11":180,"12":-150,"13":-140,"14":-165},"best_away_odds":{"0":-125,"1":164,"2":-165,"3":146,"4":-175,"5":152,"6":165,"7":106,"8":-190,"9":105,"10":-145,"11":165,"12":135,"13":125,"14":141},"home_cover_nv_prob":{"0":0.4591836735,"1":0.4897959184,"2":0.3864382063,"3":0.6076721883,"4":0.3785271851,"5":0.6107520564,"6":0.4774774775,"7":0.529109589,"8":0.3654694392,"9":0.5259839095,"10":0.4235090752,"11":0.4862385321,"12":0.5850622407,"13":0.5675675676,"14":0.6000905455},"away_cover_nv_prob":{"0":0.5408163265,"1":0.5102040816,"2":0.6135617937,"3":0.3923278117,"4":0.6214728149,"5":0.3892479436,"6":0.5225225225,"7":0.470890411,"8":0.6345305608,"9":0.4740160905,"10":0.5764909248,"11":0.5137614679,"12":0.4149377593,"13":0.4324324324,"14":0.3999094545},"books_home":{"0":{"fanduel":{"odds":112,"spread":-1.5},"williamhill_us":{"odds":105,"spread":-1.5},"draftkings":{"odds":108,"spread":-1.5},"betmgm":{"odds":105,"spread":-1.5},"bovada":{"odds":110,"spread":-1.5}},"1":{"fanduel":{"odds":-200,"spread":1.5},"williamhill_us":{"odds":170,"spread":-1.5},"draftkings":{"odds":-200,"spread":1.5},"betmgm":{"odds":-190,"spread":1.5},"bovada":{"odds":175,"spread":-1.5}},"2":{"fanduel":{"odds":142,"spread":-1.5},"williamhill_us":{"odds":140,"spread":-1.5},"draftkings":{"odds":139,"spread":-1.5},"betmgm":{"odds":140,"spread":-1.5},"bovada":{"odds":155,"spread":-1.5}},"3":{"fanduel":{"odds":-176,"spread":1.5},"williamhill_us":{"odds":-170,"spread":1.5},"draftkings":{"odds":-175,"spread":1.5},"betmgm":{"odds":-175,"spread":1.5},"bovada":{"odds":-170,"spread":1.5}},"4":{"fanduel":{"odds":158,"spread":-1.5},"draftkings":{"odds":148,"spread":-1.5},"williamhill_us":{"odds":150,"spread":-1.5},"betmgm":{"odds":145,"spread":-1.5},"bovada":{"odds":150,"spread":-1.5}},"5":{"fanduel":{"odds":-184,"spread":1.5},"williamhill_us":{"odds":-165,"spread":1.5},"draftkings":{"odds":-167,"spread":1.5},"betmgm":{"odds":-165,"spread":1.5},"bovada":{"odds":-165,"spread":1.5}},"6":{"fanduel":{"odds":-200,"spread":1.5},"williamhill_us":{"odds":180,"spread":-1.5},"draftkings":{"odds":-193,"spread":1.5},"betmgm":{"odds":-200,"spread":1.5},"bovada":{"odds":190,"spread":-1.5}},"7":{"fanduel":{"odds":-128,"spread":1.5},"williamhill_us":{"odds":-120,"spread":1.5},"draftkings":{"odds":-122,"spread":1.5},"betmgm":{"odds":-120,"spread":1.5},"bovada":{"odds":-125,"spread":1.5}},"8":{"fanduel":{"odds":162,"spread":-1.5},"draftkings":{"odds":159,"spread":-1.5},"williamhill_us":{"odds":158,"spread":-1.5},"betmgm":{"odds":155,"spread":-1.5},"bovada":{"odds":165,"spread":-1.5}},"9":{"fanduel":{"odds":-118,"spread":-1.5},"williamhill_us":{"odds":-125,"spread":-1.5},"betmgm":{"odds":-125,"spread":-1.5},"draftkings":{"odds":-123,"spread":-1.5},"bovada":{"odds":-120,"spread":-1.5}},"10":{"fanduel":{"odds":130,"spread":-1.5},"williamhill_us":{"odds":122,"spread":-1.5},"draftkings":{"odds":123,"spread":-1.5},"betmgm":{"odds":118,"spread":-1.5},"bovada":{"odds":130,"spread":-1.5}},"11":{"fanduel":{"odds":-194,"spread":1.5},"williamhill_us":{"odds":180,"spread":-1.5},"draftkings":{"odds":-194,"spread":1.5},"betmgm":{"odds":-200,"spread":1.5},"bovada":{"odds":180,"spread":-1.5}},"12":{"fanduel":{"odds":-156,"spread":1.5},"draftkings":{"odds":-158,"spread":1.5},"williamhill_us":{"odds":-160,"spread":1.5},"betmgm":{"odds":-160,"spread":1.5},"bovada":{"odds":-150,"spread":1.5}},"13":{"fanduel":{"odds":-142,"spread":1.5},"williamhill_us":{"odds":-140,"spread":1.5},"draftkings":{"odds":-144,"spread":1.5},"betmgm":{"odds":-145,"spread":1.5},"bovada":{"odds":-145,"spread":1.5}},"14":{"fanduel":{"odds":-166,"spread":1.5},"draftkings":{"odds":-171,"spread":1.5},"williamhill_us":{"odds":-165,"spread":1.5}}},"books_away":{"0":{"fanduel":{"odds":-134,"spread":1.5},"williamhill_us":{"odds":-125,"spread":1.5},"draftkings":{"odds":-130,"spread":1.5},"betmgm":{"odds":-130,"spread":1.5},"bovada":{"odds":-130,"spread":1.5}},"1":{"fanduel":{"odds":164,"spread":-1.5},"williamhill_us":{"odds":-205,"spread":1.5},"draftkings":{"odds":164,"spread":-1.5},"betmgm":{"odds":155,"spread":-1.5},"bovada":{"odds":-210,"spread":1.5}},"2":{"fanduel":{"odds":-172,"spread":1.5},"williamhill_us":{"odds":-165,"spread":1.5},"draftkings":{"odds":-168,"spread":1.5},"betmgm":{"odds":-170,"spread":1.5},"bovada":{"odds":-180,"spread":1.5}},"3":{"fanduel":{"odds":146,"spread":-1.5},"williamhill_us":{"odds":143,"spread":-1.5},"draftkings":{"odds":144,"spread":-1.5},"betmgm":{"odds":145,"spread":-1.5},"bovada":{"odds":145,"spread":-1.5}},"4":{"fanduel":{"odds":-192,"spread":1.5},"draftkings":{"odds":-180,"spread":1.5},"williamhill_us":{"odds":-178,"spread":1.5},"betmgm":{"odds":-180,"spread":1.5},"bovada":{"odds":-175,"spread":1.5}},"5":{"fanduel":{"odds":152,"spread":-1.5},"williamhill_us":{"odds":140,"spread":-1.5},"draftkings":{"odds":138,"spread":-1.5},"betmgm":{"odds":135,"spread":-1.5},"bovada":{"odds":140,"spread":-1.5}},"6":{"fanduel":{"odds":162,"spread":-1.5},"williamhill_us":{"odds":-220,"spread":1.5},"draftkings":{"odds":158,"spread":-1.5},"betmgm":{"odds":165,"spread":-1.5},"bovada":{"odds":-230,"spread":1.5}},"7":{"fanduel":{"odds":106,"spread":-1.5},"williamhill_us":{"odds":100,"spread":-1.5},"draftkings":{"odds":101,"spread":-1.5},"betmgm":{"odds":100,"spread":-1.5},"bovada":{"odds":105,"spread":-1.5}},"8":{"fanduel":{"odds":-196,"spread":1.5},"draftkings":{"odds":-194,"spread":1.5},"williamhill_us":{"odds":-190,"spread":1.5},"betmgm":{"odds":-190,"spread":1.5},"bovada":{"odds":-195,"spread":1.5}},"9":{"fanduel":{"odds":-102,"spread":1.5},"williamhill_us":{"odds":105,"spread":1.5},"betmgm":{"odds":105,"spread":1.5},"draftkings":{"odds":102,"spread":1.5},"bovada":{"odds":100,"spread":1.5}},"10":{"fanduel":{"odds":-156,"spread":1.5},"williamhill_us":{"odds":-145,"spread":1.5},"draftkings":{"odds":-149,"spread":1.5},"betmgm":{"odds":-145,"spread":1.5},"bovada":{"odds":-150,"spread":1.5}},"11":{"fanduel":{"odds":160,"spread":-1.5},"williamhill_us":{"odds":-220,"spread":1.5},"draftkings":{"odds":159,"spread":-1.5},"betmgm":{"odds":165,"spread":-1.5},"bovada":{"odds":-220,"spread":1.5}},"12":{"fanduel":{"odds":130,"spread":-1.5},"draftkings":{"odds":131,"spread":-1.5},"williamhill_us":{"odds":135,"spread":-1.5},"betmgm":{"odds":135,"spread":-1.5},