{"game_id":{"0":"7055a07016cd9cb5636dd11078ce1667","1":"70e647daf98ec717652b7a06c7a93e6e","2":"16b3a35b258eb3bcae569dd205bfd706","3":"e5bb185ad50b6e624fefc0480aed9633","4":"83fb92be857af525695a1086c6d0eaaf","5":"4e515c128a5ccbd9a666705e73a055ea","6":"93188dfe3185656f40aad93e25a4bead","7":"1a825b96d509d162a93aedec56ed8927","8":"2676d7ac3c89974581ba5cd216b0424f","9":"2262e13c280ca7610f5186dd2c77b23d","10":"e0d4956a76de96648305fd7ef0d96800","11":"e4be161112d6550a383416acab9cc6cb","12":"0b1c8f9394e800658a0fd429a8685edd","13":"9f95aca01eff5725132691732b38a03e","14":"c016bc529dccaa041545262bfb133323"},"home_team":{"0":"St. Louis Cardinals","1":"Chicago Cubs","2":"Toronto Blue Jays","3":"Baltimore Orioles","4":"Philadelphia Phillies","5":"Cincinnati Reds","6":"New York Mets","7":"Miami Marlins","8":"Milwaukee Brewers","9":"Houston Astros","10":"Atlanta Braves","11":"San Francisco Giants","12":"San Diego Padres","13":"Los Angeles Dodgers","14":"Seattle Mariners"},"away_team":{"0":"Tampa Bay Rays","1":"Washington Nationals","2":"Athletics","3":"Minnesota Twins","4":"Texas Rangers","5":"Boston Red Sox","6":"Pittsburgh Pirates","7":"Colorado Rockies","8":"Chicago White Sox","9":"Los Angeles Angels","10":"Kansas City Royals","11":"New York Yankees","12":"Detroit Tigers","13":"Arizona Diamondbacks","14":"Cleveland Guardians"},"home_spread":{"0":-1.5,"1":-1.5,"2":-1.5,"3":-1.5,"4":-1.5,"5":1.5,"6":-1.5,"7":-1.5,"8":-1.5,"9":-1.5,"10":-1.5,"11":1.5,"12":1.5,"13":-1.5,"14":-1.5},"away_spread":{"0":-1.5,"1":1.5,"2":1.5,"3":1.5,"4":-1.5,"5":-1.5,"6":1.5,"7":1.5,"8":1.5,"9":1.5,"10":1.5,"11":-1.5,"12":-1.5,"13":1.5,"14":1.5},"best_home_odds":{"0":185,"1":-110,"2":115,"3":135,"4":192,"5":-132,"6":130,"7":120,"8":110,"9":145,"10":145,"11":-150,"12":-166,"13":-110,"14":125},"best_away_odds":{"0":165,"1":-105,"2":-130,"3":-156,"4":158,"5":115,"6":-145,"7":-134,"8":-130,"9":-156,"10":-165,"11":135,"12":155,"13":-105,"14":-140},"home_cover_nv_prob":{"0":0.4818181818,"1":0.5056053812,"2":0.4514229637,"3":0.4111789271,"4":0.4690909091,"5":0.550213261,"6":0.4235090752,"7":0.4425113464,"8":0.4572564612,"9":0.401128173,"10":0.3959656332,"11":0.5850622407,"12":0.6141012622,"13":0.5056053812,"14":0.4324324324},"away_cover_nv_prob":{"0":0.5181818182,"1":0.4943946188,"2":0.5485770363,"3":0.5888210729,"4":0.5309090909,"5":0.449786739,"6":0.5764909248,"7":0.5574886536,"8":0.5427435388,"9":0.598871827,"10":0.6040343668,"11":0.4149377593,"12":0.3858987378,"13":0.4943946188,"14":0.5675675676},"books_home":{"0":{"fanduel":{"odds":-196,"spread":1.5},"williamhill_us":{"odds":-190,"spread":1.5},"betmgm":{"odds":-200,"spread":1.5},"draftkings":{"odds":-194,"spread":1.5},"bovada":{"odds":185,"spread":-1.5}},"1":{"fanduel":{"odds":-111,"spread":-1.5},"williamhill_us":{"odds":-115,"spread":-1.5},"betmgm":{"odds":-115,"spread":-1.5},"draftkings":{"odds":-115,"spread":-1.5},"bovada":{"odds":-110,"spread":-1.5}},"2":{"fanduel":{"odds":114,"spread":-1.5},"williamhill_us":{"odds":110,"spread":-1.5},"betmgm":{"odds":115,"spread":-1.5},"draftkings":{"odds":109,"spread":-1.5},"bovada":{"odds":110,"spread":-1.5}},"3":{"fanduel":{"odds":134,"spread":-1.5},"williamhill_us":{"odds":135,"spread":-1.5},"draftkings":{"odds":129,"spread":-1.5},"bovada":{"odds":135,"spread":-1.5}},"4":{"fanduel":{"odds":-192,"spread":1.5},"betmgm":{"odds":-190,"spread":1.5},"draftkings":{"odds":-185,"spread":1.5},"bovada":{"odds":185,"spread":-1.5},"williamhill_us":{"odds":192,"spread":-1.5}},"5":{"fanduel":{"odds":-132,"spread":1.5},"williamhill_us":{"odds":-135,"spread":1.5},"draftkings":{"odds":-136,"spread":1.5},"betmgm":{"odds":-135,"spread":1.5},"bovada":{"odds":-135,"spread":1.5}},"6":{"fanduel":{"odds":126,"spread":-1.5},"williamhill_us":{"odds":122,"spread":-1.5},"draftkings":{"odds":123,"spread":-1.5},"betmgm":{"odds":125,"spread":-1.5},"bovada":{"odds":130,"spread":-1.5}},"7":{"fanduel":{"odds":112,"spread":-1.5},"williamhill_us":{"odds":115,"spread":-1.5},"draftkings":{"odds":113,"spread":-1.5},"betmgm":{"odds":115,"spread":-1.5},"bovada":{"odds":120,"spread":-1.5}},"8":{"fanduel":{"odds":108,"spread":-1.5},"draftkings":{"odds":109,"spread":-1.5},"betmgm":{"odds":110,"spread":-1.5},"bovada":{"odds":110,"spread":-1.5},"williamhill_us":{"odds":110,"spread":-1.5}},"9":{"fanduel":{"odds":130,"spread":-1.5},"williamhill_us":{"odds":143,"spread":-1.5},"draftkings":{"odds":141,"spread":-1.5},"betmgm":{"odds":145,"spread":-1.5},"bovada":{"odds":145,"spread":-1.5}},"10":{"fanduel":{"odds":142,"spread":-1.5},"draftkings":{"odds":139,"spread":-1.5},"betmgm":{"odds":140,"spread":-1.5},"bovada":{"odds":145,"spread":-1.5},"williamhill_us":{"odds":140,"spread":-1.5}},"11":{"fanduel":{"odds":-162,"spread":1.5},"williamhill_us":{"odds":-160,"spread":1.5},"draftkings":{"odds":-163,"spread":1.5},"betmgm":{"odds":-155,"spread":1.5},"bovada":{"odds":-150,"spread":1.5}},"12":{"fanduel":{"odds":-166,"spread":1.5},"williamhill_us":{"odds":-170,"spread":1.5},"draftkings":{"odds":-175,"spread":1.5},"betmgm":{"odds":-175,"spread":1.5},"bovada":{"odds":-180,"spread":1.5}},"13":{"fanduel":{"odds":-111,"spread":-1.5},"williamhill_us":{"odds":-115,"spread":-1.5},"draftkings":{"odds":-115,"spread":-1.5},"betmgm":{"odds":-115,"spread":-1.5},"bovada":{"odds":-110,"spread":-1.5}},"14":{"fanduel":{"odds":118,"spread":-1.5},"williamhill_us":{"odds":118,"spread":-1.5},"draftkings":{"odds":119,"spread":-1.5},"betmgm":{"odds":120,"spread":-1.5},"bovada":{"odds":125,"spread":-1.5}}},"books_away":{"0":{"fanduel":{"odds":162,"spread":-1.5},"williamhill_us":{"odds":158,"spread":-1.5},"betmgm":{"odds":165,"spread":-1.5},"draftkings":{"odds":159,"spread":-1.5},"bovada":{"odds":-225,"spread":1.5}},"1":{"fanduel":{"odds":-108,"spread":1.5},"williamhill_us":{"odds":-105,"spread":1.5},"betmgm":{"odds":-105,"spread":1.5},"draftkings":{"odds":-105,"spread":1.5},"bovada":{"odds":-110,"spread":1.5}},"2":{"fanduel":{"odds":-137,"spread":1.5},"williamhill_us":{"odds":-130,"spread":1.5},"betmgm":{"odds":-135,"spread":1.5},"draftkings":{"odds":-131,"spread":1.5},"bovada":{"odds":-130,"spread":1.5}},"3":{"fanduel":{"odds":-162,"spread":1.5},"williamhill_us":{"odds":-160,"spread":1.5},"draftkings":{"odds":-156,"spread":1.5},"bovada":{"odds":-160,"spread":1.5}},"4":{"fanduel":{"odds":158,"spread":-1.5},"betmgm":{"odds":154,"spread":-1.5},"draftkings":{"odds":152,"spread":-1.5},"bovada":{"odds":-225,"spread":1.5},"williamhill_us":{"odds":-235,"spread":1.5}},"5":{"fanduel":{"odds":110,"spread":-1.5},"williamhill_us":{"odds":115,"spread":-1.5},"draftkings":{"odds":113,"spread":-1.5},"betmgm":{"odds":115,"spread":-1.5},"bovada":{"odds":115,"spread":-1.5}},"6":{"fanduel":{"odds":-152,"spread":1.5},"williamhill_us":{"odds":-145,"spread":1.5},"draftkings":{"odds":-149,"spread":1.5},"betmgm":{"odds":-150,"spread":1.5},"bovada":{"odds":-150,"spread":1.5}},"7":{"fanduel":{"odds":-134,"spread":1.5},"williamhill_us":{"odds":-135,"spread":1.5},"draftkings":{"odds":-136,"spread":1.5},"betmgm":{"odds":-135,"spread":1.5},"bovada":{"odds":-140,"spread":1.5}},"8":{"fanduel":{"odds":-130,"spread":1.5},"draftkings":{"odds":-131,"spread":1.5},"betmgm":{"odds":-130,"spread":1.5},"bovada":{"odds":-130,"spread":1.5},"williamhill_us":{"odds":-130,"spread":1.5}},"9":{"fanduel":{"odds":-156,"spread":1.5},"williamhill_us":{"odds":-170,"spread":1.5},"draftkings":{"odds":-171,"spread":1.5},"betmgm":{"odds":-175,"spread":1.5},"bovada":{"odds":-170,"spread":1.5}},"10":{"fanduel":{"odds":-172,"spread":1.5},"draftkings":{"odds":-168,"spread":1.5},"betmgm":{"odds":-165,"spread":1.5},"bovada":{"odds":-170,"spread":1.5},"williamhill_us":{"odds":-165,"spread":1.5}},"11":{"fanduel":{"odds":134,"spread":-1.5},"williamhill_us":{"odds":135,"spread":-1.5},"draftkings":{"odds":135,"spread":-1.5},"betmgm":{"odds":130,"spread":-1.5},"bovada":{"odds":130,"spread":-1.5}},"12":{"fanduel":{"odds":138,"spread":-1.5},"williamhill_us":{"odds":143,"spread":-1.5},"draftkings":{"odds":144,"spread":-1.5},"betmgm":{"odds":145,