{"game_id":{"0":"0e45c1c07e2b9a60ebf70c74f0180cb6","1":"8b84f5c8a8eec852cbc8ab761818b5dc","2":"eaa622d11f4b04e532bbea382e56ca52","3":"e50158ffe72f093d4037185c9d31a5eb","4":"6e7862ded6af1d5c6d82f19895ccd191","5":"6a0b76ac89fd72cc8272b53212004e44","6":"0d70750c31542bcfe935969cb9ccc66e","7":"4e58a660bb4f20467d3e4261ec9f47ba","8":"043dafafb56c1b3ebf5472c9f3fe428f","9":"253e6890f41456a41767494219509d9b"},"home_team":{"0":"Boston Red Sox","1":"Cleveland Guardians","2":"Tampa Bay Rays","3":"Miami Marlins","4":"Washington Nationals","5":"Kansas City Royals","6":"Chicago Cubs","7":"Colorado Rockies","8":"Los Angeles Angels","9":"Seattle Mariners"},"away_team":{"0":"Detroit Tigers","1":"Houston Astros","2":"Cincinnati Reds","3":"St. Louis Cardinals","4":"Atlanta Braves","5":"Baltimore Orioles","6":"Philadelphia Phillies","7":"Los Angeles Dodgers","8":"Toronto Blue Jays","9":"Athletics"},"home_spread":{"0":-1.5,"1":-1.5,"2":-1.5,"3":-1.5,"4":1.5,"5":1.5,"6":1.5,"7":1.5,"8":1.5,"9":-1.5},"away_spread":{"0":1.5,"1":-1.5,"2":-1.5,"3":1.5,"4":-1.5,"5":-1.5,"6":-1.5,"7":-2.5,"8":-1.5,"9":1.5},"best_home_odds":{"0":155,"1":185,"2":170,"3":165,"4":-118,"5":-160,"6":-170,"7":149,"8":-156,"9":135},"best_away_odds":{"0":-178,"1":165,"2":162,"3":-186,"4":110,"5":145,"6":155,"7":-130,"8":140,"9":-145},"home_cover_nv_prob":{"0":0.3798333106,"1":0.4818181818,"2":0.492481203,"3":0.3671844909,"4":0.5319879777,"5":0.6012269939,"6":0.6162046908,"7":0.4153873939,"8":0.5939086294,"9":0.4182671788},"away_cover_nv_prob":{"0":0.6201666894,"1":0.5181818182,"2":0.507518797,"3":0.6328155091,"4":0.4680120223,"5":0.3987730061,"6":0.3837953092,"7":0.5846126061,"8":0.4060913706,"9":0.5817328212},"books_home":{"0":{"fanduel":{"odds":150,"spread":-1.5},"williamhill_us":{"odds":150,"spread":-1.5},"draftkings":{"odds":149,"spread":-1.5},"betmgm":{"odds":150,"spread":-1.5},"bovada":{"odds":155,"spread":-1.5}},"1":{"fanduel":{"odds":-200,"spread":1.5},"williamhill_us":{"odds":175,"spread":-1.5},"betmgm":{"odds":-200,"spread":1.5},"draftkings":{"odds":-191,"spread":1.5},"bovada":{"odds":185,"spread":-1.5}},"2":{"fanduel":{"odds":-196,"spread":1.5},"bovada":{"odds":170,"spread":-1.5},"draftkings":{"odds":-196,"spread":1.5},"williamhill_us":{"odds":170,"spread":-1.5},"betmgm":{"odds":170,"spread":-1.5}},"3":{"fanduel":{"odds":158,"spread":-1.5},"williamhill_us":{"odds":158,"spread":-1.5},"draftkings":{"odds":153,"spread":-1.5},"betmgm":{"odds":155,"spread":-1.5},"bovada":{"odds":165,"spread":-1.5}},"4":{"fanduel":{"odds":-125,"spread":1.5},"williamhill_us":{"odds":-120,"spread":1.5},"draftkings":{"odds":-118,"spread":1.5},"betmgm":{"odds":-135,"spread":1.5},"bovada":{"odds":-125,"spread":1.5}},"5":{"fanduel":{"odds":-170,"spread":1.5},"williamhill_us":{"odds":-165,"spread":1.5},"draftkings":{"odds":-163,"spread":1.5},"betmgm":{"odds":-175,"spread":1.5},"bovada":{"odds":-160,"spread":1.5}},"6":{"fanduel":{"odds":-192,"spread":1.5},"williamhill_us":{"odds":-170,"spread":1.5},"draftkings":{"odds":-175,"spread":1.5},"betmgm":{"odds":-175,"spread":1.5},"bovada":{"odds":-180,"spread":1.5}},"7":{"fanduel":{"odds":140,"spread":1.5},"williamhill_us":{"odds":143,"spread":1.5},"draftkings":{"odds":149,"spread":1.5},"betmgm":{"odds":105,"spread":2.5},"bovada":{"odds":145,"spread":1.5}},"8":{"fanduel":{"odds":-164,"spread":1.5},"williamhill_us":{"odds":-160,"spread":1.5},"draftkings":{"odds":-156,"spread":1.5},"betmgm":{"odds":-170,"spread":1.5},"bovada":{"odds":-160,"spread":1.5}},"9":{"fanduel":{"odds":126,"spread":-1.5},"williamhill_us":{"odds":130,"spread":-1.5},"draftkings":{"odds":129,"spread":-1.5},"betmgm":{"odds":135,"spread":-1.5},"bovada":{"odds":125,"spread":-1.5}}},"books_away":{"0":{"fanduel":{"odds":-182,"spread":1.5},"williamhill_us":{"odds":-178,"spread":1.5},"draftkings":{"odds":-181,"spread":1.5},"betmgm":{"odds":-185,"spread":1.5},"bovada":{"odds":-180,"spread":1.5}},"1":{"fanduel":{"odds":164,"spread":-1.5},"williamhill_us":{"odds":-210,"spread":1.5},"betmgm":{"odds":165,"spread":-1.5},"draftkings":{"odds":157,"spread":-1.5},"bovada":{"odds":-225,"spread":1.5}},"2":{"fanduel":{"odds":162,"spread":-1.5},"bovada":{"odds":-200,"spread":1.5},"draftkings":{"odds":161,"spread":-1.5},"williamhill_us":{"odds":-205,"spread":1.5},"betmgm":{"odds":-225,"spread":1.5}},"3":{"fanduel":{"odds":-192,"spread":1.5},"williamhill_us":{"odds":-190,"spread":1.5},"draftkings":{"odds":-186,"spread":1.5},"betmgm":{"odds":-190,"spread":1.5},"bovada":{"odds":-195,"spread":1.5}},"4":{"fanduel":{"odds":104,"spread":-1.5},"williamhill_us":{"odds":100,"spread":-1.5},"draftkings":{"odds":-102,"spread":-1.5},"betmgm":{"odds":110,"spread":-1.5},"bovada":{"odds":105,"spread":-1.5}},"5":{"fanduel":{"odds":140,"spread":-1.5},"williamhill_us":{"odds":140,"spread":-1.5},"draftkings":{"odds":135,"spread":-1.5},"betmgm":{"odds":145,"spread":-1.5},"bovada":{"odds":135,"spread":-1.5}},"6":{"fanduel":{"odds":155,"spread":-1.5},"williamhill_us":{"odds":143,"spread":-1.5},"draftkings":{"odds":144,"spread":-1.5},"betmgm":{"odds":145,"spread":-1.5},"bovada":{"odds":155,"spread":-1.5}},"7":{"fanduel":{"odds":-170,"spread":-1.5},"williamhill_us":{"odds":-170,"spread":-1.5},"draftkings":{"odds":-181,"spread":-1.5},"betmgm":{"odds":-130,"spread":-2.5},"bovada":{"odds":-170,"spread":-1.5}},"8":{"fanduel":{"odds":136,"spread":-1.5},"williamhill_us":{"odds":135,"spread":-1.5},"draftkings":{"odds":129,"spread":-1.5},"betmgm":{"odds":140,"spread":-1.5},"bovada":{"odds":135,"spread":-1.5}},"9":{"fanduel":{"odds":-152,"spread":1.5},"williamhill_us":{"odds":-155,"spread":1.5},"draftkings":{"odds":-156,"spread":1.5},"betmgm":{"odds":-160,"spread":1.5},"bovada":{"odds":-145,"spread":1.5}}}}