{"game_id":{"0":"30d1ac7c8c0a6c6b760667043f6569aa","1":"f330db82278ea4535ef5b2b1571ee7d1","2":"e39af7619a05b0b5a99bc6dcd7fbc12b","3":"748d289cf73992eb235de4c4f66d4175","4":"5dde1728cec88d86d8dbbaa27a572697","5":"69d8354de162a3ae1d59bf8aa804c3ca","6":"bc75992fc84ef71ac01271077d656ba0","7":"a9a5304518c8a2714a581f284aa4cb4f","8":"2e63bbfb5214a9cb7474c49a13d013d6","9":"851336f466000da358ea664a9302c8f4","10":"e1d1d3bf816d477e6f48db9e600d48bf","11":"0addbc8d6735535fe5cf8e6aa6c955e1","12":"ae6a5b39c2617185d491849bed3ddff8","13":"f3b41be4bbb9dbffe13b5c0c9f57bb50","14":"c4b632a3318002ec947a0861f17d8583"},"home_team":{"0":"Baltimore Orioles","1":"St. Louis Cardinals","2":"Minnesota Twins","3":"Philadelphia Phillies","4":"Cincinnati Reds","5":"Detroit Tigers","6":"Pittsburgh Pirates","7":"New York Yankees","8":"Atlanta Braves","9":"Chicago White Sox","10":"Milwaukee Brewers","11":"Houston Astros","12":"Athletics","13":"San Diego Padres","14":"Los Angeles Dodgers"},"away_team":{"0":"Arizona Diamondbacks","1":"Cleveland Guardians","2":"Boston Red Sox","3":"Chicago Cubs","4":"San Francisco Giants","5":"Kansas City Royals","6":"Washington Nationals","7":"Los Angeles Angels","8":"Miami Marlins","9":"Tampa Bay Rays","10":"Toronto Blue Jays","11":"Colorado Rockies","12":"Texas Rangers","13":"Seattle Mariners","14":"New York Mets"},"home_spread":{"0":-1.5,"1":-1.5,"2":1.5,"3":-1.5,"4":1.5,"5":-1.5,"6":-1.5,"7":-1.5,"8":-1.5,"9":1.5,"10":1.5,"11":-1.5,"12":-1.5,"13":-1.5,"14":-1.5},"away_spread":{"0":1.5,"1":-1.5,"2":-1.5,"3":1.5,"4":-1.5,"5":-1.5,"6":1.5,"7":1.5,"8":1.5,"9":-1.5,"10":-1.5,"11":1.5,"12":-1.5,"13":-1.5,"14":1.5},"best_home_odds":{"0":132,"1":180,"2":-150,"3":150,"4":-170,"5":160,"6":120,"7":102,"8":130,"9":-170,"10":-165,"11":118,"12":165,"13":185,"14":100},"best_away_odds":{"0":-150,"1":168,"2":130,"3":-170,"4":150,"5":165,"6":-135,"7":-120,"8":-140,"9":150,"10":145,"11":-130,"12":155,"13":155,"14":-110},"home_cover_nv_prob":{"0":0.4180602007,"1":0.4890510949,"2":0.5798319328,"3":0.3884892086,"4":0.6115107914,"5":0.5047619048,"6":0.4417293233,"7":0.4757785467,"8":0.4270462633,"9":0.6115107914,"10":0.6040343668,"11":0.447993767,"12":0.4903846154,"13":0.4722222222,"14":0.488372093},"away_cover_nv_prob":{"0":0.5819397993,"1":0.5109489051,"2":0.4201680672,"3":0.6115107914,"4":0.3884892086,"5":0.4952380952,"6":0.5582706767,"7":0.5242214533,"8":0.5729537367,"9":0.3884892086,"10":0.3959656332,"11":0.552006233,"12":0.5096153846,"13":0.5277777778,"14":0.511627907},"books_home":{"0":{"fanduel":{"odds":132,"spread":-1.5},"draftkings":{"odds":129,"spread":-1.5},"williamhill_us":{"odds":130,"spread":-1.5},"bovada":{"odds":130,"spread":-1.5},"betmgm":{"odds":125,"spread":-1.5}},"1":{"fanduel":{"odds":-205,"spread":1.5},"draftkings":{"odds":-177,"spread":1.5},"williamhill_us":{"odds":175,"spread":-1.5},"bovada":{"odds":180,"spread":-1.5},"betmgm":{"odds":-190,"spread":1.5}},"2":{"fanduel":{"odds":-154,"spread":1.5},"draftkings":{"odds":-156,"spread":1.5},"williamhill_us":{"odds":-155,"spread":1.5},"bovada":{"odds":-150,"spread":1.5}},"3":{"fanduel":{"odds":146,"spread":-1.5},"draftkings":{"odds":144,"spread":-1.5},"williamhill_us":{"odds":143,"spread":-1.5},"bovada":{"odds":150,"spread":-1.5},"betmgm":{"odds":145,"spread":-1.5}},"4":{"fanduel":{"odds":-170,"spread":1.5},"draftkings":{"odds":-175,"spread":1.5},"williamhill_us":{"odds":-170,"spread":1.5},"bovada":{"odds":-170,"spread":1.5},"betmgm":{"odds":-185,"spread":1.5}},"5":{"fanduel":{"odds":152,"spread":-1.5},"draftkings":{"odds":159,"spread":-1.5},"williamhill_us":{"odds":158,"spread":-1.5},"bovada":{"odds":160,"spread":-1.5},"betmgm":{"odds":-220,"spread":1.5}},"6":{"draftkings":{"odds":113,"spread":-1.5},"fanduel":{"odds":114,"spread":-1.5},"williamhill_us":{"odds":115,"spread":-1.5},"betmgm":{"odds":118,"spread":-1.5},"bovada":{"odds":120,"spread":-1.5}},"7":{"draftkings":{"odds":102,"spread":-1.5},"fanduel":{"odds":100,"spread":-1.5},"williamhill_us":{"odds":100,"spread":-1.5},"betmgm":{"odds":100,"spread":-1.5},"bovada":{"odds":100,"spread":-1.5}},"8":{"fanduel":{"odds":130,"spread":-1.5},"draftkings":{"odds":123,"spread":-1.5},"williamhill_us":{"odds":122,"spread":-1.5},"bovada":{"odds":120,"spread":-1.5},"betmgm":{"odds":125,"spread":-1.5}},"9":{"fanduel":{"odds":-182,"spread":1.5},"draftkings":{"odds":-175,"spread":1.5},"williamhill_us":{"odds":-170,"spread":1.5},"bovada":{"odds":-175,"spread":1.5},"betmgm":{"odds":-180,"spread":1.5}},"10":{"fanduel":{"odds":-166,"spread":1.5},"draftkings":{"odds":-168,"spread":1.5},"williamhill_us":{"odds":-165,"spread":1.5},"betmgm":{"odds":-180,"spread":1.5},"bovada":{"odds":-165,"spread":1.5}},"11":{"fanduel":{"odds":118,"spread":-1.5},"draftkings":{"odds":109,"spread":-1.5},"williamhill_us":{"odds":110,"spread":-1.5},"betmgm":{"odds":115,"spread":-1.5},"bovada":{"odds":110,"spread":-1.5}},"12":{"fanduel":{"odds":-182,"spread":1.5},"draftkings":{"odds":-180,"spread":1.5},"williamhill_us":{"odds":158,"spread":-1.5},"bovada":{"odds":165,"spread":-1.5},"betmgm":{"odds":-190,"spread":1.5}},"13":{"fanduel":{"odds":-184,"spread":1.5},"draftkings":{"odds":-177,"spread":1.5},"williamhill_us":{"odds":180,"spread":-1.5},"bovada":{"odds":185,"spread":-1.5},"betmgm":{"odds":-190,"spread":1.5}},"14":{"fanduel":{"odds":-102,"spread":-1.5},"draftkings":{"odds":-108,"spread":-1.5},"williamhill_us":{"odds":-110,"spread":-1.5},"bovada":{"odds":100,"spread":-1.5},"betmgm":{"odds":-110,"spread":-1.5}}},"books_away":{"0":{"fanduel":{"odds":-160,"spread":1.5},"draftkings":{"odds":-156,"spread":1.5},"williamhill_us":{"odds":-155,"spread":1.5},"bovada":{"odds":-150,"spread":1.5},"betmgm":{"odds":-155,"spread":1.5}},"1":{"fanduel":{"odds":168,"spread":-1.5},"draftkings":{"odds":146,"spread":-1.5},"williamhill_us":{"odds":-210,"spread":1.5},"bovada":{"odds":-220,"spread":1.5},"betmgm":{"odds":155,"spread":-1.5}},"2":{"fanduel":{"odds":128,"spread":-1.5},"draftkings":{"odds":129,"spread":-1.5},"williamhill_us":{"odds":130,"spread":-1.5},"bovada":{"odds":130,"spread":-1.5}},"3":{"fanduel":{"odds":-176,"spread":1.5},"draftkings":{"odds":-175,"spread":1.5},"williamhill_us":{"odds":-170,"spread":1.5},"bovada":{"odds":-175,"spread":1.5},"betmgm":{"odds":-175,"spread":1.5}},"4":{"fanduel":{"odds":140,"spread":-1.5},"draftkings":{"odds":144,"spread":-1.5},"williamhill_us":{"odds":143,"spread":-1.5},"bovada":{"odds":145,"spread":-1.5},"betmgm":{"odds":150,"spread":-1.5}},"5":{"fanduel":{"odds":-184,"spread":1.5},"draftkings":{"odds":-194,"spread":1.5},"williamhill_us":{"odds":-190,"spread":1.5},"bovada":{"odds":-185,"spread":1.5},"betmgm":{"odds":165,"spread":-1.5}},"6":{"draftkings":{"odds":-136,"spread":1.5},"fanduel":{"odds":-137,"spread":1.5},"williamhill_us":{"odds":-135,"spread":1.5},"betmgm":{"odds":-145,"spread":1.5},"bovada":{"odds":-140,"spread":1.5}},"7":{"draftkings":{"odds":-122,"spread":1.5},"fanduel":{"odds":-120,"spread":1.5},"williamhill_us":{"odds":-120,"spread":1.5},"betmgm":{"odds":-120,"spread":1.5},"bovada":{"odds":-120,"spread":1.5}},"8":{"fanduel":{"odds":-156,"spread":1.5},"draftkings":{"odds":-149,"spread":1.5},"williamhill_us":{"odds":-145,"spread":1.5},"bovada":{"odds":-140,"spread":1.5},"betmgm":{"odds":-155,"spread":1.5}},"9":{"fanduel":{"odds":150,"spread":-1.5},"draftkings":{"odds":144,"spread":-1.5},"williamhill_us":{"odds":143,"spread":-1.5},"bovada":{"odds":150,"spread":-1.5},"betmgm":{"odds":145,"spread":-1.5}},"10":{"fanduel":{"odds":138,"spread":-1.5},"draftkings":{"odds":139,"spread":-1.5},"williamhill_us":{"odds":140,"spread":-1.5},"betmgm":{"odds":145,"spread":-1.5},"bovada":{"odds":140,"spread":-1.5}},"11":{"fanduel":{"odds":-142,"spread":1.5},"draftkings":{"odds":-131,"spread":1.5},"williamhill_us":{"odds":-130,"spread":1.5},"betmgm":{"odds":-140,"spread":1.5},"bovada":{"odds":-130,"spread":1.5}},"12":{"fanduel":{"odds":150,"spread":-1.5},"draftkings":{"odds":148,"spread":-1.5},"williamhill_us":{"odds":-190,"spread":1.5},"bovada":{"odds":-195,