{"game_id":{"0":"6dd8c66f2fcc65059e5f099901f4a42b","1":"0320eab1e5e078823858b2f7f29d919a","2":"08f2eded5b37b8a80dd09b88ff5a13bc","3":"adfc9cd4529fc7b4ed6fb31e0e3d714c","4":"0bf247d0cff39f586755507c71b2d50c","5":"37259b2bbe7415ecdf587502c33a932d","6":"163227043e0edc8544e84f24250fe6b3","7":"2b326f001d0f02dd0d2032f5291d9966","8":"22b2c62258204f36738be815101ba92b","9":"880e1e94ed3cbd5f07937fd05887eb09","10":"ded9b9a083989d5a8249364b1eb5a293","11":"5245e46d5b599afb14e52536df8267e9","12":"a9124c7ee5e65da688ee0e5e3c192445","13":"228dd3c2e156b75b9ed49b10de2e6765","14":"77b3529d80cffeb203543f5f2201f8ff"},"home_team":{"0":"Toronto Blue Jays","1":"Cleveland Guardians","2":"Milwaukee Brewers","3":"Athletics","4":"San Francisco Giants","5":"San Diego Padres","6":"Baltimore Orioles","7":"Pittsburgh Pirates","8":"Detroit Tigers","9":"Boston Red Sox","10":"New York Mets","11":"Chicago White Sox","12":"Kansas City Royals","13":"Texas Rangers","14":"Los Angeles Dodgers"},"away_team":{"0":"Miami Marlins","1":"Washington Nationals","2":"St. Louis Cardinals","3":"Seattle Mariners","4":"Arizona Diamondbacks","5":"Philadelphia Phillies","6":"Tampa Bay Rays","7":"Chicago Cubs","8":"Los Angeles Angels","9":"Atlanta Braves","10":"Cincinnati Reds","11":"Minnesota Twins","12":"New York Yankees","13":"Houston Astros","14":"Colorado Rockies"},"home_spread":{"0":-1.5,"1":-1.5,"2":-1.5,"3":1.5,"4":1.5,"5":1.5,"6":1.5,"7":-1.5,"8":-1.5,"9":1.5,"10":-1.5,"11":-1.5,"12":1.5,"13":-1.5,"14":-2.5},"away_spread":{"0":1.5,"1":1.5,"2":1.5,"3":-1.5,"4":-1.5,"5":-1.5,"6":-1.5,"7":-1.5,"8":-1.5,"9":-1.5,"10":-1.5,"11":1.5,"12":-1.5,"13":1.5,"14":1.5},"best_home_odds":{"0":140,"1":116,"2":140,"3":-148,"4":-155,"5":-128,"6":-170,"7":180,"8":170,"9":-160,"10":170,"11":172,"12":-120,"13":135,"14":-110},"best_away_odds":{"0":-162,"1":-130,"2":-160,"3":130,"4":135,"5":115,"6":150,"7":158,"8":167,"9":140,"10":168,"11":-195,"12":105,"13":-160,"14":147},"home_cover_nv_prob":{"0":0.4025814382,"1":0.4502740799,"2":0.4037267081,"3":0.578518015,"4":0.5882115462,"5":0.546899841,"6":0.6115107914,"7":0.4795539033,"8":0.4972067039,"9":0.5962732919,"10":0.4981412639,"11":0.3574024715,"12":0.5278969957,"13":0.4088050314,"14":0.5640440108},"away_cover_nv_prob":{"0":0.5974185618,"1":0.5497259201,"2":0.5962732919,"3":0.421481985,"4":0.4117884538,"5":0.453100159,"6":0.3884892086,"7":0.5204460967,"8":0.5027932961,"9":0.4037267081,"10":0.5018587361,"11":0.6425975285,"12":0.4721030043,"13":0.5911949686,"14":0.4359559892},"books_home":{"0":{"fanduel":{"odds":134,"spread":-1.5},"williamhill_us":{"odds":140,"spread":-1.5},"draftkings":{"odds":137,"spread":-1.5},"betmgm":{"odds":135,"spread":-1.5},"bovada":{"odds":140,"spread":-1.5}},"1":{"fanduel":{"odds":116,"spread":-1.5},"williamhill_us":{"odds":110,"spread":-1.5},"draftkings":{"odds":112,"spread":-1.5},"betmgm":{"odds":110,"spread":-1.5},"bovada":{"odds":115,"spread":-1.5}},"2":{"fanduel":{"odds":136,"spread":-1.5},"bovada":{"odds":140,"spread":-1.5},"williamhill_us":{"odds":140,"spread":-1.5},"draftkings":{"odds":139,"spread":-1.5},"betmgm":{"odds":135,"spread":-1.5}},"3":{"fanduel":{"odds":-152,"spread":1.5},"bovada":{"odds":-150,"spread":1.5},"draftkings":{"odds":-148,"spread":1.5},"williamhill_us":{"odds":-155,"spread":1.5},"betmgm":{"odds":-155,"spread":1.5}},"4":{"fanduel":{"odds":-162,"spread":1.5},"williamhill_us":{"odds":-155,"spread":1.5},"draftkings":{"odds":-157,"spread":1.5},"betmgm":{"odds":-155,"spread":1.5},"bovada":{"odds":-160,"spread":1.5}},"5":{"fanduel":{"odds":-128,"spread":1.5},"williamhill_us":{"odds":-130,"spread":1.5},"draftkings":{"odds":-136,"spread":1.5},"betmgm":{"odds":-135,"spread":1.5},"bovada":{"odds":-135,"spread":1.5}},"6":{"draftkings":{"odds":-181,"spread":1.5},"williamhill_us":{"odds":-178,"spread":1.5},"betmgm":{"odds":-180,"spread":1.5},"fanduel":{"odds":-176,"spread":1.5},"bovada":{"odds":-170,"spread":1.5}},"7":{"fanduel":{"odds":-192,"spread":1.5},"williamhill_us":{"odds":175,"spread":-1.5},"draftkings":{"odds":-171,"spread":1.5},"betmgm":{"odds":-185,"spread":1.5},"bovada":{"odds":180,"spread":-1.5}},"8":{"fanduel":{"odds":168,"spread":-1.5},"williamhill_us":{"odds":170,"spread":-1.5},"draftkings":{"odds":-204,"spread":1.5},"betmgm":{"odds":165,"spread":-1.5},"bovada":{"odds":170,"spread":-1.5}},"9":{"fanduel":{"odds":-160,"spread":1.5},"williamhill_us":{"odds":-165,"spread":1.5},"draftkings":{"odds":-167,"spread":1.5},"betmgm":{"odds":-170,"spread":1.5},"bovada":{"odds":-160,"spread":1.5}},"10":{"fanduel":{"odds":-205,"spread":1.5},"bovada":{"odds":170,"spread":-1.5},"draftkings":{"odds":-189,"spread":1.5},"williamhill_us":{"odds":170,"spread":-1.5},"betmgm":{"odds":-200,"spread":1.5}},"11":{"fanduel":{"odds":172,"spread":-1.5},"draftkings":{"odds":163,"spread":-1.5},"williamhill_us":{"odds":162,"spread":-1.5},"bovada":{"odds":165,"spread":-1.5}},"12":{"fanduel":{"odds":-126,"spread":1.5},"williamhill_us":{"odds":-125,"spread":1.5},"draftkings":{"odds":-122,"spread":1.5},"betmgm":{"odds":-125,"spread":1.5},"bovada":{"odds":-120,"spread":1.5}},"13":{"fanduel":{"odds":134,"spread":-1.5},"williamhill_us":{"odds":135,"spread":-1.5},"draftkings":{"odds":134,"spread":-1.5},"betmgm":{"odds":135,"spread":-1.5},"bovada":{"odds":135,"spread":-1.5}},"14":{"fanduel":{"odds":-172,"spread":-1.5},"williamhill_us":{"odds":-170,"spread":-1.5},"draftkings":{"odds":-178,"spread":-1.5},"betmgm":{"odds":-110,"spread":-2.5},"bovada":{"odds":-165,"spread":-1.5}}},"books_away":{"0":{"fanduel":{"odds":-162,"spread":1.5},"williamhill_us":{"odds":-165,"spread":1.5},"draftkings":{"odds":-167,"spread":1.5},"betmgm":{"odds":-165,"spread":1.5},"bovada":{"odds":-165,"spread":1.5}},"1":{"fanduel":{"odds":-140,"spread":1.5},"williamhill_us":{"odds":-130,"spread":1.5},"draftkings":{"odds":-135,"spread":1.5},"betmgm":{"odds":-135,"spread":1.5},"bovada":{"odds":-135,"spread":1.5}},"2":{"fanduel":{"odds":-164,"spread":1.5},"bovada":{"odds":-165,"spread":1.5},"williamhill_us":{"odds":-165,"spread":1.5},"draftkings":{"odds":-168,"spread":1.5},"betmgm":{"odds":-160,"spread":1.5}},"3":{"fanduel":{"odds":126,"spread":-1.5},"bovada":{"odds":130,"spread":-1.5},"draftkings":{"odds":123,"spread":-1.5},"williamhill_us":{"odds":130,"spread":-1.5},"betmgm":{"odds":125,"spread":-1.5}},"4":{"fanduel":{"odds":134,"spread":-1.5},"williamhill_us":{"odds":130,"spread":-1.5},"draftkings":{"odds":130,"spread":-1.5},"betmgm":{"odds":125,"spread":-1.5},"bovada":{"odds":135,"spread":-1.5}},"5":{"fanduel":{"odds":106,"spread":-1.5},"williamhill_us":{"odds":110,"spread":-1.5},"draftkings":{"odds":113,"spread":-1.5},"betmgm":{"odds":110,"spread":-1.5},"bovada":{"odds":115,"spread":-1.5}},"6":{"draftkings":{"odds":149,"spread":-1.5},"williamhill_us":{"odds":150,"spread":-1.5},"betmgm":{"odds":145,"spread":-1.5},"fanduel":{"odds":146,"spread":-1.5},"bovada":{"odds":145,"spread":-1.5}},"7":{"fanduel":{"odds":158,"spread":-1.5},"williamhill_us":{"odds":-210,"spread":1.5},"draftkings":{"odds":141,"spread":-1.5},"betmgm":{"odds":150,"spread":-1.5},"bovada":{"odds":-220,"spread":1.5}},"8":{"fanduel":{"odds":-205,"spread":1.5},"williamhill_us":{"odds":-205,"spread":1.5},"draftkings":{"odds":167,"spread":-1.5},"betmgm":{"odds":-200,"spread":1.5},"bovada":{"odds":-200,"spread":1.5}},"9":{"fanduel":{"odds":132,"spread":-1.5},"williamhill_us":{"odds":140,"spread":-1.5},"draftkings":{"odds":138,"spread":-1.5},"betmgm":{"odds":140,"spread":-1.5},"bovada":{"odds":135,"spread":-1.5}},"10":{"fanduel":{"odds":168,"spread":-1.5},"bovada":{"odds":-200,"spread":1.5},"draftkings":{"odds":155,"spread":-1.5},"williamhill_us":{"odds":-205,"spread":1.5},"betmgm":{"odds":165,"spread":-1.5}},"11":{"fanduel":{"odds":-205,"spread":1.5},"draftkings":{"odds":-199,"spread":1.5},"williamhill_us":{"odds":-195,"spread":1.5},"bovada":{"odds":-195,"spread":1.5}},"12":{"fanduel":{"odds":105,"spread":-1.5},"williamhill_us":{"odds":105,"spread":-1.5},"draftkings":{"odds":102,"spread":-1.5},"betmgm":{"odds":105,