{"game_id":{"0":"8f76a0f8197d7420bf1e1eb9f5d94159","1":"8ba83a5fb0f9d2b93807e073204a5850","2":"a0dbb7bbd28b837d0732bfad7f975e9f","3":"21eff9bb5b8451ea2abb9e638ed600e3","4":"5dfa37c10be5e8b012bf4fe64b302fa3","5":"77284803e3bb753f121e4c2b4a20ea8e","6":"51cce7bcf24220f34920f5fc8ae977d5","7":"bd13c90444ac849f846564fe0fa941e7","8":"2acc5473be6d726025c973a3d148e6b0"},"home_team":{"0":"Philadelphia Phillies","1":"Boston Red Sox","2":"New York Yankees","3":"Milwaukee Brewers","4":"Atlanta Braves","5":"Minnesota Twins","6":"Chicago Cubs","7":"Houston Astros","8":"Arizona Diamondbacks"},"away_team":{"0":"San Diego Padres","1":"Baltimore Orioles","2":"Cleveland Guardians","3":"San Francisco Giants","4":"Toronto Blue Jays","5":"Kansas City Royals","6":"Athletics","7":"Pittsburgh Pirates","8":"Los Angeles Dodgers"},"home_spread":{"0":-1.5,"1":-1.5,"2":-1.5,"3":-1.5,"4":-1.5,"5":1.5,"6":-1.5,"7":-1.5,"8":1.5},"away_spread":{"0":1.5,"1":-1.5,"2":1.5,"3":1.5,"4":1.5,"5":-1.5,"6":1.5,"7":-1.5,"8":-1.5},"best_home_odds":{"0":105,"1":158,"2":125,"3":110,"4":105,"5":-160,"6":150,"7":180,"8":-135},"best_away_odds":{"0":-118,"1":155,"2":-144,"3":-120,"4":-120,"5":140,"6":-170,"7":155,"8":118},"home_cover_nv_prob":{"0":0.4740160905,"1":0.4970760234,"2":0.4295774648,"3":0.4661016949,"4":0.4721030043,"5":0.5962732919,"6":0.3884892086,"7":0.476635514,"8":0.5560173814},"away_cover_nv_prob":{"0":0.5259839095,"1":0.5029239766,"2":0.5704225352,"3":0.5338983051,"4":0.5278969957,"5":0.4037267081,"6":0.6115107914,"7":0.523364486,"8":0.4439826186},"books_home":{"0":{"fanduel":{"odds":-102,"spread":-1.5},"bovada":{"odds":105,"spread":-1.5},"draftkings":{"odds":105,"spread":-1.5},"betmgm":{"odds":100,"spread":-1.5},"williamhill_us":{"odds":100,"spread":-1.5}},"1":{"fanduel":{"odds":-182,"spread":1.5},"bovada":{"odds":-180,"spread":1.5},"williamhill_us":{"odds":158,"spread":-1.5},"draftkings":{"odds":-184,"spread":1.5},"betmgm":{"odds":-185,"spread":1.5}},"2":{"fanduel":{"odds":120,"spread":-1.5},"bovada":{"odds":125,"spread":-1.5},"williamhill_us":{"odds":122,"spread":-1.5},"draftkings":{"odds":123,"spread":-1.5},"betmgm":{"odds":125,"spread":-1.5}},"3":{"fanduel":{"odds":110,"spread":-1.5},"bovada":{"odds":100,"spread":-1.5},"draftkings":{"odds":104,"spread":-1.5},"williamhill_us":{"odds":100,"spread":-1.5},"betmgm":{"odds":105,"spread":-1.5}},"4":{"fanduel":{"odds":104,"spread":-1.5},"bovada":{"odds":100,"spread":-1.5},"draftkings":{"odds":104,"spread":-1.5},"williamhill_us":{"odds":100,"spread":-1.5},"betmgm":{"odds":105,"spread":-1.5}},"5":{"fanduel":{"odds":-164,"spread":1.5},"bovada":{"odds":-165,"spread":1.5},"williamhill_us":{"odds":-160,"spread":1.5},"draftkings":{"odds":-163,"spread":1.5}},"6":{"fanduel":{"odds":146,"spread":-1.5},"bovada":{"odds":150,"spread":-1.5},"williamhill_us":{"odds":143,"spread":-1.5},"draftkings":{"odds":144,"spread":-1.5},"betmgm":{"odds":145,"spread":-1.5}},"7":{"fanduel":{"odds":-178,"spread":1.5},"bovada":{"odds":180,"spread":-1.5},"williamhill_us":{"odds":175,"spread":-1.5},"draftkings":{"odds":-182,"spread":1.5},"betmgm":{"odds":-190,"spread":1.5}},"8":{"fanduel":{"odds":-142,"spread":1.5},"bovada":{"odds":-135,"spread":1.5},"williamhill_us":{"odds":-135,"spread":1.5},"draftkings":{"odds":-136,"spread":1.5},"betmgm":{"odds":-140,"spread":1.5}}},"books_away":{"0":{"fanduel":{"odds":-118,"spread":1.5},"bovada":{"odds":-125,"spread":1.5},"draftkings":{"odds":-126,"spread":1.5},"betmgm":{"odds":-120,"spread":1.5},"williamhill_us":{"odds":-120,"spread":1.5}},"1":{"fanduel":{"odds":150,"spread":-1.5},"bovada":{"odds":155,"spread":-1.5},"williamhill_us":{"odds":-190,"spread":1.5},"draftkings":{"odds":151,"spread":-1.5},"betmgm":{"odds":150,"spread":-1.5}},"2":{"fanduel":{"odds":-144,"spread":1.5},"bovada":{"odds":-145,"spread":1.5},"williamhill_us":{"odds":-145,"spread":1.5},"draftkings":{"odds":-149,"spread":1.5},"betmgm":{"odds":-155,"spread":1.5}},"3":{"fanduel":{"odds":-132,"spread":1.5},"bovada":{"odds":-120,"spread":1.5},"draftkings":{"odds":-126,"spread":1.5},"williamhill_us":{"odds":-120,"spread":1.5},"betmgm":{"odds":-125,"spread":1.5}},"4":{"fanduel":{"odds":-125,"spread":1.5},"bovada":{"odds":-120,"spread":1.5},"draftkings":{"odds":-126,"spread":1.5},"williamhill_us":{"odds":-120,"spread":1.5},"betmgm":{"odds":-125,"spread":1.5}},"5":{"fanduel":{"odds":136,"spread":-1.5},"bovada":{"odds":140,"spread":-1.5},"williamhill_us":{"odds":135,"spread":-1.5},"draftkings":{"odds":135,"spread":-1.5}},"6":{"fanduel":{"odds":-178,"spread":1.5},"bovada":{"odds":-175,"spread":1.5},"williamhill_us":{"odds":-170,"spread":1.5},"draftkings":{"odds":-175,"spread":1.5},"betmgm":{"odds":-175,"spread":1.5}},"7":{"fanduel":{"odds":146,"spread":-1.5},"bovada":{"odds":-220,"spread":1.5},"williamhill_us":{"odds":-210,"spread":1.5},"draftkings":{"odds":150,"spread":-1.5},"betmgm":{"odds":155,"spread":-1.5}},"8":{"fanduel":{"odds":118,"spread":-1.5},"bovada":{"odds":115,"spread":-1.5},"williamhill_us":{"odds":115,"spread":-1.5},"draftkings":{"odds":113,"spread":-1.5},"betmgm":{"odds":115,"spread":-1.5}}}}