{"game_id":{"0":"32248ad614446ff9ecba4120375bb93d","1":"eb5e5ee05cf9e2c9e3df8f51d9835b52","2":"f9bc114c35828121793d26f1d0d40338","3":"a469364d09b62046dd2c9d0acf413e9b","4":"f451d4c00cab2b041332088186c10c3c","5":"71bed1a7ce55f688df69c714d2376fe7","6":"224916189ace451ec4c3a758ac5d3b0d","7":"5c57e8c626d8c6627101848a75f83307","8":"d4c3dbfeab9d45e50dea2e86b3da477a","9":"4331dd522336be02de34b61018be0cc9","10":"6f2e9ec22774fd2d53ca6ed64f1ec7e5","11":"99cbbfbfd9560db3b77799bea7dfc475","12":"153461ac6d07b9cf3c047b0052a27400","13":"4c46549aafa11d0400c4c8c87e755dda","14":"a69ddb925b6880022ed2ad0e0f2787fd"},"home_team":{"0":"Chicago Cubs","1":"Detroit Tigers","2":"Pittsburgh Pirates","3":"Washington Nationals","4":"New York Yankees","5":"Boston Red Sox","6":"Miami Marlins","7":"Tampa Bay Rays","8":"Minnesota Twins","9":"St. Louis Cardinals","10":"Colorado Rockies","11":"Los Angeles Angels","12":"Athletics","13":"San Diego Padres","14":"Seattle Mariners"},"away_team":{"0":"Arizona Diamondbacks","1":"Texas Rangers","2":"Cincinnati Reds","3":"Milwaukee Brewers","4":"Baltimore Orioles","5":"Houston Astros","6":"Philadelphia Phillies","7":"San Francisco Giants","8":"Toronto Blue Jays","9":"Los Angeles Dodgers","10":"Atlanta Braves","11":"New York Mets","12":"Cleveland Guardians","13":"Chicago White Sox","14":"Kansas City Royals"},"home_spread":{"0":-1.5,"1":-1.5,"2":-1.5,"3":1.5,"4":-1.5,"5":-1.5,"6":1.5,"7":-1.5,"8":-1.5,"9":1.5,"10":1.5,"11":1.5,"12":-1.5,"13":-1.5,"14":-1.5},"away_spread":{"0":1.5,"1":-1.5,"2":1.5,"3":-1.5,"4":1.5,"5":-1.5,"6":-1.5,"7":1.5,"8":-1.5,"9":-1.5,"10":-2.5,"11":-1.5,"12":-1.5,"13":1.5,"14":1.5},"best_home_odds":{"0":165,"1":175,"2":165,"3":-125,"4":120,"5":165,"6":-160,"7":158,"8":180,"9":-110,"10":102,"11":-150,"12":175,"13":145,"14":146},"best_away_odds":{"0":-184,"1":165,"2":-184,"3":110,"4":-135,"5":160,"6":146,"7":-175,"8":160,"9":100,"10":105,"11":130,"12":150,"13":-164,"14":-170},"home_cover_nv_prob":{"0":0.3680663556,"1":0.4907407407,"2":0.3680663556,"3":0.5384615385,"4":0.4417293233,"5":0.4952380952,"6":0.6022031824,"7":0.3785271851,"8":0.4814814815,"9":0.511627907,"10":0.5036855037,"11":0.5798319328,"12":0.4761904762,"13":0.3965154701,"14":0.3923278117},"away_cover_nv_prob":{"0":0.6319336444,"1":0.5092592593,"2":0.6319336444,"3":0.4615384615,"4":0.5582706767,"5":0.5047619048,"6":0.3977968176,"7":0.6214728149,"8":0.5185185185,"9":0.488372093,"10":0.4963144963,"11":0.4201680672,"12":0.5238095238,"13":0.6034845299,"14":0.6076721883},"books_home":{"0":{"fanduel":{"odds":152,"spread":-1.5},"williamhill_us":{"odds":158,"spread":-1.5},"draftkings":{"odds":153,"spread":-1.5},"betmgm":{"odds":165,"spread":-1.5},"bovada":{"odds":165,"spread":-1.5}},"1":{"fanduel":{"odds":-200,"spread":1.5},"williamhill_us":{"odds":175,"spread":-1.5},"draftkings":{"odds":-192,"spread":1.5},"bovada":{"odds":175,"spread":-1.5},"betmgm":{"odds":-200,"spread":1.5}},"2":{"fanduel":{"odds":152,"spread":-1.5},"williamhill_us":{"odds":158,"spread":-1.5},"draftkings":{"odds":159,"spread":-1.5},"bovada":{"odds":160,"spread":-1.5},"betmgm":{"odds":165,"spread":-1.5}},"3":{"fanduel":{"odds":-128,"spread":1.5},"williamhill_us":{"odds":-130,"spread":1.5},"draftkings":{"odds":-131,"spread":1.5},"bovada":{"odds":-130,"spread":1.5},"betmgm":{"odds":-125,"spread":1.5}},"4":{"fanduel":{"odds":116,"spread":-1.5},"draftkings":{"odds":113,"spread":-1.5},"williamhill_us":{"odds":115,"spread":-1.5},"betmgm":{"odds":115,"spread":-1.5},"bovada":{"odds":120,"spread":-1.5}},"5":{"fanduel":{"odds":-194,"spread":1.5},"draftkings":{"odds":159,"spread":-1.5},"williamhill_us":{"odds":158,"spread":-1.5},"bovada":{"odds":165,"spread":-1.5},"betmgm":{"odds":160,"spread":-1.5}},"6":{"fanduel":{"odds":-176,"spread":1.5},"draftkings":{"odds":-163,"spread":1.5},"williamhill_us":{"odds":-160,"spread":1.5},"bovada":{"odds":-165,"spread":1.5},"betmgm":{"odds":-170,"spread":1.5}},"7":{"fanduel":{"odds":146,"spread":-1.5},"draftkings":{"odds":153,"spread":-1.5},"williamhill_us":{"odds":158,"spread":-1.5},"betmgm":{"odds":155,"spread":-1.5},"bovada":{"odds":150,"spread":-1.5}},"8":{"fanduel":{"odds":-194,"spread":1.5},"williamhill_us":{"odds":180,"spread":-1.5},"draftkings":{"odds":-173,"spread":1.5},"bovada":{"odds":180,"spread":-1.5}},"9":{"fanduel":{"odds":-113,"spread":1.5},"williamhill_us":{"odds":-110,"spread":1.5},"bovada":{"odds":-120,"spread":1.5},"draftkings":{"odds":-112,"spread":1.5},"betmgm":{"odds":-110,"spread":1.5}},"10":{"fanduel":{"odds":-102,"spread":1.5},"williamhill_us":{"odds":100,"spread":1.5},"draftkings":{"odds":102,"spread":1.5},"bovada":{"odds":100,"spread":1.5},"betmgm":{"odds":-140,"spread":2.5}},"11":{"fanduel":{"odds":-152,"spread":1.5},"williamhill_us":{"odds":-155,"spread":1.5},"draftkings":{"odds":-156,"spread":1.5},"betmgm":{"odds":-155,"spread":1.5},"bovada":{"odds":-150,"spread":1.5}},"12":{"fanduel":{"odds":-178,"spread":1.5},"draftkings":{"odds":-172,"spread":1.5},"williamhill_us":{"odds":175,"spread":-1.5},"bovada":{"odds":175,"spread":-1.5},"betmgm":{"odds":-185,"spread":1.5}},"13":{"fanduel":{"odds":136,"spread":-1.5},"williamhill_us":{"odds":143,"spread":-1.5},"draftkings":{"odds":141,"spread":-1.5},"bovada":{"odds":145,"spread":-1.5},"betmgm":{"odds":145,"spread":-1.5}},"14":{"fanduel":{"odds":146,"spread":-1.5},"betmgm":{"odds":145,"spread":-1.5},"williamhill_us":{"odds":143,"spread":-1.5},"draftkings":{"odds":141,"spread":-1.5},"bovada":{"odds":145,"spread":-1.5}}},"books_away":{"0":{"fanduel":{"odds":-184,"spread":1.5},"williamhill_us":{"odds":-190,"spread":1.5},"draftkings":{"odds":-186,"spread":1.5},"betmgm":{"odds":-200,"spread":1.5},"bovada":{"odds":-195,"spread":1.5}},"1":{"fanduel":{"odds":164,"spread":-1.5},"williamhill_us":{"odds":-210,"spread":1.5},"draftkings":{"odds":157,"spread":-1.5},"bovada":{"odds":-210,"spread":1.5},"betmgm":{"odds":165,"spread":-1.5}},"2":{"fanduel":{"odds":-184,"spread":1.5},"williamhill_us":{"odds":-190,"spread":1.5},"draftkings":{"odds":-193,"spread":1.5},"bovada":{"odds":-185,"spread":1.5},"betmgm":{"odds":-200,"spread":1.5}},"3":{"fanduel":{"odds":108,"spread":-1.5},"williamhill_us":{"odds":110,"spread":-1.5},"draftkings":{"odds":109,"spread":-1.5},"bovada":{"odds":110,"spread":-1.5},"betmgm":{"odds":105,"spread":-1.5}},"4":{"fanduel":{"odds":-140,"spread":1.5},"draftkings":{"odds":-136,"spread":1.5},"williamhill_us":{"odds":-135,"spread":1.5},"betmgm":{"odds":-140,"spread":1.5},"bovada":{"odds":-140,"spread":1.5}},"5":{"fanduel":{"odds":160,"spread":-1.5},"draftkings":{"odds":-194,"spread":1.5},"williamhill_us":{"odds":-190,"spread":1.5},"bovada":{"odds":-195,"spread":1.5},"betmgm":{"odds":-210,"spread":1.5}},"6":{"fanduel":{"odds":146,"spread":-1.5},"draftkings":{"odds":135,"spread":-1.5},"williamhill_us":{"odds":135,"spread":-1.5},"bovada":{"odds":140,"spread":-1.5},"betmgm":{"odds":140,"spread":-1.5}},"7":{"fanduel":{"odds":-178,"spread":1.5},"draftkings":{"odds":-186,"spread":1.5},"williamhill_us":{"odds":-190,"spread":1.5},"betmgm":{"odds":-190,"spread":1.5},"bovada":{"odds":-175,"spread":1.5}},"8":{"fanduel":{"odds":160,"spread":-1.5},"williamhill_us":{"odds":-220,"spread":1.5},"draftkings":{"odds":142,"spread":-1.5},"bovada":{"odds":-220,"spread":1.5}},"9":{"fanduel":{"odds":-106,"spread":-1.5},"williamhill_us":{"odds":-110,"spread":-1.5},"bovada":{"odds":100,"spread":-1.5},"draftkings":{"odds":-108,"spread":-1.5},"betmgm":{"odds":-110,"spread":-1.5}},"10":{"fanduel":{"odds":-118,"spread":-1.5},"williamhill_us":{"odds":-120,"spread":-1.5},"draftkings":{"odds":-122,"spread":-1.5},"bovada":{"odds":-120,"spread":-1.5},"betmgm":{"odds":105,"spread":-2.5}},"11":{"fanduel":{"odds":126,"spread":-1.5},"williamhill_us":{"odds":130,"spread":-1.5},"draftkings":{"odds":129,"spread":-1.5},"betmgm":{"odds":130,"spread":-1.5},"bovada":{"odds":130,"spread":-1.5}},"12":{"fanduel":{"odds":146,"spread":-1.5},"draftkings":{"odds":142,"spread":-1.5},"williamhill_us":{"odds":-210,"spread":1.5},"bovada":{"odds":-210,