{"game_id":{"0":"76bea7124df1feb6b3f3a11292d41157","1":"8d5a08315d4db8e350ce94bb65f91c0b","2":"2167fbe64e2ec78d184d2dfe0b94ac02","3":"b2ba85e7ee80f20971faf8f275bcfb90","4":"c35d300c49e37e20f594b68819c65af4","5":"96d5d5f79ecf6da3f4476ede6c7c5be2","6":"e72272fad7813989b91104d828e36032","7":"9d5fd110499e6b1d6f77bbf502fd6570","8":"2d1b7c93683707610697cb82155f1c21"},"home_team":{"0":"Tampa Bay Rays","1":"Pittsburgh Pirates","2":"San Francisco Giants","3":"Detroit Tigers","4":"Washington Nationals","5":"Toronto Blue Jays","6":"Boston Red Sox","7":"New York Mets","8":"St. Louis Cardinals"},"away_team":{"0":"Kansas City Royals","1":"Seattle Mariners","2":"Athletics","3":"Houston Astros","4":"Philadelphia Phillies","5":"Texas Rangers","6":"New York Yankees","7":"Chicago Cubs","8":"Arizona Diamondbacks"},"home_spread":{"0":-1.5,"1":1.5,"2":-1.5,"3":-1.5,"4":1.5,"5":-1.5,"6":1.5,"7":1.5,"8":-1.5},"away_spread":{"0":1.5,"1":-1.5,"2":1.5,"3":-1.5,"4":-1.5,"5":1.5,"6":-1.5,"7":-1.5,"8":1.5},"best_home_odds":{"0":152,"1":-135,"2":158,"3":175,"4":-102,"5":146,"6":-125,"7":-180,"8":162},"best_away_odds":{"0":-172,"1":120,"2":-178,"3":158,"4":-110,"5":-170,"6":112,"7":158,"8":-175},"home_cover_nv_prob":{"0":0.3855749603,"1":0.5582706767,"2":0.37708209,"3":0.4840525328,"4":0.4908340972,"5":0.3923278117,"6":0.5408163265,"7":0.6238581408,"8":0.3749147921},"away_cover_nv_prob":{"0":0.6144250397,"1":0.4417293233,"2":0.62291791,"3":0.5159474672,"4":0.5091659028,"5":0.6076721883,"6":0.4591836735,"7":0.3761418592,"8":0.6250852079},"books_home":{"0":{"fanduel":{"odds":140,"spread":-1.5},"williamhill_us":{"odds":150,"spread":-1.5},"draftkings":{"odds":152,"spread":-1.5},"betmgm":{"odds":150,"spread":-1.5},"bovada":{"odds":150,"spread":-1.5}},"1":{"fanduel":{"odds":-144,"spread":1.5},"williamhill_us":{"odds":-135,"spread":1.5},"draftkings":{"odds":-137,"spread":1.5},"betmgm":{"odds":-140,"spread":1.5},"bovada":{"odds":-135,"spread":1.5}},"2":{"fanduel":{"odds":146,"spread":-1.5},"williamhill_us":{"odds":158,"spread":-1.5},"draftkings":{"odds":153,"spread":-1.5},"betmgm":{"odds":150,"spread":-1.5},"bovada":{"odds":155,"spread":-1.5}},"3":{"fanduel":{"odds":-192,"spread":1.5},"williamhill_us":{"odds":170,"spread":-1.5},"draftkings":{"odds":-192,"spread":1.5},"betmgm":{"odds":-190,"spread":1.5},"bovada":{"odds":175,"spread":-1.5}},"4":{"fanduel":{"odds":-102,"spread":1.5},"williamhill_us":{"odds":-105,"spread":1.5},"draftkings":{"odds":-109,"spread":1.5},"betmgm":{"odds":-105,"spread":1.5},"bovada":{"odds":-110,"spread":1.5}},"5":{"fanduel":{"odds":146,"spread":-1.5},"draftkings":{"odds":141,"spread":-1.5},"williamhill_us":{"odds":143,"spread":-1.5},"betmgm":{"odds":140,"spread":-1.5},"bovada":{"odds":145,"spread":-1.5}},"6":{"fanduel":{"odds":-134,"spread":1.5},"draftkings":{"odds":-134,"spread":1.5},"williamhill_us":{"odds":-125,"spread":1.5},"betmgm":{"odds":-135,"spread":1.5},"bovada":{"odds":-125,"spread":1.5}},"7":{"fanduel":{"odds":-188,"spread":1.5},"williamhill_us":{"odds":-190,"spread":1.5},"draftkings":{"odds":-188,"spread":1.5},"betmgm":{"odds":-190,"spread":1.5},"bovada":{"odds":-180,"spread":1.5}},"8":{"fanduel":{"odds":162,"spread":-1.5},"williamhill_us":{"odds":158,"spread":-1.5},"draftkings":{"odds":153,"spread":-1.5},"betmgm":{"odds":155,"spread":-1.5},"bovada":{"odds":150,"spread":-1.5}}},"books_away":{"0":{"fanduel":{"odds":-172,"spread":1.5},"williamhill_us":{"odds":-178,"spread":1.5},"draftkings":{"odds":-185,"spread":1.5},"betmgm":{"odds":-185,"spread":1.5},"bovada":{"odds":-175,"spread":1.5}},"1":{"fanduel":{"odds":120,"spread":-1.5},"williamhill_us":{"odds":115,"spread":-1.5},"draftkings":{"odds":114,"spread":-1.5},"betmgm":{"odds":115,"spread":-1.5},"bovada":{"odds":115,"spread":-1.5}},"2":{"fanduel":{"odds":-178,"spread":1.5},"williamhill_us":{"odds":-190,"spread":1.5},"draftkings":{"odds":-186,"spread":1.5},"betmgm":{"odds":-185,"spread":1.5},"bovada":{"odds":-180,"spread":1.5}},"3":{"fanduel":{"odds":158,"spread":-1.5},"williamhill_us":{"odds":-205,"spread":1.5},"draftkings":{"odds":158,"spread":-1.5},"betmgm":{"odds":155,"spread":-1.5},"bovada":{"odds":-210,"spread":1.5}},"4":{"fanduel":{"odds":-118,"spread":-1.5},"williamhill_us":{"odds":-115,"spread":-1.5},"draftkings":{"odds":-110,"spread":-1.5},"betmgm":{"odds":-115,"spread":-1.5},"bovada":{"odds":-110,"spread":-1.5}},"5":{"fanduel":{"odds":-178,"spread":1.5},"draftkings":{"odds":-171,"spread":1.5},"williamhill_us":{"odds":-170,"spread":1.5},"betmgm":{"odds":-170,"spread":1.5},"bovada":{"odds":-170,"spread":1.5}},"6":{"fanduel":{"odds":112,"spread":-1.5},"draftkings":{"odds":111,"spread":-1.5},"williamhill_us":{"odds":105,"spread":-1.5},"betmgm":{"odds":110,"spread":-1.5},"bovada":{"odds":105,"spread":-1.5}},"7":{"fanduel":{"odds":155,"spread":-1.5},"williamhill_us":{"odds":158,"spread":-1.5},"draftkings":{"odds":154,"spread":-1.5},"betmgm":{"odds":155,"spread":-1.5},"bovada":{"odds":155,"spread":-1.5}},"8":{"fanduel":{"odds":-196,"spread":1.5},"williamhill_us":{"odds":-190,"spread":1.5},"draftkings":{"odds":-186,"spread":1.5},"betmgm":{"odds":-190,"spread":1.5},"bovada":{"odds":-175,"spread":1.5}}}}