{"game_id":{"0":"7ce8052d582c63369d747ada9789999a","1":"c9a00e16ad4a9457d7ddfb97d41e2ac1","2":"a8456ab9e0bb66a215e97973838e0a7e","3":"f37f3b31cc1e8798404f149f5cca8494","4":"b3fe86e4b6f4605995c54e4c12a958e5","5":"d4be852be249fd2a6f5d1de94a10880c","6":"2777b2345a6c8d7177d741ef3e01b6c6","7":"4672651bc699e5e7d171bfaacb7324e8","8":"5c3f6ef1c09e80c734a171c46737c476","9":"43d9adc1df4b9b52dda09d965481edc2","10":"ef470d863beab92055c4bbad98ea07f8","11":"93bdd51f4e57b795632604aa754b99ab","12":"69bd19e894cc705c6657f68926527301","13":"e1bd8f83dee29f4b09de44161ad6a9da","14":"cda7a740583616fc1219815601f132ab"},"home_team":{"0":"Baltimore Orioles","1":"Pittsburgh Pirates","2":"Washington Nationals","3":"Cincinnati Reds","4":"Cleveland Guardians","5":"Tampa Bay Rays","6":"New York Mets","7":"Chicago White Sox","8":"Houston Astros","9":"Texas Rangers","10":"Colorado Rockies","11":"Athletics","12":"Seattle Mariners","13":"Los Angeles Dodgers","14":"St. Louis Cardinals"},"away_team":{"0":"Toronto Blue Jays","1":"Minnesota Twins","2":"San Diego Padres","3":"Atlanta Braves","4":"Boston Red Sox","5":"Los Angeles Angels","6":"Miami Marlins","7":"Detroit Tigers","8":"Milwaukee Brewers","9":"Kansas City Royals","10":"San Francisco Giants","11":"New York Yankees","12":"Arizona Diamondbacks","13":"Philadelphia Phillies","14":"Chicago Cubs"},"home_spread":{"0":-1.5,"1":-1.5,"2":1.5,"3":1.5,"4":-1.5,"5":-1.5,"6":-1.5,"7":-1.5,"8":1.5,"9":-1.5,"10":1.5,"11":1.5,"12":-1.5,"13":-1.5,"14":1.5},"away_spread":{"0":1.5,"1":1.5,"2":-1.5,"3":-1.5,"4":-1.5,"5":1.5,"6":1.5,"7":1.5,"8":-1.5,"9":-1.5,"10":-1.5,"11":-1.5,"12":1.5,"13":1.5,"14":-1.5},"best_home_odds":{"0":170,"1":140,"2":-140,"3":-130,"4":200,"5":114,"6":140,"7":165,"8":-105,"9":185,"10":-140,"11":-111,"12":145,"13":-105,"14":-170},"best_away_odds":{"0":-190,"1":-160,"2":128,"3":119,"4":159,"5":-120,"6":-160,"7":-190,"8":-110,"9":172,"10":125,"11":100,"12":-170,"13":-110,"14":146},"home_cover_nv_prob":{"0":0.3611457036,"1":0.4037267081,"2":0.5708154506,"3":0.5531377501,"4":0.4633273703,"5":0.461409396,"6":0.4037267081,"7":0.3654694392,"8":0.4943946188,"9":0.4883303411,"10":0.5675675676,"11":0.5127020785,"12":0.3932993445,"13":0.4943946188,"14":0.6076721883},"away_cover_nv_prob":{"0":0.6388542964,"1":0.5962732919,"2":0.4291845494,"3":0.4468622499,"4":0.5366726297,"5":0.538590604,"6":0.5962732919,"7":0.6345305608,"8":0.5056053812,"9":0.5116696589,"10":0.4324324324,"11":0.4872979215,"12":0.6067006555,"13":0.5056053812,"14":0.3923278117},"books_home":{"0":{"fanduel":{"odds":168,"spread":-1.5},"draftkings":{"odds":163,"spread":-1.5},"williamhill_us":{"odds":158,"spread":-1.5},"betmgm":{"odds":155,"spread":-1.5},"bovada":{"odds":170,"spread":-1.5}},"1":{"fanduel":{"odds":140,"spread":-1.5},"draftkings":{"odds":135,"spread":-1.5},"williamhill_us":{"odds":135,"spread":-1.5},"bovada":{"odds":135,"spread":-1.5}},"2":{"fanduel":{"odds":-154,"spread":1.5},"draftkings":{"odds":-148,"spread":1.5},"williamhill_us":{"odds":-140,"spread":1.5},"bovada":{"odds":-145,"spread":1.5},"betmgm":{"odds":-145,"spread":1.5}},"3":{"fanduel":{"odds":-138,"spread":1.5},"draftkings":{"odds":-143,"spread":1.5},"williamhill_us":{"odds":-130,"spread":1.5},"bovada":{"odds":-135,"spread":1.5},"betmgm":{"odds":-145,"spread":1.5}},"4":{"fanduel":{"odds":-182,"spread":1.5},"draftkings":{"odds":-194,"spread":1.5},"williamhill_us":{"odds":-190,"spread":1.5},"bovada":{"odds":200,"spread":-1.5},"betmgm":{"odds":-190,"spread":1.5}},"5":{"fanduel":{"odds":114,"spread":-1.5},"draftkings":{"odds":101,"spread":-1.5},"williamhill_us":{"odds":100,"spread":-1.5},"betmgm":{"odds":105,"spread":-1.5},"bovada":{"odds":110,"spread":-1.5}},"6":{"fanduel":{"odds":140,"spread":-1.5},"draftkings":{"odds":137,"spread":-1.5},"williamhill_us":{"odds":135,"spread":-1.5},"bovada":{"odds":140,"spread":-1.5},"betmgm":{"odds":135,"spread":-1.5}},"7":{"fanduel":{"odds":164,"spread":-1.5},"draftkings":{"odds":162,"spread":-1.5},"williamhill_us":{"odds":158,"spread":-1.5},"bovada":{"odds":165,"spread":-1.5},"betmgm":{"odds":155,"spread":-1.5}},"8":{"fanduel":{"odds":-105,"spread":1.5},"draftkings":{"odds":-107,"spread":1.5},"williamhill_us":{"odds":-110,"spread":1.5},"bovada":{"odds":-105,"spread":1.5},"betmgm":{"odds":-110,"spread":1.5}},"9":{"fanduel":{"odds":-210,"spread":1.5},"draftkings":{"odds":-193,"spread":1.5},"williamhill_us":{"odds":180,"spread":-1.5},"bovada":{"odds":185,"spread":-1.5},"betmgm":{"odds":170,"spread":-1.5}},"10":{"fanduel":{"odds":-150,"spread":1.5},"draftkings":{"odds":-144,"spread":1.5},"williamhill_us":{"odds":-140,"spread":1.5},"bovada":{"odds":-145,"spread":1.5},"betmgm":{"odds":-145,"spread":1.5}},"11":{"draftkings":{"odds":-114,"spread":1.5},"williamhill_us":{"odds":-120,"spread":1.5},"fanduel":{"odds":-111,"spread":1.5},"betmgm":{"odds":-120,"spread":1.5},"bovada":{"odds":-115,"spread":1.5}},"12":{"fanduel":{"odds":142,"spread":-1.5},"draftkings":{"odds":141,"spread":-1.5},"williamhill_us":{"odds":143,"spread":-1.5},"bovada":{"odds":145,"spread":-1.5},"betmgm":{"odds":140,"spread":-1.5}},"13":{"fanduel":{"odds":-108,"spread":-1.5},"draftkings":{"odds":-109,"spread":-1.5},"williamhill_us":{"odds":-110,"spread":-1.5},"betmgm":{"odds":-110,"spread":-1.5},"bovada":{"odds":-105,"spread":-1.5}},"14":{"fanduel":{"odds":-176,"spread":1.5},"draftkings":{"odds":-171,"spread":1.5},"williamhill_us":{"odds":-170,"spread":1.5},"bovada":{"odds":-170,"spread":1.5},"betmgm":{"odds":-170,"spread":1.5}}},"books_away":{"0":{"fanduel":{"odds":-205,"spread":1.5},"draftkings":{"odds":-199,"spread":1.5},"williamhill_us":{"odds":-190,"spread":1.5},"betmgm":{"odds":-190,"spread":1.5},"bovada":{"odds":-200,"spread":1.5}},"1":{"fanduel":{"odds":-170,"spread":1.5},"draftkings":{"odds":-163,"spread":1.5},"williamhill_us":{"odds":-160,"spread":1.5},"bovada":{"odds":-160,"spread":1.5}},"2":{"fanduel":{"odds":128,"spread":-1.5},"draftkings":{"odds":122,"spread":-1.5},"williamhill_us":{"odds":118,"spread":-1.5},"bovada":{"odds":125,"spread":-1.5},"betmgm":{"odds":120,"spread":-1.5}},"3":{"fanduel":{"odds":115,"spread":-1.5},"draftkings":{"odds":119,"spread":-1.5},"williamhill_us":{"odds":110,"spread":-1.5},"bovada":{"odds":115,"spread":-1.5},"betmgm":{"odds":118,"spread":-1.5}},"4":{"fanduel":{"odds":150,"spread":-1.5},"draftkings":{"odds":159,"spread":-1.5},"williamhill_us":{"odds":158,"spread":-1.5},"bovada":{"odds":-240,"spread":1.5},"betmgm":{"odds":155,"spread":-1.5}},"5":{"fanduel":{"odds":-137,"spread":1.5},"draftkings":{"odds":-122,"spread":1.5},"williamhill_us":{"odds":-120,"spread":1.5},"betmgm":{"odds":-125,"spread":1.5},"bovada":{"odds":-130,"spread":1.5}},"6":{"fanduel":{"odds":-170,"spread":1.5},"draftkings":{"odds":-166,"spread":1.5},"williamhill_us":{"odds":-160,"spread":1.5},"bovada":{"odds":-165,"spread":1.5},"betmgm":{"odds":-160,"spread":1.5}},"7":{"fanduel":{"odds":-200,"spread":1.5},"draftkings":{"odds":-198,"spread":1.5},"williamhill_us":{"odds":-190,"spread":1.5},"bovada":{"odds":-195,"spread":1.5},"betmgm":{"odds":-190,"spread":1.5}},"8":{"fanduel":{"odds":-114,"spread":-1.5},"draftkings":{"odds":-112,"spread":-1.5},"williamhill_us":{"odds":-110,"spread":-1.5},"bovada":{"odds":-115,"spread":-1.5},"betmgm":{"odds":-110,"spread":-1.5}},"9":{"fanduel":{"odds":172,"spread":-1.5},"draftkings":{"odds":158,"spread":-1.5},"williamhill_us":{"odds":-220,"spread":1.5},"bovada":{"odds":-225,"spread":1.5},"betmgm":{"odds":-210,"spread":1.5}},"10":{"fanduel":{"odds":125,"spread":-1.5},"draftkings":{"odds":119,"spread":-1.5},"williamhill_us":{"odds":118,"spread":-1.5},"bovada":{"odds":125,"spread":-1.5},"betmgm":{"odds":120,"spread":-1.5}},"11":{"draftkings":{"odds":-105,"spread":-1.5},"williamhill_us":{"odds":100,"spread":-1.5},"fanduel":{"odds":-108,"spread":-1.5},"betmgm":{"odds":100,"spread":-1.5},"bovada":{"odds":-105,"spread":-1.5}},"12":{"fanduel":{"odds":-172,"spread":1.5},"draftkings":{"odds":-171,"spread":1.5},"williamhill_us":{"odds":-170,"spread":1.5},"bovada":{"odds":-170,