{"game_id":{"0":"2788dd0a2625745466747d10af8f3447","1":"f59c1e3050cb7baeab3f1b997ee3a895","2":"53f6cd5e0c90cba30f35638b85a72ef6","3":"afdb817faca36038ccfa594672010b63","4":"51cf948cf7f0602d670ed6a922636887","5":"cea9b7f2ef253ee28f6d6888b9eecd00","6":"5961513fee89b7b96eae78376ec2fe3f","7":"9bc02db3da6a621d686c70c4384d1a9f","8":"cf32c9650e5e4179dbc82552ff735228","9":"155102fc6ca2d46399a620f515ffe2b3","10":"c771b9e374413d651231684704a5bbfe","11":"8cb46e5f7992c07772b03c820bcc5a46","12":"4613f606f40dfab948c795bcde2caaa2","13":"89e2407a67afd5e02ec12a372a53fa18"},"home_team":{"0":"Baltimore Orioles","1":"Cleveland Guardians","2":"Boston Red Sox","3":"New York Yankees","4":"Chicago Cubs","5":"Toronto Blue Jays","6":"Philadelphia Phillies","7":"Atlanta Braves","8":"Kansas City Royals","9":"Milwaukee Brewers","10":"Houston Astros","11":"Colorado Rockies","12":"Arizona Diamondbacks","13":"Athletics"},"away_team":{"0":"Chicago White Sox","1":"Texas Rangers","2":"Washington Nationals","3":"Detroit Tigers","4":"San Diego Padres","5":"New York Mets","6":"Pittsburgh Pirates","7":"St. Louis Cardinals","8":"Tampa Bay Rays","9":"Cincinnati Reds","10":"Minnesota Twins","11":"Miami Marlins","12":"San Francisco Giants","13":"Los Angeles Dodgers"},"home_spread":{"0":-1.5,"1":-1.5,"2":-1.5,"3":-1.5,"4":-1.5,"5":-1.5,"6":-1.5,"7":-1.5,"8":1.5,"9":-1.5,"10":-1.5,"11":1.5,"12":-1.5,"13":1.5},"away_spread":{"0":1.5,"1":-1.5,"2":1.5,"3":1.5,"4":-1.5,"5":-1.5,"6":1.5,"7":1.5,"8":-1.5,"9":1.5,"10":1.5,"11":-1.5,"12":-1.5,"13":-1.5},"best_home_odds":{"0":146,"1":185,"2":140,"3":145,"4":150,"5":185,"6":155,"7":150,"8":-135,"9":130,"10":160,"11":-110,"12":170,"13":-108},"best_away_odds":{"0":-170,"1":155,"2":-160,"3":-162,"4":150,"5":143,"6":-178,"7":-172,"8":115,"9":-144,"10":-185,"11":-102,"12":157,"13":-110},"home_cover_nv_prob":{"0":0.3923278117,"1":0.4722222222,"2":0.4037267081,"3":0.3976324177,"4":0.5,"5":0.4602272727,"6":0.3798333106,"7":0.3874643875,"8":0.5525940029,"9":0.4242002782,"10":0.3720626632,"11":0.5091659028,"12":0.4876660342,"13":0.4978050922},"away_cover_nv_prob":{"0":0.6076721883,"1":0.5277777778,"2":0.5962732919,"3":0.6023675823,"4":0.5,"5":0.5397727273,"6":0.6201666894,"7":0.6125356125,"8":0.4474059971,"9":0.5757997218,"10":0.6279373368,"11":0.4908340972,"12":0.5123339658,"13":0.5021949078},"books_home":{"0":{"fanduel":{"odds":146,"spread":-1.5},"draftkings":{"odds":141,"spread":-1.5},"williamhill_us":{"odds":143,"spread":-1.5},"betmgm":{"odds":140,"spread":-1.5},"bovada":{"odds":145,"spread":-1.5}},"1":{"fanduel":{"odds":-184,"spread":1.5},"williamhill_us":{"odds":180,"spread":-1.5},"draftkings":{"odds":-183,"spread":1.5},"betmgm":{"odds":-190,"spread":1.5},"bovada":{"odds":185,"spread":-1.5}},"2":{"fanduel":{"odds":136,"spread":-1.5},"williamhill_us":{"odds":135,"spread":-1.5},"draftkings":{"odds":135,"spread":-1.5},"betmgm":{"odds":140,"spread":-1.5},"bovada":{"odds":135,"spread":-1.5}},"3":{"fanduel":{"odds":134,"spread":-1.5},"williamhill_us":{"odds":140,"spread":-1.5},"draftkings":{"odds":139,"spread":-1.5},"betmgm":{"odds":135,"spread":-1.5},"bovada":{"odds":145,"spread":-1.5}},"4":{"fanduel":{"odds":-182,"spread":1.5},"williamhill_us":{"odds":150,"spread":-1.5},"draftkings":{"odds":145,"spread":-1.5},"betmgm":{"odds":145,"spread":-1.5},"bovada":{"odds":150,"spread":-1.5}},"5":{"fanduel":{"odds":-164,"spread":1.5},"draftkings":{"odds":-168,"spread":1.5},"williamhill_us":{"odds":-170,"spread":1.5},"betmgm":{"odds":-170,"spread":1.5},"bovada":{"odds":185,"spread":-1.5}},"6":{"fanduel":{"odds":150,"spread":-1.5},"betmgm":{"odds":150,"spread":-1.5},"williamhill_us":{"odds":150,"spread":-1.5},"draftkings":{"odds":152,"spread":-1.5},"bovada":{"odds":155,"spread":-1.5}},"7":{"fanduel":{"odds":142,"spread":-1.5},"betmgm":{"odds":145,"spread":-1.5},"williamhill_us":{"odds":150,"spread":-1.5},"draftkings":{"odds":148,"spread":-1.5},"bovada":{"odds":150,"spread":-1.5}},"8":{"fanduel":{"odds":-137,"spread":1.5},"williamhill_us":{"odds":-135,"spread":1.5},"draftkings":{"odds":-136,"spread":1.5},"betmgm":{"odds":-140,"spread":1.5},"bovada":{"odds":-135,"spread":1.5}},"9":{"fanduel":{"odds":120,"spread":-1.5},"betmgm":{"odds":125,"spread":-1.5},"williamhill_us":{"odds":130,"spread":-1.5},"draftkings":{"odds":128,"spread":-1.5},"bovada":{"odds":125,"spread":-1.5}},"10":{"fanduel":{"odds":155,"spread":-1.5},"williamhill_us":{"odds":158,"spread":-1.5},"draftkings":{"odds":158,"spread":-1.5},"bovada":{"odds":160,"spread":-1.5}},"11":{"fanduel":{"odds":-118,"spread":1.5},"williamhill_us":{"odds":-115,"spread":1.5},"betmgm":{"odds":-110,"spread":1.5},"draftkings":{"odds":-112,"spread":1.5},"bovada":{"odds":-110,"spread":1.5}},"12":{"fanduel":{"odds":-184,"spread":1.5},"williamhill_us":{"odds":158,"spread":-1.5},"betmgm":{"odds":-190,"spread":1.5},"draftkings":{"odds":-191,"spread":1.5},"bovada":{"odds":170,"spread":-1.5}},"13":{"fanduel":{"odds":-110,"spread":1.5},"williamhill_us":{"odds":-110,"spread":1.5},"draftkings":{"odds":-108,"spread":1.5},"betmgm":{"odds":-110,"spread":1.5},"bovada":{"odds":-110,"spread":1.5}}},"books_away":{"0":{"fanduel":{"odds":-176,"spread":1.5},"draftkings":{"odds":-171,"spread":1.5},"williamhill_us":{"odds":-170,"spread":1.5},"betmgm":{"odds":-170,"spread":1.5},"bovada":{"odds":-170,"spread":1.5}},"1":{"fanduel":{"odds":152,"spread":-1.5},"williamhill_us":{"odds":-220,"spread":1.5},"draftkings":{"odds":150,"spread":-1.5},"betmgm":{"odds":155,"spread":-1.5},"bovada":{"odds":-225,"spread":1.5}},"2":{"fanduel":{"odds":-164,"spread":1.5},"williamhill_us":{"odds":-160,"spread":1.5},"draftkings":{"odds":-163,"spread":1.5},"betmgm":{"odds":-170,"spread":1.5},"bovada":{"odds":-160,"spread":1.5}},"3":{"fanduel":{"odds":-162,"spread":1.5},"williamhill_us":{"odds":-165,"spread":1.5},"draftkings":{"odds":-168,"spread":1.5},"betmgm":{"odds":-165,"spread":1.5},"bovada":{"odds":-170,"spread":1.5}},"4":{"fanduel":{"odds":150,"spread":-1.5},"williamhill_us":{"odds":-178,"spread":1.5},"draftkings":{"odds":-176,"spread":1.5},"betmgm":{"odds":-180,"spread":1.5},"bovada":{"odds":-175,"spread":1.5}},"5":{"fanduel":{"odds":136,"spread":-1.5},"draftkings":{"odds":139,"spread":-1.5},"williamhill_us":{"odds":143,"spread":-1.5},"betmgm":{"odds":140,"spread":-1.5},"bovada":{"odds":-225,"spread":1.5}},"6":{"fanduel":{"odds":-182,"spread":1.5},"betmgm":{"odds":-185,"spread":1.5},"williamhill_us":{"odds":-178,"spread":1.5},"draftkings":{"odds":-185,"spread":1.5},"bovada":{"odds":-180,"spread":1.5}},"7":{"fanduel":{"odds":-172,"spread":1.5},"betmgm":{"odds":-175,"spread":1.5},"williamhill_us":{"odds":-178,"spread":1.5},"draftkings":{"odds":-179,"spread":1.5},"bovada":{"odds":-175,"spread":1.5}},"8":{"fanduel":{"odds":114,"spread":-1.5},"williamhill_us":{"odds":115,"spread":-1.5},"draftkings":{"odds":113,"spread":-1.5},"betmgm":{"odds":115,"spread":-1.5},"bovada":{"odds":115,"spread":-1.5}},"9":{"fanduel":{"odds":-144,"spread":1.5},"betmgm":{"odds":-155,"spread":1.5},"williamhill_us":{"odds":-155,"spread":1.5},"draftkings":{"odds":-155,"spread":1.5},"bovada":{"odds":-145,"spread":1.5}},"10":{"fanduel":{"odds":-188,"spread":1.5},"williamhill_us":{"odds":-190,"spread":1.5},"draftkings":{"odds":-193,"spread":1.5},"bovada":{"odds":-185,"spread":1.5}},"11":{"fanduel":{"odds":-102,"spread":-1.5},"williamhill_us":{"odds":-105,"spread":-1.5},"betmgm":{"odds":-110,"spread":-1.5},"draftkings":{"odds":-107,"spread":-1.5},"bovada":{"odds":-110,"spread":-1.5}},"12":{"fanduel":{"odds":152,"spread":-1.5},"williamhill_us":{"odds":-190,"spread":1.5},"betmgm":{"odds":155,"spread":-1.5},"draftkings":{"odds":157,"spread":-1.5},"bovada":{"odds":-200,"spread":1.5}},"13":{"fanduel":{"odds":-110,"spread":-1.5},"williamhill_us":{"odds":-110,"spread":-1.5},"draftkings":{"odds":-111,"spread":-1.5},"betmgm":{"odds":-110,"spread":-1.5},"bovada":{"odds":-110,"spread":-1.5}}}}