{"game_id":{"0":"247fa6e552058ec5ec90e09c8767b80d","1":"a6e9a8c8f97ca039bc3b7b562fe18bab","2":"4abb993b47a532760ffc38de1dabfac4","3":"fadfb2b20f21e61c059a0af585bff1a4","4":"53d3be31566c2fefadd8c1b39e6dc788","5":"c74f3242dd3557ee537e505c3e092143","6":"13a2225a2fcc3ccd5362b1f8f663c1f1","7":"b4cc6ccb74628bd6a3264a9fd198bd6b","8":"283a2198e9279b2d70ddfa898345b601","9":"b577f758aaccd486b96b1a218e4f830d","10":"585fa0b6aa89841fa095b120643c7716","11":"7519b768b6e0980dc68e40e2b2b49089","12":"197b2f8add16733591617503dd702d8f","13":"d259bb716cd52554224d80732ac65232","14":"020b5bffb5a1d101be8c6d61b9e29572"},"home_team":{"0":"Minnesota Twins","1":"Toronto Blue Jays","2":"Washington Nationals","3":"Baltimore Orioles","4":"Pittsburgh Pirates","5":"New York Mets","6":"Chicago White Sox","7":"Cincinnati Reds","8":"Boston Red Sox","9":"Cleveland Guardians","10":"Kansas City Royals","11":"Milwaukee Brewers","12":"Athletics","13":"San Francisco Giants","14":"Los Angeles Angels"},"away_team":{"0":"St. Louis Cardinals","1":"New York Yankees","2":"Seattle Mariners","3":"San Diego Padres","4":"Miami Marlins","5":"Atlanta Braves","6":"Los Angeles Dodgers","7":"Arizona Diamondbacks","8":"Texas Rangers","9":"Detroit Tigers","10":"Houston Astros","11":"Philadelphia Phillies","12":"Colorado Rockies","13":"Chicago Cubs","14":"Tampa Bay Rays"},"home_spread":{"0":-1.5,"1":1.5,"2":-1.5,"3":-1.5,"4":-1.5,"5":1.5,"6":1.5,"7":1.5,"8":-1.5,"9":1.5,"10":-1.5,"11":-1.5,"12":-1.5,"13":1.5,"14":1.5},"away_spread":{"0":-1.5,"1":-1.5,"2":-1.5,"3":1.5,"4":1.5,"5":-1.5,"6":-1.5,"7":-1.5,"8":-1.5,"9":-1.5,"10":1.5,"11":1.5,"12":1.5,"13":-1.5,"14":-1.5},"best_home_odds":{"0":180,"1":-160,"2":180,"3":160,"4":162,"5":-180,"6":100,"7":-135,"8":180,"9":-134,"10":160,"11":158,"12":114,"13":-160,"14":-170},"best_away_odds":{"0":158,"1":138,"2":151,"3":-178,"4":-178,"5":172,"6":-120,"7":120,"8":172,"9":115,"10":-185,"11":-175,"12":-125,"13":135,"14":152},"home_cover_nv_prob":{"0":0.4795539033,"1":0.5942571785,"2":0.472693032,"3":0.3752699784,"4":0.3734752002,"5":0.6361746362,"6":0.4782608696,"7":0.5582706767,"8":0.4927536232,"9":0.5518099981,"10":0.3720626632,"11":0.3785271851,"12":0.4568527919,"13":0.5911949686,"14":0.6134020619},"away_cover_nv_prob":{"0":0.5204460967,"1":0.4057428215,"2":0.527306968,"3":0.6247300216,"4":0.6265247998,"5":0.3638253638,"6":0.5217391304,"7":0.4417293233,"8":0.5072463768,"9":0.4481900019,"10":0.6279373368,"11":0.6214728149,"12":0.5431472081,"13":0.4088050314,"14":0.3865979381},"books_home":{"0":{"fanduel":{"odds":-192,"spread":1.5},"draftkings":{"odds":-179,"spread":1.5},"williamhill_us":{"odds":180,"spread":-1.5},"bovada":{"odds":-180,"spread":1.5}},"1":{"fanduel":{"odds":-166,"spread":1.5},"draftkings":{"odds":-162,"spread":1.5},"williamhill_us":{"odds":-160,"spread":1.5},"betmgm":{"odds":-165,"spread":1.5},"bovada":{"odds":-160,"spread":1.5}},"2":{"fanduel":{"odds":-184,"spread":1.5},"draftkings":{"odds":-184,"spread":1.5},"williamhill_us":{"odds":180,"spread":-1.5},"betmgm":{"odds":-185,"spread":1.5},"bovada":{"odds":-175,"spread":1.5}},"3":{"fanduel":{"odds":160,"spread":-1.5},"draftkings":{"odds":152,"spread":-1.5},"williamhill_us":{"odds":150,"spread":-1.5},"betmgm":{"odds":150,"spread":-1.5},"bovada":{"odds":160,"spread":-1.5}},"4":{"fanduel":{"odds":162,"spread":-1.5},"williamhill_us":{"odds":150,"spread":-1.5},"draftkings":{"odds":149,"spread":-1.5},"betmgm":{"odds":150,"spread":-1.5},"bovada":{"odds":160,"spread":-1.5}},"5":{"fanduel":{"odds":-210,"spread":1.5},"draftkings":{"odds":-198,"spread":1.5},"williamhill_us":{"odds":-180,"spread":1.5},"betmgm":{"odds":-200,"spread":1.5},"bovada":{"odds":-195,"spread":1.5}},"6":{"fanduel":{"odds":100,"spread":1.5},"draftkings":{"odds":100,"spread":1.5},"williamhill_us":{"odds":100,"spread":1.5},"betmgm":{"odds":100,"spread":1.5},"bovada":{"odds":100,"spread":1.5}},"7":{"fanduel":{"odds":-138,"spread":1.5},"draftkings":{"odds":-142,"spread":1.5},"williamhill_us":{"odds":-135,"spread":1.5},"betmgm":{"odds":-140,"spread":1.5},"bovada":{"odds":-140,"spread":1.5}},"8":{"fanduel":{"odds":-210,"spread":1.5},"draftkings":{"odds":-205,"spread":1.5},"williamhill_us":{"odds":170,"spread":-1.5},"betmgm":{"odds":165,"spread":-1.5},"bovada":{"odds":180,"spread":-1.5}},"9":{"fanduel":{"odds":-134,"spread":1.5},"draftkings":{"odds":-136,"spread":1.5},"williamhill_us":{"odds":-135,"spread":1.5},"betmgm":{"odds":-140,"spread":1.5},"bovada":{"odds":-135,"spread":1.5}},"10":{"fanduel":{"odds":160,"spread":-1.5},"draftkings":{"odds":154,"spread":-1.5},"williamhill_us":{"odds":158,"spread":-1.5},"betmgm":{"odds":155,"spread":-1.5},"bovada":{"odds":160,"spread":-1.5}},"11":{"fanduel":{"odds":158,"spread":-1.5},"draftkings":{"odds":149,"spread":-1.5},"williamhill_us":{"odds":150,"spread":-1.5},"betmgm":{"odds":145,"spread":-1.5},"bovada":{"odds":150,"spread":-1.5}},"12":{"fanduel":{"odds":114,"spread":-1.5},"draftkings":{"odds":104,"spread":-1.5},"williamhill_us":{"odds":105,"spread":-1.5},"betmgm":{"odds":105,"spread":-1.5},"bovada":{"odds":105,"spread":-1.5}},"13":{"fanduel":{"odds":-162,"spread":1.5},"draftkings":{"odds":-162,"spread":1.5},"williamhill_us":{"odds":-160,"spread":1.5},"betmgm":{"odds":-165,"spread":1.5},"bovada":{"odds":-160,"spread":1.5}},"14":{"fanduel":{"odds":-184,"spread":1.5},"draftkings":{"odds":-175,"spread":1.5},"williamhill_us":{"odds":-170,"spread":1.5},"betmgm":{"odds":-175,"spread":1.5},"bovada":{"odds":-170,"spread":1.5}}},"books_away":{"0":{"fanduel":{"odds":158,"spread":-1.5},"draftkings":{"odds":148,"spread":-1.5},"williamhill_us":{"odds":-220,"spread":1.5},"bovada":{"odds":155,"spread":-1.5}},"1":{"fanduel":{"odds":138,"spread":-1.5},"draftkings":{"odds":134,"spread":-1.5},"williamhill_us":{"odds":135,"spread":-1.5},"betmgm":{"odds":135,"spread":-1.5},"bovada":{"odds":135,"spread":-1.5}},"2":{"fanduel":{"odds":150,"spread":-1.5},"draftkings":{"odds":151,"spread":-1.5},"williamhill_us":{"odds":-220,"spread":1.5},"betmgm":{"odds":150,"spread":-1.5},"bovada":{"odds":150,"spread":-1.5}},"3":{"fanduel":{"odds":-194,"spread":1.5},"draftkings":{"odds":-185,"spread":1.5},"williamhill_us":{"odds":-178,"spread":1.5},"betmgm":{"odds":-185,"spread":1.5},"bovada":{"odds":-185,"spread":1.5}},"4":{"fanduel":{"odds":-196,"spread":1.5},"williamhill_us":{"odds":-178,"spread":1.5},"draftkings":{"odds":-181,"spread":1.5},"betmgm":{"odds":-185,"spread":1.5},"bovada":{"odds":-185,"spread":1.5}},"5":{"fanduel":{"odds":172,"spread":-1.5},"draftkings":{"odds":162,"spread":-1.5},"williamhill_us":{"odds":152,"spread":-1.5},"betmgm":{"odds":165,"spread":-1.5},"bovada":{"odds":165,"spread":-1.5}},"6":{"fanduel":{"odds":-120,"spread":-1.5},"draftkings":{"odds":-120,"spread":-1.5},"williamhill_us":{"odds":-120,"spread":-1.5},"betmgm":{"odds":-120,"spread":-1.5},"bovada":{"odds":-120,"spread":-1.5}},"7":{"fanduel":{"odds":115,"spread":-1.5},"draftkings":{"odds":118,"spread":-1.5},"williamhill_us":{"odds":115,"spread":-1.5},"betmgm":{"odds":115,"spread":-1.5},"bovada":{"odds":120,"spread":-1.5}},"8":{"fanduel":{"odds":172,"spread":-1.5},"draftkings":{"odds":167,"spread":-1.5},"williamhill_us":{"odds":-205,"spread":1.5},"betmgm":{"odds":-220,"spread":1.5},"bovada":{"odds":-220,"spread":1.5}},"9":{"fanduel":{"odds":112,"spread":-1.5},"draftkings":{"odds":113,"spread":-1.5},"williamhill_us":{"odds":115,"spread":-1.5},"betmgm":{"odds":115,"spread":-1.5},"bovada":{"odds":115,"spread":-1.5}},"10":{"fanduel":{"odds":-194,"spread":1.5},"draftkings":{"odds":-188,"spread":1.5},"williamhill_us":{"odds":-190,"spread":1.5},"betmgm":{"odds":-190,"spread":1.5},"bovada":{"odds":-185,"spread":1.5}},"11":{"fanduel":{"odds":-192,"spread":1.5},"draftkings":{"odds":-181,"spread":1.5},"williamhill_us":{"odds":-178,"spread":1.5},"betmgm":{"odds":-180,"spread":1.5},"bovada":{"odds":-175,"spread":1.5}},"12":{"fanduel":{"odds":-137,"spread":1.5},"draftkings":{"odds":-125,"spread":1.5},"williamhill_us":{"odds":-125,"spread":1.5},"betmgm":{"odds":-125,"spread":1.5},