{"game_id":{"0":"b83acf62bfc5d9a65fbea3ae78974c7b","1":"e2d6559de3f32042d39f5da40364950a","2":"752e9b625117fe75f792a9f4c0464b06","3":"09f98bac3897ce216acb197781ef8add","4":"8436950162a83e19024ade45a28249e6","5":"f032258401e01dc5335139248b940efc","6":"118a6e3080de70ad7b82922f6a69fc7c","7":"b71115505615845619d9ea17e964e30f","8":"b438d512032c8841846d4e9f4b6a061b","9":"bed40c80b9530acfcc89be0795309682","10":"48ddab368fb44b8c7e5c7ef18e0ba99a","11":"37a92ce7648fc0715c4a6411c5bcb637","12":"6656a7aa341ece1a4bb860481931621a","13":"396adc6bdadc61665a790a130d131bec","14":"b078df49b4b246be7446b434bca64f28"},"home_team":{"0":"Philadelphia Phillies","1":"Baltimore Orioles","2":"Toronto Blue Jays","3":"Tampa Bay Rays","4":"New York Mets","5":"Cincinnati Reds","6":"Detroit Tigers","7":"Kansas City Royals","8":"Milwaukee Brewers","9":"St. Louis Cardinals","10":"Chicago Cubs","11":"San Diego Padres","12":"Seattle Mariners","13":"Los Angeles Dodgers","14":"Atlanta Braves"},"away_team":{"0":"Arizona Diamondbacks","1":"San Francisco Giants","2":"Minnesota Twins","3":"New York Yankees","4":"Athletics","5":"Los Angeles Angels","6":"Miami Marlins","7":"Chicago White Sox","8":"Washington Nationals","9":"Boston Red Sox","10":"Pittsburgh Pirates","11":"Colorado Rockies","12":"Houston Astros","13":"Texas Rangers","14":"Cleveland Guardians"},"home_spread":{"0":-1.5,"1":-1.5,"2":-1.5,"3":1.5,"4":-1.5,"5":1.5,"6":-1.5,"7":-1.5,"8":-1.5,"9":1.5,"10":-1.5,"11":-1.5,"12":-1.5,"13":-1.5,"14":-1.5},"away_spread":{"0":1.5,"1":1.5,"2":-1.5,"3":-1.5,"4":1.5,"5":-1.5,"6":1.5,"7":1.5,"8":1.5,"9":-1.5,"10":1.5,"11":1.5,"12":1.5,"13":-1.5,"14":1.5},"best_home_odds":{"0":150,"1":170,"2":175,"3":-132,"4":130,"5":-175,"6":125,"7":115,"8":110,"9":-155,"10":145,"11":-105,"12":154,"13":172,"14":115},"best_away_odds":{"0":-170,"1":-190,"2":172,"3":118,"4":-145,"5":158,"6":-136,"7":-120,"8":-115,"9":136,"10":-156,"11":-114,"12":-149,"13":165,"14":-135},"home_cover_nv_prob":{"0":0.3884892086,"1":0.3611457036,"2":0.4972577697,"3":0.5536401416,"4":0.4235090752,"5":0.6214728149,"6":0.4354243542,"7":0.460251046,"8":0.4709748083,"9":0.5892396907,"10":0.401128173,"11":0.4901832461,"12":0.3968380455,"13":0.4934823091,"14":0.4474059971},"away_cover_nv_prob":{"0":0.6115107914,"1":0.6388542964,"2":0.5027422303,"3":0.4463598584,"4":0.5764909248,"5":0.3785271851,"6":0.5645756458,"7":0.539748954,"8":0.5290251917,"9":0.4107603093,"10":0.598871827,"11":0.5098167539,"12":0.6031619545,"13":0.5065176909,"14":0.5525940029},"books_home":{"0":{"fanduel":{"odds":146,"spread":-1.5},"draftkings":{"odds":144,"spread":-1.5},"williamhill_us":{"odds":143,"spread":-1.5},"betmgm":{"odds":150,"spread":-1.5},"bovada":{"odds":145,"spread":-1.5}},"1":{"fanduel":{"odds":160,"spread":-1.5},"draftkings":{"odds":159,"spread":-1.5},"williamhill_us":{"odds":158,"spread":-1.5},"betmgm":{"odds":170,"spread":-1.5},"bovada":{"odds":165,"spread":-1.5}},"2":{"fanduel":{"odds":-210,"spread":1.5},"betmgm":{"odds":-200,"spread":1.5},"draftkings":{"odds":-202,"spread":1.5},"williamhill_us":{"odds":175,"spread":-1.5},"bovada":{"odds":175,"spread":-1.5}},"3":{"fanduel":{"odds":-132,"spread":1.5},"draftkings":{"odds":-136,"spread":1.5},"betmgm":{"odds":-145,"spread":1.5},"bovada":{"odds":-135,"spread":1.5},"williamhill_us":{"odds":-140,"spread":1.5}},"4":{"fanduel":{"odds":126,"spread":-1.5},"draftkings":{"odds":123,"spread":-1.5},"williamhill_us":{"odds":122,"spread":-1.5},"betmgm":{"odds":125,"spread":-1.5},"bovada":{"odds":130,"spread":-1.5}},"5":{"fanduel":{"odds":-184,"spread":1.5},"draftkings":{"odds":-180,"spread":1.5},"williamhill_us":{"odds":-190,"spread":1.5},"betmgm":{"odds":-185,"spread":1.5},"bovada":{"odds":-175,"spread":1.5}},"6":{"fanduel":{"odds":122,"spread":-1.5},"draftkings":{"odds":113,"spread":-1.5},"williamhill_us":{"odds":118,"spread":-1.5},"betmgm":{"odds":125,"spread":-1.5},"bovada":{"odds":125,"spread":-1.5}},"7":{"fanduel":{"odds":106,"spread":-1.5},"betmgm":{"odds":105,"spread":-1.5},"williamhill_us":{"odds":100,"spread":-1.5},"draftkings":{"odds":102,"spread":-1.5},"bovada":{"odds":115,"spread":-1.5}},"8":{"fanduel":{"odds":102,"spread":-1.5},"williamhill_us":{"odds":105,"spread":-1.5},"draftkings":{"odds":100,"spread":-1.5},"betmgm":{"odds":110,"spread":-1.5},"bovada":{"odds":-105,"spread":-1.5}},"9":{"fanduel":{"odds":-164,"spread":1.5},"draftkings":{"odds":-156,"spread":1.5},"williamhill_us":{"odds":-155,"spread":1.5},"betmgm":{"odds":-160,"spread":1.5},"bovada":{"odds":-160,"spread":1.5}},"10":{"fanduel":{"odds":130,"spread":-1.5},"draftkings":{"odds":135,"spread":-1.5},"williamhill_us":{"odds":135,"spread":-1.5},"betmgm":{"odds":145,"spread":-1.5},"bovada":{"odds":145,"spread":-1.5}},"11":{"fanduel":{"odds":-105,"spread":-1.5},"draftkings":{"odds":-105,"spread":-1.5},"williamhill_us":{"odds":-105,"spread":-1.5},"betmgm":{"odds":-105,"spread":-1.5},"bovada":{"odds":-105,"spread":-1.5}},"12":{"fanduel":{"odds":126,"spread":-1.5},"draftkings":{"odds":123,"spread":-1.5},"bovada":{"odds":130,"spread":-1.5},"williamhill_us":{"odds":130,"spread":-1.5},"betmgm":{"odds":154,"spread":-1.5}},"13":{"fanduel":{"odds":172,"spread":-1.5},"draftkings":{"odds":159,"spread":-1.5},"williamhill_us":{"odds":158,"spread":-1.5},"betmgm":{"odds":-220,"spread":1.5},"bovada":{"odds":170,"spread":-1.5}},"14":{"fanduel":{"odds":115,"spread":-1.5},"draftkings":{"odds":113,"spread":-1.5},"williamhill_us":{"odds":115,"spread":-1.5},"betmgm":{"odds":115,"spread":-1.5},"bovada":{"odds":115,"spread":-1.5}}},"books_away":{"0":{"fanduel":{"odds":-176,"spread":1.5},"draftkings":{"odds":-175,"spread":1.5},"williamhill_us":{"odds":-170,"spread":1.5},"betmgm":{"odds":-185,"spread":1.5},"bovada":{"odds":-170,"spread":1.5}},"1":{"fanduel":{"odds":-194,"spread":1.5},"draftkings":{"odds":-194,"spread":1.5},"williamhill_us":{"odds":-190,"spread":1.5},"betmgm":{"odds":-210,"spread":1.5},"bovada":{"odds":-195,"spread":1.5}},"2":{"fanduel":{"odds":172,"spread":-1.5},"betmgm":{"odds":165,"spread":-1.5},"draftkings":{"odds":165,"spread":-1.5},"williamhill_us":{"odds":-210,"spread":1.5},"bovada":{"odds":-210,"spread":1.5}},"3":{"fanduel":{"odds":110,"spread":-1.5},"draftkings":{"odds":113,"spread":-1.5},"betmgm":{"odds":118,"spread":-1.5},"bovada":{"odds":115,"spread":-1.5},"williamhill_us":{"odds":118,"spread":-1.5}},"4":{"fanduel":{"odds":-152,"spread":1.5},"draftkings":{"odds":-149,"spread":1.5},"williamhill_us":{"odds":-145,"spread":1.5},"betmgm":{"odds":-155,"spread":1.5},"bovada":{"odds":-150,"spread":1.5}},"5":{"fanduel":{"odds":152,"spread":-1.5},"draftkings":{"odds":148,"spread":-1.5},"williamhill_us":{"odds":158,"spread":-1.5},"betmgm":{"odds":150,"spread":-1.5},"bovada":{"odds":150,"spread":-1.5}},"6":{"fanduel":{"odds":-146,"spread":1.5},"draftkings":{"odds":-136,"spread":1.5},"williamhill_us":{"odds":-140,"spread":1.5},"betmgm":{"odds":-150,"spread":1.5},"bovada":{"odds":-145,"spread":1.5}},"7":{"fanduel":{"odds":-128,"spread":1.5},"betmgm":{"odds":-130,"spread":1.5},"williamhill_us":{"odds":-120,"spread":1.5},"draftkings":{"odds":-122,"spread":1.5},"bovada":{"odds":-135,"spread":1.5}},"8":{"fanduel":{"odds":-122,"spread":1.5},"williamhill_us":{"odds":-125,"spread":1.5},"draftkings":{"odds":-120,"spread":1.5},"betmgm":{"odds":-135,"spread":1.5},"bovada":{"odds":-115,"spread":1.5}},"9":{"fanduel":{"odds":136,"spread":-1.5},"draftkings":{"odds":129,"spread":-1.5},"williamhill_us":{"odds":130,"spread":-1.5},"betmgm":{"odds":135,"spread":-1.5},"bovada":{"odds":135,"spread":-1.5}},"10":{"fanduel":{"odds":-156,"spread":1.5},"draftkings":{"odds":-163,"spread":1.5},"williamhill_us":{"odds":-160,"spread":1.5},"betmgm":{"odds":-180,"spread":1.5},"bovada":{"odds":-170,"spread":1.5}},"11":{"fanduel":{"odds":-114,"spread":1.5},"draftkings":{"odds":-115,"spread":1.5},"williamhill_us":{"odds":-115,"spread":1.5},"betmgm":{"odds":-115,"spread":1.5},"bovada":{"odds":-115,"spread":1.5}},"12":{"fanduel":{"odds":-152,"spread":1.5},"draftkings":{"odds":-149,"spread":1.5},