{"game_id":{"0":"c482750265f6c9f18fd75cadd8a212f7","1":"66ea890e18af0833c92b1b73b4f70b31","2":"61be630678b155cf69cedc7df6691776","3":"ff5101661dae20bbc5596f819b19aa91","4":"13b67b1c59ce70e7e4910ab5e9bd5368","5":"3017532baf3b1684dbd61a6fe522963f","6":"0337473e55cde0d4fc1639b00f3693bb","7":"1d8a9b26dd1f22bf40d5e49211afaad6","8":"1d544da1be60c459ec6d6c8163cc9ff8","9":"a7d8743870a8d7fb01aed50a9fc46f88","10":"be13ae41e6022b172e8564f73444cce6","11":"eb17640885894253c1069e2e9233ea65","12":"3154fee42c445f5f90ad1da53cfefedb","13":"b84d12d6466a2f541ef74605bc5f53c6","14":"ae2f29fce3de0447b7b9642b09c76d58"},"home_team":{"0":"Chicago Cubs","1":"Philadelphia Phillies","2":"Detroit Tigers","3":"New York Yankees","4":"Toronto Blue Jays","5":"Miami Marlins","6":"Atlanta Braves","7":"Houston Astros","8":"St. Louis Cardinals","9":"Texas Rangers","10":"Minnesota Twins","11":"Colorado Rockies","12":"Arizona Diamondbacks","13":"San Diego Padres","14":"Los Angeles Dodgers"},"away_team":{"0":"San Francisco Giants","1":"Chicago White Sox","2":"Seattle Mariners","3":"Boston Red Sox","4":"Baltimore Orioles","5":"Tampa Bay Rays","6":"Pittsburgh Pirates","7":"Athletics","8":"Cincinnati Reds","9":"Cleveland Guardians","10":"Kansas City Royals","11":"Milwaukee Brewers","12":"Washington Nationals","13":"New York Mets","14":"Los Angeles Angels"},"home_spread":{"0":-1.5,"1":-1.5,"2":1.5,"3":-1.5,"4":-1.5,"5":1.5,"6":-1.5,"7":1.5,"8":-1.5,"9":1.5,"10":-1.5,"11":1.5,"12":-1.5,"13":-1.5,"14":-1.5},"away_spread":{"0":1.5,"1":1.5,"2":-1.5,"3":1.5,"4":1.5,"5":-1.5,"6":1.5,"7":-1.5,"8":1.5,"9":-1.5,"10":-1.5,"11":-1.5,"12":1.5,"13":1.5,"14":1.5},"best_home_odds":{"0":118,"1":115,"2":-155,"3":146,"4":145,"5":-144,"6":155,"7":-170,"8":145,"9":-150,"10":180,"11":-114,"12":155,"13":170,"14":112},"best_away_odds":{"0":-135,"1":-135,"2":135,"3":-170,"4":-160,"5":125,"6":-169,"7":155,"8":-170,"9":132,"10":172,"11":104,"12":-178,"13":-200,"14":-125},"home_cover_nv_prob":{"0":0.4439826186,"1":0.4474059971,"2":0.5882115462,"3":0.3923278117,"4":0.3987730061,"5":0.5704225352,"6":0.3843131652,"7":0.6162046908,"8":0.3932993445,"9":0.5819397993,"10":0.4927536232,"11":0.520781082,"12":0.3798333106,"13":0.3571428571,"14":0.4591836735},"away_cover_nv_prob":{"0":0.5560173814,"1":0.5525940029,"2":0.4117884538,"3":0.6076721883,"4":0.6012269939,"5":0.4295774648,"6":0.6156868348,"7":0.3837953092,"8":0.6067006555,"9":0.4180602007,"10":0.5072463768,"11":0.479218918,"12":0.6201666894,"13":0.6428571429,"14":0.5408163265},"books_home":{"0":{"fanduel":{"odds":118,"spread":-1.5},"bovada":{"odds":115,"spread":-1.5},"williamhill_us":{"odds":118,"spread":-1.5},"betmgm":{"odds":118,"spread":-1.5},"draftkings":{"odds":114,"spread":-1.5}},"1":{"fanduel":{"odds":114,"spread":-1.5},"bovada":{"odds":115,"spread":-1.5},"williamhill_us":{"odds":115,"spread":-1.5},"draftkings":{"odds":113,"spread":-1.5},"betmgm":{"odds":115,"spread":-1.5}},"2":{"fanduel":{"odds":-162,"spread":1.5},"bovada":{"odds":-160,"spread":1.5},"williamhill_us":{"odds":-155,"spread":1.5},"draftkings":{"odds":-155,"spread":1.5},"betmgm":{"odds":-155,"spread":1.5}},"3":{"fanduel":{"odds":146,"spread":-1.5},"bovada":{"odds":145,"spread":-1.5},"williamhill_us":{"odds":143,"spread":-1.5},"draftkings":{"odds":141,"spread":-1.5},"betmgm":{"odds":140,"spread":-1.5}},"4":{"fanduel":{"odds":140,"spread":-1.5},"bovada":{"odds":145,"spread":-1.5},"williamhill_us":{"odds":135,"spread":-1.5},"draftkings":{"odds":138,"spread":-1.5},"betmgm":{"odds":135,"spread":-1.5}},"5":{"fanduel":{"odds":-144,"spread":1.5},"bovada":{"odds":-145,"spread":1.5},"draftkings":{"odds":-149,"spread":1.5},"williamhill_us":{"odds":-145,"spread":1.5},"betmgm":{"odds":-155,"spread":1.5}},"6":{"fanduel":{"odds":150,"spread":-1.5},"bovada":{"odds":155,"spread":-1.5},"williamhill_us":{"odds":143,"spread":-1.5},"betmgm":{"odds":140,"spread":-1.5},"draftkings":{"odds":139,"spread":-1.5}},"7":{"fanduel":{"odds":-182,"spread":1.5},"bovada":{"odds":-180,"spread":1.5},"williamhill_us":{"odds":-170,"spread":1.5},"draftkings":{"odds":-179,"spread":1.5},"betmgm":{"odds":-180,"spread":1.5}},"8":{"fanduel":{"odds":142,"spread":-1.5},"bovada":{"odds":145,"spread":-1.5},"williamhill_us":{"odds":143,"spread":-1.5},"draftkings":{"odds":143,"spread":-1.5},"betmgm":{"odds":140,"spread":-1.5}},"9":{"fanduel":{"odds":-160,"spread":1.5},"bovada":{"odds":-150,"spread":1.5},"williamhill_us":{"odds":-155,"spread":1.5},"draftkings":{"odds":-157,"spread":1.5},"betmgm":{"odds":-155,"spread":1.5}},"10":{"fanduel":{"odds":-210,"spread":1.5},"bovada":{"odds":180,"spread":-1.5},"williamhill_us":{"odds":175,"spread":-1.5},"draftkings":{"odds":-193,"spread":1.5}},"11":{"fanduel":{"odds":-125,"spread":1.5},"bovada":{"odds":-115,"spread":1.5},"williamhill_us":{"odds":-115,"spread":1.5},"draftkings":{"odds":-114,"spread":1.5},"betmgm":{"odds":-118,"spread":1.5}},"12":{"fanduel":{"odds":155,"spread":-1.5},"bovada":{"odds":155,"spread":-1.5},"williamhill_us":{"odds":150,"spread":-1.5},"draftkings":{"odds":149,"spread":-1.5},"betmgm":{"odds":145,"spread":-1.5}},"13":{"fanduel":{"odds":164,"spread":-1.5},"bovada":{"odds":170,"spread":-1.5},"williamhill_us":{"odds":170,"spread":-1.5},"draftkings":{"odds":168,"spread":-1.5},"betmgm":{"odds":165,"spread":-1.5}},"14":{"fanduel":{"odds":112,"spread":-1.5},"bovada":{"odds":105,"spread":-1.5},"williamhill_us":{"odds":105,"spread":-1.5},"draftkings":{"odds":105,"spread":-1.5},"betmgm":{"odds":105,"spread":-1.5}}},"books_away":{"0":{"fanduel":{"odds":-142,"spread":1.5},"bovada":{"odds":-135,"spread":1.5},"williamhill_us":{"odds":-140,"spread":1.5},"betmgm":{"odds":-145,"spread":1.5},"draftkings":{"odds":-138,"spread":1.5}},"1":{"fanduel":{"odds":-137,"spread":1.5},"bovada":{"odds":-135,"spread":1.5},"williamhill_us":{"odds":-135,"spread":1.5},"draftkings":{"odds":-136,"spread":1.5},"betmgm":{"odds":-140,"spread":1.5}},"2":{"fanduel":{"odds":134,"spread":-1.5},"bovada":{"odds":135,"spread":-1.5},"williamhill_us":{"odds":130,"spread":-1.5},"draftkings":{"odds":128,"spread":-1.5},"betmgm":{"odds":125,"spread":-1.5}},"3":{"fanduel":{"odds":-178,"spread":1.5},"bovada":{"odds":-170,"spread":1.5},"williamhill_us":{"odds":-170,"spread":1.5},"draftkings":{"odds":-171,"spread":1.5},"betmgm":{"odds":-170,"spread":1.5}},"4":{"fanduel":{"odds":-170,"spread":1.5},"bovada":{"odds":-170,"spread":1.5},"williamhill_us":{"odds":-160,"spread":1.5},"draftkings":{"odds":-167,"spread":1.5},"betmgm":{"odds":-160,"spread":1.5}},"5":{"fanduel":{"odds":120,"spread":-1.5},"bovada":{"odds":125,"spread":-1.5},"draftkings":{"odds":123,"spread":-1.5},"williamhill_us":{"odds":122,"spread":-1.5},"betmgm":{"odds":125,"spread":-1.5}},"6":{"fanduel":{"odds":-182,"spread":1.5},"bovada":{"odds":-180,"spread":1.5},"williamhill_us":{"odds":-170,"spread":1.5},"betmgm":{"odds":-170,"spread":1.5},"draftkings":{"odds":-169,"spread":1.5}},"7":{"fanduel":{"odds":150,"spread":-1.5},"bovada":{"odds":155,"spread":-1.5},"williamhill_us":{"odds":143,"spread":-1.5},"draftkings":{"odds":148,"spread":-1.5},"betmgm":{"odds":145,"spread":-1.5}},"8":{"fanduel":{"odds":-172,"spread":1.5},"bovada":{"odds":-170,"spread":1.5},"williamhill_us":{"odds":-170,"spread":1.5},"draftkings":{"odds":-173,"spread":1.5},"betmgm":{"odds":-170,"spread":1.5}},"9":{"fanduel":{"odds":132,"spread":-1.5},"bovada":{"odds":130,"spread":-1.5},"williamhill_us":{"odds":130,"spread":-1.5},"draftkings":{"odds":130,"spread":-1.5},"betmgm":{"odds":125,"spread":-1.5}},"10":{"fanduel":{"odds":172,"spread":-1.5},"bovada":{"odds":-220,"spread":1.5},"williamhill_us":{"odds":-210,"spread":1.5},"draftkings":{"odds":158,"spread":-1.5}},"11":{"fanduel":{"odds":104,"spread":-1.5},"bovada":{"odds":-105,"spread":-1.5},"williamhill_us":{"odds":-105,"spread":-1.5},"draftkings":{"odds":-105,"spread":-1.5},"betmgm":{"odds":-102,"spread":-1.5}},"12":{"fanduel":{"odds":-188,"spread":1.5},"bovada":{"odds":-180,"spread":1.5},"williamhill_us":{"odds":-178,"spread":1.5},"draftkings":{"odds":-181,