{"game_id":{"0":"9936f843966ef49b29f8f61cd41491f1","1":"6d160243347bd35cdb3abf1b2690fda8","2":"6c8098ab353355d002d66e825b4217ab","3":"79fa6c856d2a95ff10cb955ab2d424e2","4":"07b1faa56850a94bfd3921725fe520a2","5":"b2c44ca94237edf5b7270d7dde706835","6":"fe40950314ca87c69985e8a1a37c8822","7":"744c4597586797d5f7e9be094f031f11","8":"c125a2382938301b1e4462c3600de32b","9":"ad3552c4909328a0be4de1ec98e97bcf","10":"a0a43f882e4a4ab92fa1024e42f33be0","11":"34393ecc2b2d109779095b1d4935225b","12":"a1fa0d550bd68cf44d71f0657fa93d6a","13":"265d87925f501ac50a2a12c6b5a91354","14":"a0929cf66d445eec19f118010165e95c"},"home_team":{"0":"Cleveland Guardians","1":"Baltimore Orioles","2":"Cincinnati Reds","3":"Pittsburgh Pirates","4":"Boston Red Sox","5":"Toronto Blue Jays","6":"New York Mets","7":"Atlanta Braves","8":"Chicago White Sox","9":"Minnesota Twins","10":"Milwaukee Brewers","11":"Texas Rangers","12":"Houston Astros","13":"Athletics","14":"Los Angeles Dodgers"},"away_team":{"0":"Los Angeles Angels","1":"New York Yankees","2":"Washington Nationals","3":"Colorado Rockies","4":"Philadelphia Phillies","5":"Tampa Bay Rays","6":"Detroit Tigers","7":"Chicago Cubs","8":"Kansas City Royals","9":"Miami Marlins","10":"San Diego Padres","11":"Arizona Diamondbacks","12":"Seattle Mariners","13":"St. Louis Cardinals","14":"San Francisco Giants"},"home_spread":{"0":-1.5,"1":1.5,"2":-1.5,"3":-1.5,"4":1.5,"5":1.5,"6":-1.5,"7":-1.5,"8":1.5,"9":-1.5,"10":-1.5,"11":-1.5,"12":1.5,"13":-1.5,"14":-1.5},"away_spread":{"0":1.5,"1":-1.5,"2":1.5,"3":1.5,"4":-1.5,"5":-1.5,"6":1.5,"7":-1.5,"8":-1.5,"9":-1.5,"10":-1.5,"11":1.5,"12":-1.5,"13":1.5,"14":1.5},"best_home_odds":{"0":155,"1":-115,"2":140,"3":-140,"4":-135,"5":-155,"6":150,"7":162,"8":-155,"9":180,"10":158,"11":165,"12":-130,"13":130,"14":-135},"best_away_odds":{"0":-175,"1":100,"2":-156,"3":130,"4":118,"5":136,"6":-170,"7":160,"8":136,"9":162,"10":160,"11":-182,"12":120,"13":-145,"14":119},"home_cover_nv_prob":{"0":0.3812824957,"1":0.5168539326,"2":0.4060913706,"3":0.5729537367,"4":0.5560173814,"5":0.5892396907,"6":0.3884892086,"7":0.4980842912,"8":0.5892396907,"9":0.4833948339,"10":0.5019305019,"11":0.3689650661,"12":0.5542635659,"13":0.4235090752,"14":0.5571468953},"away_cover_nv_prob":{"0":0.6187175043,"1":0.4831460674,"2":0.5939086294,"3":0.4270462633,"4":0.4439826186,"5":0.4107603093,"6":0.6115107914,"7":0.5019157088,"8":0.4107603093,"9":0.5166051661,"10":0.4980694981,"11":0.6310349339,"12":0.4457364341,"13":0.5764909248,"14":0.4428531047},"books_home":{"0":{"fanduel":{"odds":150,"spread":-1.5},"williamhill_us":{"odds":150,"spread":-1.5},"draftkings":{"odds":144,"spread":-1.5},"betmgm":{"odds":155,"spread":-1.5}},"1":{"fanduel":{"odds":-115,"spread":1.5},"draftkings":{"odds":-120,"spread":1.5},"williamhill_us":{"odds":-120,"spread":1.5},"betmgm":{"odds":-120,"spread":1.5}},"2":{"fanduel":{"odds":130,"spread":-1.5},"williamhill_us":{"odds":135,"spread":-1.5},"draftkings":{"odds":135,"spread":-1.5},"betmgm":{"odds":140,"spread":-1.5}},"3":{"fanduel":{"odds":-146,"spread":-1.5},"williamhill_us":{"odds":-155,"spread":-1.5},"draftkings":{"odds":-149,"spread":-1.5},"betmgm":{"odds":-140,"spread":-1.5}},"4":{"fanduel":{"odds":-137,"spread":1.5},"betmgm":{"odds":-145,"spread":1.5},"draftkings":{"odds":-136,"spread":1.5},"williamhill_us":{"odds":-135,"spread":1.5}},"5":{"fanduel":{"odds":-164,"spread":1.5},"williamhill_us":{"odds":-155,"spread":1.5},"draftkings":{"odds":-156,"spread":1.5},"betmgm":{"odds":-160,"spread":1.5}},"6":{"fanduel":{"odds":146,"spread":-1.5},"williamhill_us":{"odds":143,"spread":-1.5},"draftkings":{"odds":141,"spread":-1.5},"betmgm":{"odds":150,"spread":-1.5}},"7":{"fanduel":{"odds":-194,"spread":1.5},"williamhill_us":{"odds":162,"spread":-1.5},"draftkings":{"odds":-189,"spread":1.5}},"8":{"fanduel":{"odds":-164,"spread":1.5},"williamhill_us":{"odds":-155,"spread":1.5},"draftkings":{"odds":-156,"spread":1.5},"betmgm":{"odds":-160,"spread":1.5}},"9":{"fanduel":{"odds":-196,"spread":1.5},"williamhill_us":{"odds":180,"spread":-1.5},"draftkings":{"odds":-173,"spread":1.5}},"10":{"fanduel":{"odds":150,"spread":-1.5},"williamhill_us":{"odds":158,"spread":-1.5},"draftkings":{"odds":153,"spread":-1.5},"betmgm":{"odds":-210,"spread":1.5}},"11":{"fanduel":{"odds":150,"spread":-1.5},"williamhill_us":{"odds":158,"spread":-1.5},"draftkings":{"odds":153,"spread":-1.5},"betmgm":{"odds":165,"spread":-1.5}},"12":{"fanduel":{"odds":-134,"spread":1.5},"williamhill_us":{"odds":-130,"spread":1.5},"draftkings":{"odds":-131,"spread":1.5},"betmgm":{"odds":-145,"spread":1.5}},"13":{"fanduel":{"odds":130,"spread":-1.5},"williamhill_us":{"odds":122,"spread":-1.5},"draftkings":{"odds":123,"spread":-1.5},"betmgm":{"odds":125,"spread":-1.5}},"14":{"fanduel":{"odds":-137,"spread":-1.5},"williamhill_us":{"odds":-140,"spread":-1.5},"draftkings":{"odds":-143,"spread":-1.5},"betmgm":{"odds":-135,"spread":-1.5}}},"books_away":{"0":{"fanduel":{"odds":-182,"spread":1.5},"williamhill_us":{"odds":-178,"spread":1.5},"draftkings":{"odds":-175,"spread":1.5},"betmgm":{"odds":-190,"spread":1.5}},"1":{"fanduel":{"odds":-104,"spread":-1.5},"draftkings":{"odds":100,"spread":-1.5},"williamhill_us":{"odds":100,"spread":-1.5},"betmgm":{"odds":100,"spread":-1.5}},"2":{"fanduel":{"odds":-156,"spread":1.5},"williamhill_us":{"odds":-160,"spread":1.5},"draftkings":{"odds":-163,"spread":1.5},"betmgm":{"odds":-170,"spread":1.5}},"3":{"fanduel":{"odds":122,"spread":1.5},"williamhill_us":{"odds":130,"spread":1.5},"draftkings":{"odds":123,"spread":1.5},"betmgm":{"odds":115,"spread":1.5}},"4":{"fanduel":{"odds":114,"spread":-1.5},"betmgm":{"odds":118,"spread":-1.5},"draftkings":{"odds":113,"spread":-1.5},"williamhill_us":{"odds":115,"spread":-1.5}},"5":{"fanduel":{"odds":136,"spread":-1.5},"williamhill_us":{"odds":130,"spread":-1.5},"draftkings":{"odds":129,"spread":-1.5},"betmgm":{"odds":135,"spread":-1.5}},"6":{"fanduel":{"odds":-176,"spread":1.5},"williamhill_us":{"odds":-170,"spread":1.5},"draftkings":{"odds":-171,"spread":1.5},"betmgm":{"odds":-185,"spread":1.5}},"7":{"fanduel":{"odds":160,"spread":-1.5},"williamhill_us":{"odds":-195,"spread":1.5},"draftkings":{"odds":155,"spread":-1.5}},"8":{"fanduel":{"odds":136,"spread":-1.5},"williamhill_us":{"odds":130,"spread":-1.5},"draftkings":{"odds":129,"spread":-1.5},"betmgm":{"odds":135,"spread":-1.5}},"9":{"fanduel":{"odds":162,"spread":-1.5},"williamhill_us":{"odds":-220,"spread":1.5},"draftkings":{"odds":143,"spread":-1.5}},"10":{"fanduel":{"odds":-182,"spread":1.5},"williamhill_us":{"odds":-190,"spread":1.5},"draftkings":{"odds":-186,"spread":1.5},"betmgm":{"odds":160,"spread":-1.5}},"11":{"fanduel":{"odds":-182,"spread":1.5},"williamhill_us":{"odds":-190,"spread":1.5},"draftkings":{"odds":-186,"spread":1.5},"betmgm":{"odds":-200,"spread":1.5}},"12":{"fanduel":{"odds":112,"spread":-1.5},"williamhill_us":{"odds":110,"spread":-1.5},"draftkings":{"odds":109,"spread":-1.5},"betmgm":{"odds":120,"spread":-1.5}},"13":{"fanduel":{"odds":-156,"spread":1.5},"williamhill_us":{"odds":-145,"spread":1.5},"draftkings":{"odds":-149,"spread":1.5},"betmgm":{"odds":-150,"spread":1.5}},"14":{"fanduel":{"odds":114,"spread":1.5},"williamhill_us":{"odds":118,"spread":1.5},"draftkings":{"odds":119,"spread":1.5},"betmgm":{"odds":110,"spread":1.5}}}}