{"game_id":{"0":"b2b5566d4285c0ab7ca9f78f4d1a6de7","1":"3c9ebf868da49e615e589bd0d839b640","2":"781a040a058473c689200f515770de83","3":"ca628e132f0ee9d811d1967c7062a0a5","4":"5a82b72d720f0eb369a8aaea7d673273","5":"5a48e526a92801449cb2aff612e11b5f","6":"fbf763600d3ccdeb10333812e326159f","7":"6015a24988595d49a325507fa8543243","8":"be00405883c8d7ad0c220c8af4c08a53","9":"72f79061defb394c2e533967c55edb30","10":"7401e0a3694fdfd518a0b949987e61b4","11":"bb7e51c3ed5e76ca658d46e6b586c0fa","12":"630b5c008c0741c01c32f890068fa598","13":"d221d6de333533ced3489663067a588d","14":"54e35854b4573f13cd3a3491cd75cfa1"},"home_team":{"0":"Cleveland Guardians","1":"Baltimore Orioles","2":"Cincinnati Reds","3":"Philadelphia Phillies","4":"Pittsburgh Pirates","5":"Toronto Blue Jays","6":"New York Mets","7":"Atlanta Braves","8":"Chicago White Sox","9":"Milwaukee Brewers","10":"Minnesota Twins","11":"Texas Rangers","12":"Athletics","13":"San Diego Padres","14":"Los Angeles Dodgers"},"away_team":{"0":"Tampa Bay Rays","1":"Houston Astros","2":"Colorado Rockies","3":"San Francisco Giants","4":"St. Louis Cardinals","5":"Boston Red Sox","6":"Washington Nationals","7":"Detroit Tigers","8":"Los Angeles Angels","9":"Arizona Diamondbacks","10":"Seattle Mariners","11":"New York Yankees","12":"Kansas City Royals","13":"Chicago Cubs","14":"Miami Marlins"},"home_spread":{"0":-1.5,"1":-1.5,"2":-1.5,"3":-1.5,"4":-1.5,"5":-1.5,"6":-1.5,"7":-1.5,"8":1.5,"9":-1.5,"10":1.5,"11":1.5,"12":1.5,"13":1.5,"14":-1.5},"away_spread":{"0":1.5,"1":1.5,"2":1.5,"3":1.5,"4":1.5,"5":-1.5,"6":1.5,"7":-1.5,"8":-1.5,"9":-1.5,"10":-1.5,"11":-1.5,"12":-1.5,"13":-1.5,"14":1.5},"best_home_odds":{"0":165,"1":150,"2":105,"3":130,"4":145,"5":180,"6":120,"7":168,"8":-145,"9":185,"10":-160,"11":-164,"12":-160,"13":-163,"14":-135},"best_away_odds":{"0":-186,"1":-166,"2":-120,"3":-144,"4":-156,"5":170,"6":-135,"7":158,"8":135,"9":165,"10":140,"11":150,"12":140,"13":140,"14":115},"home_cover_nv_prob":{"0":0.3671844909,"1":0.3906020558,"2":0.4721030043,"3":0.4242002782,"4":0.401128173,"5":0.4909090909,"6":0.4417293233,"7":0.4904942966,"8":0.5817328212,"9":0.4818181818,"10":0.5962732919,"11":0.6083086053,"12":0.5962732919,"13":0.5979822684,"14":0.5525940029},"away_cover_nv_prob":{"0":0.6328155091,"1":0.6093979442,"2":0.5278969957,"3":0.5757997218,"4":0.598871827,"5":0.5090909091,"6":0.5582706767,"7":0.5095057034,"8":0.4182671788,"9":0.5181818182,"10":0.4037267081,"11":0.3916913947,"12":0.4037267081,"13":0.4020177316,"14":0.4474059971},"books_home":{"0":{"fanduel":{"odds":155,"spread":-1.5},"draftkings":{"odds":153,"spread":-1.5},"williamhill_us":{"odds":158,"spread":-1.5},"betmgm":{"odds":155,"spread":-1.5},"bovada":{"odds":165,"spread":-1.5}},"1":{"fanduel":{"odds":138,"spread":-1.5},"draftkings":{"odds":144,"spread":-1.5},"williamhill_us":{"odds":143,"spread":-1.5},"betmgm":{"odds":150,"spread":-1.5},"bovada":{"odds":150,"spread":-1.5}},"2":{"fanduel":{"odds":102,"spread":-1.5},"draftkings":{"odds":100,"spread":-1.5},"williamhill_us":{"odds":100,"spread":-1.5},"bovada":{"odds":105,"spread":-1.5},"betmgm":{"odds":105,"spread":-1.5}},"3":{"fanduel":{"odds":120,"spread":-1.5},"draftkings":{"odds":123,"spread":-1.5},"williamhill_us":{"odds":122,"spread":-1.5},"betmgm":{"odds":125,"spread":-1.5},"bovada":{"odds":130,"spread":-1.5}},"4":{"fanduel":{"odds":130,"spread":-1.5},"draftkings":{"odds":135,"spread":-1.5},"bovada":{"odds":135,"spread":-1.5},"betmgm":{"odds":145,"spread":-1.5},"williamhill_us":{"odds":135,"spread":-1.5}},"5":{"fanduel":{"odds":176,"spread":-1.5},"draftkings":{"odds":-191,"spread":1.5},"williamhill_us":{"odds":180,"spread":-1.5},"betmgm":{"odds":-210,"spread":1.5},"bovada":{"odds":180,"spread":-1.5}},"6":{"fanduel":{"odds":118,"spread":-1.5},"draftkings":{"odds":113,"spread":-1.5},"williamhill_us":{"odds":115,"spread":-1.5},"betmgm":{"odds":118,"spread":-1.5},"bovada":{"odds":120,"spread":-1.5}},"7":{"fanduel":{"odds":168,"spread":-1.5},"draftkings":{"odds":-193,"spread":1.5},"williamhill_us":{"odds":158,"spread":-1.5},"bovada":{"odds":165,"spread":-1.5}},"8":{"fanduel":{"odds":-152,"spread":1.5},"draftkings":{"odds":-156,"spread":1.5},"williamhill_us":{"odds":-145,"spread":1.5},"betmgm":{"odds":-160,"spread":1.5},"bovada":{"odds":-145,"spread":1.5}},"9":{"fanduel":{"odds":-192,"spread":1.5},"draftkings":{"odds":-189,"spread":1.5},"bovada":{"odds":185,"spread":-1.5},"betmgm":{"odds":-200,"spread":1.5},"williamhill_us":{"odds":-190,"spread":1.5}},"10":{"fanduel":{"odds":-166,"spread":1.5},"draftkings":{"odds":-163,"spread":1.5},"williamhill_us":{"odds":-160,"spread":1.5},"bovada":{"odds":-165,"spread":1.5}},"11":{"fanduel":{"odds":-164,"spread":1.5},"draftkings":{"odds":-168,"spread":1.5},"williamhill_us":{"odds":-170,"spread":1.5},"bovada":{"odds":-175,"spread":1.5},"betmgm":{"odds":-175,"spread":1.5}},"12":{"fanduel":{"odds":-164,"spread":1.5},"williamhill_us":{"odds":-160,"spread":1.5},"bovada":{"odds":-165,"spread":1.5},"betmgm":{"odds":-165,"spread":1.5},"draftkings":{"odds":-168,"spread":1.5}},"13":{"fanduel":{"odds":-166,"spread":1.5},"draftkings":{"odds":-163,"spread":1.5},"williamhill_us":{"odds":-165,"spread":1.5},"bovada":{"odds":-165,"spread":1.5},"betmgm":{"odds":-170,"spread":1.5}},"14":{"fanduel":{"odds":-137,"spread":-1.5},"draftkings":{"odds":-136,"spread":-1.5},"williamhill_us":{"odds":-135,"spread":-1.5},"bovada":{"odds":-135,"spread":-1.5},"betmgm":{"odds":-135,"spread":-1.5}}},"books_away":{"0":{"fanduel":{"odds":-188,"spread":1.5},"draftkings":{"odds":-186,"spread":1.5},"williamhill_us":{"odds":-190,"spread":1.5},"betmgm":{"odds":-190,"spread":1.5},"bovada":{"odds":-195,"spread":1.5}},"1":{"fanduel":{"odds":-166,"spread":1.5},"draftkings":{"odds":-175,"spread":1.5},"williamhill_us":{"odds":-170,"spread":1.5},"betmgm":{"odds":-185,"spread":1.5},"bovada":{"odds":-175,"spread":1.5}},"2":{"fanduel":{"odds":-122,"spread":1.5},"draftkings":{"odds":-120,"spread":1.5},"williamhill_us":{"odds":-120,"spread":1.5},"bovada":{"odds":-125,"spread":1.5},"betmgm":{"odds":-130,"spread":1.5}},"3":{"fanduel":{"odds":-144,"spread":1.5},"draftkings":{"odds":-149,"spread":1.5},"williamhill_us":{"odds":-145,"spread":1.5},"betmgm":{"odds":-155,"spread":1.5},"bovada":{"odds":-150,"spread":1.5}},"4":{"fanduel":{"odds":-156,"spread":1.5},"draftkings":{"odds":-163,"spread":1.5},"bovada":{"odds":-160,"spread":1.5},"betmgm":{"odds":-180,"spread":1.5},"williamhill_us":{"odds":-160,"spread":1.5}},"5":{"fanduel":{"odds":-210,"spread":1.5},"draftkings":{"odds":156,"spread":-1.5},"williamhill_us":{"odds":-220,"spread":1.5},"betmgm":{"odds":170,"spread":-1.5},"bovada":{"odds":-220,"spread":1.5}},"6":{"fanduel":{"odds":-142,"spread":1.5},"draftkings":{"odds":-136,"spread":1.5},"williamhill_us":{"odds":-135,"spread":1.5},"betmgm":{"odds":-145,"spread":1.5},"bovada":{"odds":-140,"spread":1.5}},"7":{"fanduel":{"odds":-205,"spread":1.5},"draftkings":{"odds":158,"spread":-1.5},"williamhill_us":{"odds":-190,"spread":1.5},"bovada":{"odds":-195,"spread":1.5}},"8":{"fanduel":{"odds":126,"spread":-1.5},"draftkings":{"odds":129,"spread":-1.5},"williamhill_us":{"odds":122,"spread":-1.5},"betmgm":{"odds":135,"spread":-1.5},"bovada":{"odds":125,"spread":-1.5}},"9":{"fanduel":{"odds":158,"spread":-1.5},"draftkings":{"odds":155,"spread":-1.5},"bovada":{"odds":-225,"spread":1.5},"betmgm":{"odds":165,"spread":-1.5},"williamhill_us":{"odds":158,"spread":-1.5}},"10":{"fanduel":{"odds":138,"spread":-1.5},"draftkings":{"odds":135,"spread":-1.5},"williamhill_us":{"odds":135,"spread":-1.5},"bovada":{"odds":140,"spread":-1.5}},"11":{"fanduel":{"odds":136,"spread":-1.5},"draftkings":{"odds":139,"spread":-1.5},"williamhill_us":{"odds":143,"spread":-1.5},"bovada":{"odds":150,"spread":-1.5},"betmgm":{"odds":145,"spread":-1.5}},"12":{"fanduel":{"odds":136,"spread":-1.5},"williamhill_us":{"odds":135,"spread":-1.5},"bovada":{"odds":140,"spread":-1.5},"betmgm":{"odds":135,"spread":-1.5},"draftkings":{"odds":139,"spread":-1.5}},"13":{"fanduel":{"odds":138,