{"game_id":{"0":"2787e023f11e64827987a41be824a63b","1":"ff01c7f99eb2c7a83211f3386020fbe8","2":"c49d57a0f27c1800a2c7bbdabba612fe","3":"b5208270f224abe601bbcd84e50b538a","4":"05d72d7bf55653292200aa8a6848aec3","5":"6e4eb3c6a07da4b8a22a67806cd6a7f0","6":"c81dc56167111218eb7d369db230ad62","7":"f2e11191da4c1bb89d2c6b19a7536d9d","8":"daef1f1e03324e709f683a56a6ad0487"},"home_team":{"0":"Tampa Bay Rays","1":"Washington Nationals","2":"Cincinnati Reds","3":"Minnesota Twins","4":"Milwaukee Brewers","5":"St. Louis Cardinals","6":"Los Angeles Angels","7":"Arizona Diamondbacks","8":"Seattle Mariners"},"away_team":{"0":"Detroit Tigers","1":"Miami Marlins","2":"Kansas City Royals","3":"Chicago White Sox","4":"San Francisco Giants","5":"Texas Rangers","6":"Colorado Rockies","7":"Los Angeles Dodgers","8":"New York Mets"},"home_spread":{"0":-1.5,"1":-1.5,"2":-1.5,"3":-1.5,"4":-1.5,"5":1.5,"6":-1.5,"7":1.5,"8":-1.5},"away_spread":{"0":1.5,"1":1.5,"2":1.5,"3":1.5,"4":1.5,"5":-1.5,"6":1.5,"7":-1.5,"8":1.5},"best_home_odds":{"0":120,"1":145,"2":-102,"3":135,"4":136,"5":-160,"6":-105,"7":-120,"8":162},"best_away_odds":{"0":-135,"1":-165,"2":-108,"3":-150,"4":-150,"5":138,"6":-110,"7":108,"8":-185},"home_cover_nv_prob":{"0":0.4417293233,"1":0.3959656332,"2":0.4930284439,"3":0.4149377593,"4":0.4139072848,"5":0.5942571785,"6":0.4943946188,"7":0.531516184,"8":0.3702741328},"away_cover_nv_prob":{"0":0.5582706767,"1":0.6040343668,"2":0.5069715561,"3":0.5850622407,"4":0.5860927152,"5":0.4057428215,"6":0.5056053812,"7":0.468483816,"8":0.6297258672},"books_home":{"0":{"fanduel":{"odds":120,"spread":-1.5},"draftkings":{"odds":119,"spread":-1.5},"williamhill_us":{"odds":115,"spread":-1.5},"betmgm":{"odds":120,"spread":-1.5},"bovada":{"odds":120,"spread":-1.5}},"1":{"fanduel":{"odds":140,"spread":-1.5},"draftkings":{"odds":137,"spread":-1.5},"williamhill_us":{"odds":140,"spread":-1.5},"betmgm":{"odds":135,"spread":-1.5},"bovada":{"odds":145,"spread":-1.5}},"2":{"fanduel":{"odds":-102,"spread":-1.5},"draftkings":{"odds":-112,"spread":-1.5},"williamhill_us":{"odds":-110,"spread":-1.5},"betmgm":{"odds":-110,"spread":-1.5},"bovada":{"odds":-105,"spread":-1.5}},"3":{"fanduel":{"odds":134,"spread":-1.5},"draftkings":{"odds":124,"spread":-1.5},"williamhill_us":{"odds":130,"spread":-1.5},"betmgm":{"odds":125,"spread":-1.5},"bovada":{"odds":135,"spread":-1.5}},"4":{"fanduel":{"odds":136,"spread":-1.5},"draftkings":{"odds":135,"spread":-1.5},"williamhill_us":{"odds":126,"spread":-1.5},"betmgm":{"odds":135,"spread":-1.5},"bovada":{"odds":135,"spread":-1.5}},"5":{"fanduel":{"odds":-166,"spread":1.5},"draftkings":{"odds":-164,"spread":1.5},"williamhill_us":{"odds":-160,"spread":1.5},"betmgm":{"odds":-165,"spread":1.5},"bovada":{"odds":-160,"spread":1.5}},"6":{"fanduel":{"odds":-105,"spread":-1.5},"draftkings":{"odds":-105,"spread":-1.5},"williamhill_us":{"odds":-110,"spread":-1.5},"bovada":{"odds":-105,"spread":-1.5},"betmgm":{"odds":-110,"spread":-1.5}},"7":{"fanduel":{"odds":-130,"spread":1.5},"draftkings":{"odds":-122,"spread":1.5},"williamhill_us":{"odds":-125,"spread":1.5},"betmgm":{"odds":-120,"spread":1.5},"bovada":{"odds":-125,"spread":1.5}},"8":{"fanduel":{"odds":162,"spread":-1.5},"williamhill_us":{"odds":158,"spread":-1.5},"betmgm":{"odds":155,"spread":-1.5},"draftkings":{"odds":158,"spread":-1.5},"bovada":{"odds":160,"spread":-1.5}}},"books_away":{"0":{"fanduel":{"odds":-144,"spread":1.5},"draftkings":{"odds":-143,"spread":1.5},"williamhill_us":{"odds":-135,"spread":1.5},"betmgm":{"odds":-145,"spread":1.5},"bovada":{"odds":-140,"spread":1.5}},"1":{"fanduel":{"odds":-170,"spread":1.5},"draftkings":{"odds":-167,"spread":1.5},"williamhill_us":{"odds":-165,"spread":1.5},"betmgm":{"odds":-165,"spread":1.5},"bovada":{"odds":-170,"spread":1.5}},"2":{"fanduel":{"odds":-118,"spread":1.5},"draftkings":{"odds":-108,"spread":1.5},"williamhill_us":{"odds":-110,"spread":1.5},"betmgm":{"odds":-110,"spread":1.5},"bovada":{"odds":-115,"spread":1.5}},"3":{"fanduel":{"odds":-162,"spread":1.5},"draftkings":{"odds":-150,"spread":1.5},"williamhill_us":{"odds":-155,"spread":1.5},"betmgm":{"odds":-150,"spread":1.5},"bovada":{"odds":-160,"spread":1.5}},"4":{"fanduel":{"odds":-164,"spread":1.5},"draftkings":{"odds":-163,"spread":1.5},"williamhill_us":{"odds":-150,"spread":1.5},"betmgm":{"odds":-165,"spread":1.5},"bovada":{"odds":-160,"spread":1.5}},"5":{"fanduel":{"odds":138,"spread":-1.5},"draftkings":{"odds":136,"spread":-1.5},"williamhill_us":{"odds":135,"spread":-1.5},"betmgm":{"odds":135,"spread":-1.5},"bovada":{"odds":135,"spread":-1.5}},"6":{"fanduel":{"odds":-114,"spread":1.5},"draftkings":{"odds":-114,"spread":1.5},"williamhill_us":{"odds":-110,"spread":1.5},"bovada":{"odds":-115,"spread":1.5},"betmgm":{"odds":-110,"spread":1.5}},"7":{"fanduel":{"odds":108,"spread":-1.5},"draftkings":{"odds":102,"spread":-1.5},"williamhill_us":{"odds":105,"spread":-1.5},"betmgm":{"odds":100,"spread":-1.5},"bovada":{"odds":105,"spread":-1.5}},"8":{"fanduel":{"odds":-200,"spread":1.5},"williamhill_us":{"odds":-190,"spread":1.5},"betmgm":{"odds":-190,"spread":1.5},"draftkings":{"odds":-193,"spread":1.5},"bovada":{"odds":-185,"spread":1.5}}}}