{"game_id":{"0":"48b9e30cc5595d9696cc12db0aef6114","1":"e7bc40f9611b8baa6328e83959820910","2":"b5ee5b660c88cd4cb3262b4b7e9f236f","3":"8638889acbe04188b2fcf40386691db5","4":"6852a6697b356bb6e8a0216138056714","5":"990a59a7449ed13a05090cf52c0e8d90","6":"5c34cdfbbae06991923848f910bcad7e","7":"7b162981e371aa40406814eda380bb75","8":"9587d8ccb994fa95ccf0d6ea51bb3393","9":"71afed60c85a1e206512b59088d8479f","10":"c9b16007bef6e68c3d559ee080921941","11":"0bbb2fe84dad148ca7acd671cfd4278a","12":"e82a29b726b7958743405c67fec4b61a"},"home_team":{"0":"Tampa Bay Rays","1":"Cleveland Guardians","2":"Miami Marlins","3":"Pittsburgh Pirates","4":"Boston Red Sox","5":"Washington Nationals","6":"Toronto Blue Jays","7":"Chicago White Sox","8":"Minnesota Twins","9":"Texas Rangers","10":"Colorado Rockies","11":"Los Angeles Angels","12":"San Francisco Giants"},"away_team":{"0":"Chicago Cubs","1":"Kansas City Royals","2":"Cincinnati Reds","3":"San Diego Padres","4":"Milwaukee Brewers","5":"St. Louis Cardinals","6":"Los Angeles Dodgers","7":"Baltimore Orioles","8":"Detroit Tigers","9":"Seattle Mariners","10":"Houston Astros","11":"Atlanta Braves","12":"Philadelphia Phillies"},"home_spread":{"0":-1.5,"1":-1.5,"2":-1.5,"3":-1.5,"4":1.5,"5":1.5,"6":1.5,"7":1.5,"8":-1.5,"9":-1.5,"10":1.5,"11":1.5,"12":1.5},"away_spread":{"0":-1.5,"1":-1.5,"2":-1.5,"3":1.5,"4":-1.5,"5":-1.5,"6":-1.5,"7":-1.5,"8":1.5,"9":-1.5,"10":-1.5,"11":-1.5,"12":-1.5},"best_home_odds":{"0":180,"1":180,"2":172,"3":165,"4":-164,"5":-170,"6":-135,"7":-130,"8":180,"9":180,"10":105,"11":-118,"12":-170},"best_away_odds":{"0":155,"1":176,"2":170,"3":-180,"4":150,"5":150,"6":125,"7":115,"8":-205,"9":167,"10":-120,"11":102,"12":150},"home_cover_nv_prob":{"0":0.476635514,"1":0.4964028777,"2":0.4981549815,"3":0.3698811096,"4":0.6083086053,"5":0.6115107914,"6":0.5638051044,"7":0.5485770363,"8":0.3469852105,"9":0.4881170018,"10":0.4721030043,"11":0.5223069507,"12":0.6115107914},"away_cover_nv_prob":{"0":0.523364486,"1":0.5035971223,"2":0.5018450185,"3":0.6301188904,"4":0.3916913947,"5":0.3884892086,"6":0.4361948956,"7":0.4514229637,"8":0.6530147895,"9":0.5118829982,"10":0.5278969957,"11":0.4776930493,"12":0.3884892086},"books_home":{"0":{"fanduel":{"odds":-184,"spread":1.5},"williamhill_us":{"odds":180,"spread":-1.5},"betmgm":{"odds":-190,"spread":1.5},"draftkings":{"odds":-186,"spread":1.5},"bovada":{"odds":180,"spread":-1.5}},"1":{"fanduel":{"odds":-215,"spread":1.5},"williamhill_us":{"odds":180,"spread":-1.5},"draftkings":{"odds":-196,"spread":1.5},"betmgm":{"odds":-200,"spread":1.5},"bovada":{"odds":180,"spread":-1.5}},"2":{"fanduel":{"odds":172,"spread":-1.5},"williamhill_us":{"odds":162,"spread":-1.5},"draftkings":{"odds":163,"spread":-1.5},"betmgm":{"odds":-210,"spread":1.5},"bovada":{"odds":165,"spread":-1.5}},"3":{"fanduel":{"odds":160,"spread":-1.5},"williamhill_us":{"odds":158,"spread":-1.5},"draftkings":{"odds":153,"spread":-1.5},"betmgm":{"odds":165,"spread":-1.5},"bovada":{"odds":155,"spread":-1.5}},"4":{"fanduel":{"odds":-164,"spread":1.5},"williamhill_us":{"odds":-170,"spread":1.5},"draftkings":{"odds":-171,"spread":1.5},"betmgm":{"odds":-185,"spread":1.5},"bovada":{"odds":-165,"spread":1.5}},"5":{"fanduel":{"odds":-176,"spread":1.5},"williamhill_us":{"odds":-170,"spread":1.5},"draftkings":{"odds":-171,"spread":1.5},"betmgm":{"odds":-185,"spread":1.5},"bovada":{"odds":-170,"spread":1.5}},"6":{"fanduel":{"odds":-144,"spread":1.5},"williamhill_us":{"odds":-135,"spread":1.5},"draftkings":{"odds":-136,"spread":1.5},"betmgm":{"odds":-150,"spread":1.5},"bovada":{"odds":-135,"spread":1.5}},"7":{"fanduel":{"odds":-137,"spread":1.5},"draftkings":{"odds":-136,"spread":1.5},"betmgm":{"odds":-130,"spread":1.5},"bovada":{"odds":-135,"spread":1.5}},"8":{"fanduel":{"odds":176,"spread":-1.5},"williamhill_us":{"odds":170,"spread":-1.5},"draftkings":{"odds":169,"spread":-1.5},"bovada":{"odds":180,"spread":-1.5}},"9":{"fanduel":{"odds":-200,"spread":1.5},"williamhill_us":{"odds":175,"spread":-1.5},"draftkings":{"odds":-204,"spread":1.5},"betmgm":{"odds":-200,"spread":1.5},"bovada":{"odds":180,"spread":-1.5}},"10":{"fanduel":{"odds":104,"spread":1.5},"draftkings":{"odds":100,"spread":1.5},"betmgm":{"odds":105,"spread":1.5},"bovada":{"odds":100,"spread":1.5},"williamhill_us":{"odds":100,"spread":1.5}},"11":{"fanduel":{"odds":-122,"spread":1.5},"betmgm":{"odds":-118,"spread":1.5},"draftkings":{"odds":-120,"spread":1.5},"williamhill_us":{"odds":-120,"spread":1.5},"bovada":{"odds":-120,"spread":1.5}},"12":{"fanduel":{"odds":-182,"spread":1.5},"draftkings":{"odds":-171,"spread":1.5},"betmgm":{"odds":-185,"spread":1.5},"williamhill_us":{"odds":-170,"spread":1.5},"bovada":{"odds":-170,"spread":1.5}}},"books_away":{"0":{"fanduel":{"odds":152,"spread":-1.5},"williamhill_us":{"odds":-220,"spread":1.5},"betmgm":{"odds":155,"spread":-1.5},"draftkings":{"odds":153,"spread":-1.5},"bovada":{"odds":-220,"spread":1.5}},"1":{"fanduel":{"odds":176,"spread":-1.5},"williamhill_us":{"odds":-220,"spread":1.5},"draftkings":{"odds":161,"spread":-1.5},"betmgm":{"odds":165,"spread":-1.5},"bovada":{"odds":-220,"spread":1.5}},"2":{"fanduel":{"odds":-210,"spread":1.5},"williamhill_us":{"odds":-195,"spread":1.5},"draftkings":{"odds":-199,"spread":1.5},"betmgm":{"odds":170,"spread":-1.5},"bovada":{"odds":-195,"spread":1.5}},"3":{"fanduel":{"odds":-194,"spread":1.5},"williamhill_us":{"odds":-190,"spread":1.5},"draftkings":{"odds":-186,"spread":1.5},"betmgm":{"odds":-200,"spread":1.5},"bovada":{"odds":-180,"spread":1.5}},"4":{"fanduel":{"odds":136,"spread":-1.5},"williamhill_us":{"odds":143,"spread":-1.5},"draftkings":{"odds":141,"spread":-1.5},"betmgm":{"odds":150,"spread":-1.5},"bovada":{"odds":140,"spread":-1.5}},"5":{"fanduel":{"odds":142,"spread":-1.5},"williamhill_us":{"odds":143,"spread":-1.5},"draftkings":{"odds":141,"spread":-1.5},"betmgm":{"odds":150,"spread":-1.5},"bovada":{"odds":145,"spread":-1.5}},"6":{"fanduel":{"odds":120,"spread":-1.5},"williamhill_us":{"odds":115,"spread":-1.5},"draftkings":{"odds":113,"spread":-1.5},"betmgm":{"odds":125,"spread":-1.5},"bovada":{"odds":115,"spread":-1.5}},"7":{"fanduel":{"odds":114,"spread":-1.5},"draftkings":{"odds":113,"spread":-1.5},"betmgm":{"odds":110,"spread":-1.5},"bovada":{"odds":115,"spread":-1.5}},"8":{"fanduel":{"odds":-215,"spread":1.5},"williamhill_us":{"odds":-205,"spread":1.5},"draftkings":{"odds":-207,"spread":1.5},"bovada":{"odds":-220,"spread":1.5}},"9":{"fanduel":{"odds":164,"spread":-1.5},"williamhill_us":{"odds":-210,"spread":1.5},"draftkings":{"odds":167,"spread":-1.5},"betmgm":{"odds":165,"spread":-1.5},"bovada":{"odds":-220,"spread":1.5}},"10":{"fanduel":{"odds":-125,"spread":-1.5},"draftkings":{"odds":-120,"spread":-1.5},"betmgm":{"odds":-125,"spread":-1.5},"bovada":{"odds":-120,"spread":-1.5},"williamhill_us":{"odds":-120,"spread":-1.5}},"11":{"fanduel":{"odds":102,"spread":-1.5},"betmgm":{"odds":-102,"spread":-1.5},"draftkings":{"odds":100,"spread":-1.5},"williamhill_us":{"odds":100,"spread":-1.5},"bovada":{"odds":100,"spread":-1.5}},"12":{"fanduel":{"odds":150,"spread":-1.5},"draftkings":{"odds":141,"spread":-1.5},"betmgm":{"odds":150,"spread":-1.5},"williamhill_us":{"odds":143,"spread":-1.5},"bovada":{"odds":145,"spread":-1.5}}}}