{"game_id":{"0":"388c461670fe1eacbca3a3601d06ea5d","1":"07187e7c60013c66b4831e61391ded49","2":"e33bac43c9aeb7a52713962ae0686e1f","3":"d599119eee8f7c6afc027334f7445633","4":"e308577ae69b60256ed912a05d931a57","5":"b8cea4e418d432cea65f9d995118a4bf","6":"a1a9de3dc48cafca34e52ab1babe5d9f","7":"1716e08eb19cda68f1493c3d9b10107e","8":"ebdf17398c47e7ea946db3d1e80d50e7","9":"dad354a5f508e2a69c2cf2b029462737","10":"28a3f2a1820315be48605c5c321f0c19","11":"2a8e5f1a3a4ac585a773ec30d535e4e0","12":"863d10a0d1fd4ccb9810966d4740d766","13":"dfff7f7620a1af42549f691892c9c7cd","14":"a51b58a3d9fe032b72e59da66a7243fc"},"home_team":{"0":"Miami Marlins","1":"Tampa Bay Rays","2":"Cleveland Guardians","3":"Kansas City Royals","4":"Los Angeles Angels","5":"Seattle Mariners","6":"Detroit Tigers","7":"Washington Nationals","8":"Boston Red Sox","9":"New York Mets","10":"Chicago Cubs","11":"Texas Rangers","12":"Colorado Rockies","13":"Arizona Diamondbacks","14":"San Francisco Giants"},"away_team":{"0":"St. Louis Cardinals","1":"Cincinnati Reds","2":"Houston Astros","3":"Baltimore Orioles","4":"Toronto Blue Jays","5":"Athletics","6":"Milwaukee Brewers","7":"Atlanta Braves","8":"New York Yankees","9":"Minnesota Twins","10":"Philadelphia Phillies","11":"Pittsburgh Pirates","12":"San Diego Padres","13":"Chicago White Sox","14":"Los Angeles Dodgers"},"home_spread":{"0":-1.5,"1":-1.5,"2":-1.5,"3":-1.5,"4":-1.5,"5":-1.5,"6":-1.5,"7":1.5,"8":1.5,"9":-1.5,"10":-1.5,"11":1.5,"12":1.5,"13":-1.5,"14":1.5},"away_spread":{"0":1.5,"1":1.5,"2":1.5,"3":1.5,"4":1.5,"5":1.5,"6":1.5,"7":-1.5,"8":-1.5,"9":1.5,"10":1.5,"11":-1.5,"12":-1.5,"13":1.5,"14":-1.5},"best_home_odds":{"0":160,"1":155,"2":158,"3":158,"4":140,"5":120,"6":165,"7":-135,"8":-137,"9":140,"10":126,"11":-170,"12":-110,"13":135,"14":109},"best_away_odds":{"0":-184,"1":-172,"2":-175,"3":-180,"4":-156,"5":-136,"6":-185,"7":120,"8":125,"9":-160,"10":-145,"11":155,"12":100,"13":-150,"14":-120},"home_cover_nv_prob":{"0":0.3725078699,"1":0.3827751196,"2":0.3785271851,"3":0.3761418592,"4":0.4060913706,"5":0.4409566517,"6":0.3676233473,"7":0.5582706767,"8":0.5653370014,"9":0.4037267081,"10":0.4277981491,"11":0.6162046908,"12":0.511627907,"13":0.4149377593,"14":0.4672897196},"away_cover_nv_prob":{"0":0.6274921301,"1":0.6172248804,"2":0.6214728149,"3":0.6238581408,"4":0.5939086294,"5":0.5590433483,"6":0.6323766527,"7":0.4417293233,"8":0.4346629986,"9":0.5962732919,"10":0.5722018509,"11":0.3837953092,"12":0.488372093,"13":0.5850622407,"14":0.5327102804},"books_home":{"0":{"fanduel":{"odds":152,"spread":-1.5},"williamhill_us":{"odds":158,"spread":-1.5},"draftkings":{"odds":159,"spread":-1.5},"betmgm":{"odds":155,"spread":-1.5},"bovada":{"odds":160,"spread":-1.5}},"1":{"fanduel":{"odds":142,"spread":-1.5},"williamhill_us":{"odds":150,"spread":-1.5},"draftkings":{"odds":149,"spread":-1.5},"betmgm":{"odds":150,"spread":-1.5},"bovada":{"odds":155,"spread":-1.5}},"2":{"fanduel":{"odds":150,"spread":-1.5},"draftkings":{"odds":153,"spread":-1.5},"williamhill_us":{"odds":158,"spread":-1.5},"betmgm":{"odds":155,"spread":-1.5},"bovada":{"odds":150,"spread":-1.5}},"3":{"fanduel":{"odds":150,"spread":-1.5},"williamhill_us":{"odds":158,"spread":-1.5},"draftkings":{"odds":153,"spread":-1.5},"betmgm":{"odds":155,"spread":-1.5},"bovada":{"odds":155,"spread":-1.5}},"4":{"fanduel":{"odds":134,"spread":-1.5},"williamhill_us":{"odds":135,"spread":-1.5},"draftkings":{"odds":129,"spread":-1.5},"betmgm":{"odds":135,"spread":-1.5},"bovada":{"odds":140,"spread":-1.5}},"5":{"fanduel":{"odds":114,"spread":-1.5},"williamhill_us":{"odds":118,"spread":-1.5},"draftkings":{"odds":113,"spread":-1.5},"betmgm":{"odds":118,"spread":-1.5},"bovada":{"odds":120,"spread":-1.5}},"6":{"fanduel":{"odds":160,"spread":-1.5},"williamhill_us":{"odds":158,"spread":-1.5},"draftkings":{"odds":159,"spread":-1.5},"betmgm":{"odds":165,"spread":-1.5},"bovada":{"odds":160,"spread":-1.5}},"7":{"fanduel":{"odds":-140,"spread":1.5},"draftkings":{"odds":-136,"spread":1.5},"williamhill_us":{"odds":-135,"spread":1.5},"betmgm":{"odds":-145,"spread":1.5},"bovada":{"odds":-135,"spread":1.5}},"8":{"fanduel":{"odds":-137,"spread":1.5},"draftkings":{"odds":-143,"spread":1.5},"williamhill_us":{"odds":-140,"spread":1.5},"betmgm":{"odds":-150,"spread":1.5},"bovada":{"odds":-145,"spread":1.5}},"9":{"fanduel":{"odds":140,"spread":-1.5},"bovada":{"odds":135,"spread":-1.5},"draftkings":{"odds":135,"spread":-1.5},"williamhill_us":{"odds":135,"spread":-1.5}},"10":{"fanduel":{"odds":126,"spread":-1.5},"bovada":{"odds":125,"spread":-1.5},"draftkings":{"odds":123,"spread":-1.5},"williamhill_us":{"odds":122,"spread":-1.5},"betmgm":{"odds":125,"spread":-1.5}},"11":{"fanduel":{"odds":-188,"spread":1.5},"bovada":{"odds":-180,"spread":1.5},"draftkings":{"odds":-175,"spread":1.5},"williamhill_us":{"odds":-170,"spread":1.5},"betmgm":{"odds":-180,"spread":1.5}},"12":{"fanduel":{"odds":-110,"spread":1.5},"bovada":{"odds":-115,"spread":1.5},"draftkings":{"odds":-112,"spread":1.5},"williamhill_us":{"odds":-110,"spread":1.5},"betmgm":{"odds":-120,"spread":1.5}},"13":{"fanduel":{"odds":130,"spread":-1.5},"draftkings":{"odds":129,"spread":-1.5},"williamhill_us":{"odds":130,"spread":-1.5},"betmgm":{"odds":135,"spread":-1.5},"bovada":{"odds":130,"spread":-1.5}},"14":{"fanduel":{"odds":105,"spread":1.5},"draftkings":{"odds":109,"spread":1.5},"williamhill_us":{"odds":105,"spread":1.5},"betmgm":{"odds":100,"spread":1.5},"bovada":{"odds":105,"spread":1.5}}},"books_away":{"0":{"fanduel":{"odds":-184,"spread":1.5},"williamhill_us":{"odds":-190,"spread":1.5},"draftkings":{"odds":-194,"spread":1.5},"betmgm":{"odds":-190,"spread":1.5},"bovada":{"odds":-185,"spread":1.5}},"1":{"fanduel":{"odds":-172,"spread":1.5},"williamhill_us":{"odds":-178,"spread":1.5},"draftkings":{"odds":-181,"spread":1.5},"betmgm":{"odds":-185,"spread":1.5},"bovada":{"odds":-180,"spread":1.5}},"2":{"fanduel":{"odds":-182,"spread":1.5},"draftkings":{"odds":-186,"spread":1.5},"williamhill_us":{"odds":-190,"spread":1.5},"betmgm":{"odds":-190,"spread":1.5},"bovada":{"odds":-175,"spread":1.5}},"3":{"fanduel":{"odds":-182,"spread":1.5},"williamhill_us":{"odds":-190,"spread":1.5},"draftkings":{"odds":-186,"spread":1.5},"betmgm":{"odds":-190,"spread":1.5},"bovada":{"odds":-180,"spread":1.5}},"4":{"fanduel":{"odds":-162,"spread":1.5},"williamhill_us":{"odds":-160,"spread":1.5},"draftkings":{"odds":-156,"spread":1.5},"betmgm":{"odds":-160,"spread":1.5},"bovada":{"odds":-165,"spread":1.5}},"5":{"fanduel":{"odds":-137,"spread":1.5},"williamhill_us":{"odds":-140,"spread":1.5},"draftkings":{"odds":-136,"spread":1.5},"betmgm":{"odds":-145,"spread":1.5},"bovada":{"odds":-140,"spread":1.5}},"6":{"fanduel":{"odds":-194,"spread":1.5},"williamhill_us":{"odds":-190,"spread":1.5},"draftkings":{"odds":-194,"spread":1.5},"betmgm":{"odds":-200,"spread":1.5},"bovada":{"odds":-185,"spread":1.5}},"7":{"fanduel":{"odds":116,"spread":-1.5},"draftkings":{"odds":113,"spread":-1.5},"williamhill_us":{"odds":115,"spread":-1.5},"betmgm":{"odds":120,"spread":-1.5},"bovada":{"odds":115,"spread":-1.5}},"8":{"fanduel":{"odds":114,"spread":-1.5},"draftkings":{"odds":119,"spread":-1.5},"williamhill_us":{"odds":118,"spread":-1.5},"betmgm":{"odds":125,"spread":-1.5},"bovada":{"odds":125,"spread":-1.5}},"9":{"fanduel":{"odds":-170,"spread":1.5},"bovada":{"odds":-160,"spread":1.5},"draftkings":{"odds":-163,"spread":1.5},"williamhill_us":{"odds":-160,"spread":1.5}},"10":{"fanduel":{"odds":-152,"spread":1.5},"bovada":{"odds":-145,"spread":1.5},"draftkings":{"odds":-149,"spread":1.5},"williamhill_us":{"odds":-145,"spread":1.5},"betmgm":{"odds":-150,"spread":1.5}},"11":{"fanduel":{"odds":155,"spread":-1.5},"bovada":{"odds":155,"spread":-1.5},"draftkings":{"odds":144,"spread":-1.5},"williamhill_us":{"odds":143,"spread":-1.5},"betmgm":{"odds":145,"spread":-1.5}},"12":{"fanduel":{"odds":-110,"spread":-1.5},"bovada":{"odds":-105,"spread":-1.5},"draftkings":{"odds":-108,"spread":-1.5},"williamhill_us":{"odds":-110,"spread":-1.5},