{"game_id":{"0":"ce701a760fa0f743a20a0f8c455c6f67","1":"eb87da969b550c21334d689f9113d312","2":"0690cb513a9395d92f4b14ef1ff47d78","3":"de14a27d2ad6df38427c5adcc15cb1c1","4":"a1b5b1f882e1c817603a505107a56d2f","5":"7350a8d7c4145d7f644e02a87a4bb365","6":"ce566623c1d73c8d56830bafe9334cbb","7":"1e66733b3f851159b9299af54335356a","8":"528817a2bf72047f1124e81a7ae55de9"},"home_team":{"0":"Washington Nationals","1":"Detroit Tigers","2":"Chicago Cubs","3":"Colorado Rockies","4":"Arizona Diamondbacks","5":"San Francisco Giants","6":"Boston Red Sox","7":"New York Mets","8":"Texas Rangers"},"away_team":{"0":"Atlanta Braves","1":"Milwaukee Brewers","2":"Philadelphia Phillies","3":"San Diego Padres","4":"Chicago White Sox","5":"Los Angeles Dodgers","6":"New York Yankees","7":"Minnesota Twins","8":"Pittsburgh Pirates"},"home_spread":{"0":1.5,"1":-1.5,"2":1.5,"3":1.5,"4":-1.5,"5":1.5,"6":1.5,"7":1.5,"8":-1.5},"away_spread":{"0":-1.5,"1":1.5,"2":-1.5,"3":-1.5,"4":1.5,"5":-1.5,"6":-1.5,"7":-1.5,"8":1.5},"best_home_odds":{"0":-140,"1":105,"2":-150,"3":-115,"4":145,"5":-131,"6":-125,"7":-170,"8":140},"best_away_odds":{"0":126,"1":-115,"2":135,"3":-102,"4":-160,"5":115,"6":110,"7":152,"8":-154},"home_cover_nv_prob":{"0":0.5686556434,"1":0.4769828064,"2":0.5850622407,"3":0.5143932684,"4":0.3987730061,"5":0.5494001756,"6":0.5384615385,"7":0.6134020619,"8":0.4073123797},"away_cover_nv_prob":{"0":0.4313443566,"1":0.5230171936,"2":0.4149377593,"3":0.4856067316,"4":0.6012269939,"5":0.4505998244,"6":0.4615384615,"7":0.3865979381,"8":0.5926876203},"books_home":{"0":{"fanduel":{"odds":-152,"spread":1.5},"draftkings":{"odds":-143,"spread":1.5},"williamhill_us":{"odds":-140,"spread":1.5},"betmgm":{"odds":-145,"spread":1.5},"bovada":{"odds":-140,"spread":1.5}},"1":{"fanduel":{"odds":102,"spread":-1.5},"draftkings":{"odds":100,"spread":-1.5},"williamhill_us":{"odds":100,"spread":-1.5},"betmgm":{"odds":105,"spread":-1.5},"bovada":{"odds":-105,"spread":-1.5}},"2":{"fanduel":{"odds":-150,"spread":1.5},"draftkings":{"odds":-156,"spread":1.5},"williamhill_us":{"odds":-155,"spread":1.5},"betmgm":{"odds":-160,"spread":1.5},"bovada":{"odds":-160,"spread":1.5}},"3":{"draftkings":{"odds":-115,"spread":1.5},"fanduel":{"odds":-115,"spread":1.5},"williamhill_us":{"odds":-115,"spread":1.5},"betmgm":{"odds":-118,"spread":1.5},"bovada":{"odds":-115,"spread":1.5}},"4":{"fanduel":{"odds":130,"spread":-1.5},"draftkings":{"odds":135,"spread":-1.5},"williamhill_us":{"odds":135,"spread":-1.5},"betmgm":{"odds":145,"spread":-1.5},"bovada":{"odds":135,"spread":-1.5}},"5":{"fanduel":{"odds":-137,"spread":1.5},"draftkings":{"odds":-131,"spread":1.5},"williamhill_us":{"odds":-135,"spread":1.5},"betmgm":{"odds":-135,"spread":1.5},"bovada":{"odds":-135,"spread":1.5}},"6":{"fanduel":{"odds":-130,"spread":1.5},"draftkings":{"odds":-131,"spread":1.5},"williamhill_us":{"odds":-125,"spread":1.5},"betmgm":{"odds":-135,"spread":1.5},"bovada":{"odds":-130,"spread":1.5}},"7":{"fanduel":{"odds":-184,"spread":1.5},"draftkings":{"odds":-181,"spread":1.5},"williamhill_us":{"odds":-178,"spread":1.5},"betmgm":{"odds":-180,"spread":1.5},"bovada":{"odds":-170,"spread":1.5}},"8":{"fanduel":{"odds":128,"spread":-1.5},"draftkings":{"odds":135,"spread":-1.5},"williamhill_us":{"odds":135,"spread":-1.5},"betmgm":{"odds":140,"spread":-1.5},"bovada":{"odds":135,"spread":-1.5}}},"books_away":{"0":{"fanduel":{"odds":126,"spread":-1.5},"draftkings":{"odds":119,"spread":-1.5},"williamhill_us":{"odds":118,"spread":-1.5},"betmgm":{"odds":120,"spread":-1.5},"bovada":{"odds":120,"spread":-1.5}},"1":{"fanduel":{"odds":-122,"spread":1.5},"draftkings":{"odds":-120,"spread":1.5},"williamhill_us":{"odds":-120,"spread":1.5},"betmgm":{"odds":-130,"spread":1.5},"bovada":{"odds":-115,"spread":1.5}},"2":{"fanduel":{"odds":126,"spread":-1.5},"draftkings":{"odds":129,"spread":-1.5},"williamhill_us":{"odds":130,"spread":-1.5},"betmgm":{"odds":135,"spread":-1.5},"bovada":{"odds":135,"spread":-1.5}},"3":{"draftkings":{"odds":-105,"spread":-1.5},"fanduel":{"odds":-104,"spread":-1.5},"williamhill_us":{"odds":-105,"spread":-1.5},"betmgm":{"odds":-102,"spread":-1.5},"bovada":{"odds":-105,"spread":-1.5}},"4":{"fanduel":{"odds":-160,"spread":1.5},"draftkings":{"odds":-163,"spread":1.5},"williamhill_us":{"odds":-160,"spread":1.5},"betmgm":{"odds":-175,"spread":1.5},"bovada":{"odds":-160,"spread":1.5}},"5":{"fanduel":{"odds":114,"spread":-1.5},"draftkings":{"odds":109,"spread":-1.5},"williamhill_us":{"odds":115,"spread":-1.5},"betmgm":{"odds":110,"spread":-1.5},"bovada":{"odds":115,"spread":-1.5}},"6":{"fanduel":{"odds":108,"spread":-1.5},"draftkings":{"odds":109,"spread":-1.5},"williamhill_us":{"odds":105,"spread":-1.5},"betmgm":{"odds":110,"spread":-1.5},"bovada":{"odds":110,"spread":-1.5}},"7":{"fanduel":{"odds":152,"spread":-1.5},"draftkings":{"odds":149,"spread":-1.5},"williamhill_us":{"odds":150,"spread":-1.5},"betmgm":{"odds":145,"spread":-1.5},"bovada":{"odds":145,"spread":-1.5}},"8":{"fanduel":{"odds":-154,"spread":1.5},"draftkings":{"odds":-163,"spread":1.5},"williamhill_us":{"odds":-160,"spread":1.5},"betmgm":{"odds":-170,"spread":1.5},"bovada":{"odds":-160,"spread":1.5}}}}