{"game_id":{"0":"bc5456b82441dbb9bd569ac5bfd0ab07","1":"d97433d24ce14d05b02b695c3cb6d537","2":"1048fb9b5524c70651232a93456ec26c","3":"4c4e3a56911954f45c048e7f6a7f4822","4":"9ac64069558fef330a70fa14356058dc","5":"de5baa6a9b1b0c7a10c628770ffff6ff","6":"045dc8de81396e0de88fa0884e58750f","7":"6d654c503d52995cf1547c4bc56ba827","8":"72f3eee98d3f21414ef8f55962b0364f","9":"bf75db04c73633ad4f6241bd5ae2d3eb","10":"e1d026d4b97697ac7e0862b37a1e26a5","11":"0e8cd1402139869a8535c9d0d09acb45","12":"22dc10f0ffdfd73bd79c7bdf5266e95f","13":"77c097e15cdac31a63aa34c4a10c9c91","14":"0d7765b227447b5fb746d1178be90177"},"home_team":{"0":"New York Yankees","1":"Pittsburgh Pirates","2":"Washington Nationals","3":"Cleveland Guardians","4":"Miami Marlins","5":"Minnesota Twins","6":"Houston Astros","7":"Chicago Cubs","8":"Colorado Rockies","9":"Athletics","10":"Los Angeles Angels","11":"Arizona Diamondbacks","12":"Seattle Mariners","13":"Boston Red Sox","14":"Philadelphia Phillies"},"away_team":{"0":"Kansas City Royals","1":"Tampa Bay Rays","2":"San Francisco Giants","3":"Baltimore Orioles","4":"Milwaukee Brewers","5":"Cincinnati Reds","6":"St. Louis Cardinals","7":"New York Mets","8":"Los Angeles Dodgers","9":"Chicago White Sox","10":"San Diego Padres","11":"Toronto Blue Jays","12":"Texas Rangers","13":"Detroit Tigers","14":"Atlanta Braves"},"home_spread":{"0":-1.5,"1":-1.5,"2":1.5,"3":-1.5,"4":1.5,"5":-1.5,"6":-1.5,"7":-1.5,"8":1.5,"9":-1.5,"10":1.5,"11":-1.5,"12":-1.5,"13":-1.5,"14":-1.5},"away_spread":{"0":1.5,"1":-1.5,"2":-1.5,"3":-1.5,"4":-1.5,"5":1.5,"6":1.5,"7":-1.5,"8":-2.5,"9":1.5,"10":-1.5,"11":-1.5,"12":1.5,"13":1.5,"14":-1.5},"best_home_odds":{"0":150,"1":185,"2":-130,"3":190,"4":-165,"5":170,"6":145,"7":165,"8":159,"9":132,"10":-170,"11":190,"12":158,"13":165,"14":175},"best_away_odds":{"0":-160,"1":170,"2":120,"3":180,"4":145,"5":-199,"6":-163,"7":170,"8":-125,"9":-150,"10":145,"11":158,"12":-178,"13":-185,"14":176},"home_cover_nv_prob":{"0":0.3939393939,"1":0.4864864865,"2":0.5542635659,"3":0.4912280702,"4":0.6040343668,"5":0.3575272032,"6":0.397071035,"7":0.5046728972,"8":0.410022779,"9":0.4180602007,"10":0.6067006555,"11":0.4708029197,"12":0.37708209,"13":0.3676233473,"14":0.500907441},"away_cover_nv_prob":{"0":0.6060606061,"1":0.5135135135,"2":0.4457364341,"3":0.5087719298,"4":0.3959656332,"5":0.6424727968,"6":0.602928965,"7":0.4953271028,"8":0.589977221,"9":0.5819397993,"10":0.3932993445,"11":0.5291970803,"12":0.62291791,"13":0.6323766527,"14":0.499092559},"books_home":{"0":{"fanduel":{"odds":136,"spread":-1.5},"williamhill_us":{"odds":140,"spread":-1.5},"draftkings":{"odds":139,"spread":-1.5},"betmgm":{"odds":150,"spread":-1.5},"bovada":{"odds":135,"spread":-1.5}},"1":{"fanduel":{"odds":-200,"spread":1.5},"williamhill_us":{"odds":180,"spread":-1.5},"draftkings":{"odds":-183,"spread":1.5},"betmgm":{"odds":-210,"spread":1.5},"bovada":{"odds":185,"spread":-1.5}},"2":{"fanduel":{"odds":-132,"spread":1.5},"williamhill_us":{"odds":-130,"spread":1.5},"draftkings":{"odds":-131,"spread":1.5},"betmgm":{"odds":-145,"spread":1.5},"bovada":{"odds":-130,"spread":1.5}},"3":{"fanduel":{"odds":-205,"spread":1.5},"draftkings":{"odds":-202,"spread":1.5},"williamhill_us":{"odds":185,"spread":-1.5},"betmgm":{"odds":-220,"spread":1.5},"bovada":{"odds":190,"spread":-1.5}},"4":{"fanduel":{"odds":-170,"spread":1.5},"draftkings":{"odds":-168,"spread":1.5},"williamhill_us":{"odds":-165,"spread":1.5},"betmgm":{"odds":-170,"spread":1.5},"bovada":{"odds":-170,"spread":1.5}},"5":{"fanduel":{"odds":164,"spread":-1.5},"draftkings":{"odds":163,"spread":-1.5},"williamhill_us":{"odds":170,"spread":-1.5},"betmgm":{"odds":170,"spread":-1.5},"bovada":{"odds":170,"spread":-1.5}},"6":{"fanduel":{"odds":140,"spread":-1.5},"draftkings":{"odds":135,"spread":-1.5},"williamhill_us":{"odds":140,"spread":-1.5},"betmgm":{"odds":145,"spread":-1.5},"bovada":{"odds":140,"spread":-1.5}},"7":{"fanduel":{"odds":152,"spread":-1.5},"draftkings":{"odds":159,"spread":-1.5},"williamhill_us":{"odds":158,"spread":-1.5},"betmgm":{"odds":-210,"spread":1.5},"bovada":{"odds":165,"spread":-1.5}},"8":{"fanduel":{"odds":150,"spread":1.5},"draftkings":{"odds":159,"spread":1.5},"williamhill_us":{"odds":158,"spread":1.5},"betmgm":{"odds":105,"spread":2.5},"bovada":{"odds":155,"spread":1.5}},"9":{"fanduel":{"odds":132,"spread":-1.5},"williamhill_us":{"odds":130,"spread":-1.5},"draftkings":{"odds":129,"spread":-1.5},"betmgm":{"odds":130,"spread":-1.5},"bovada":{"odds":130,"spread":-1.5}},"10":{"fanduel":{"odds":-176,"spread":1.5},"williamhill_us":{"odds":-170,"spread":1.5},"draftkings":{"odds":-175,"spread":1.5},"betmgm":{"odds":-180,"spread":1.5},"bovada":{"odds":-170,"spread":1.5}},"11":{"fanduel":{"odds":-178,"spread":1.5},"williamhill_us":{"odds":-190,"spread":1.5},"draftkings":{"odds":-186,"spread":1.5},"betmgm":{"odds":-190,"spread":1.5},"bovada":{"odds":190,"spread":-1.5}},"12":{"fanduel":{"odds":146,"spread":-1.5},"williamhill_us":{"odds":158,"spread":-1.5},"draftkings":{"odds":153,"spread":-1.5},"betmgm":{"odds":155,"spread":-1.5},"bovada":{"odds":155,"spread":-1.5}},"13":{"draftkings":{"odds":159,"spread":-1.5},"bovada":{"odds":160,"spread":-1.5},"fanduel":{"odds":158,"spread":-1.5},"betmgm":{"odds":165,"spread":-1.5},"williamhill_us":{"odds":158,"spread":-1.5}},"14":{"fanduel":{"odds":-215,"spread":1.5},"williamhill_us":{"odds":175,"spread":-1.5},"draftkings":{"odds":-191,"spread":1.5},"betmgm":{"odds":-200,"spread":1.5},"bovada":{"odds":175,"spread":-1.5}}},"books_away":{"0":{"fanduel":{"odds":-164,"spread":1.5},"williamhill_us":{"odds":-165,"spread":1.5},"draftkings":{"odds":-168,"spread":1.5},"betmgm":{"odds":-185,"spread":1.5},"bovada":{"odds":-160,"spread":1.5}},"1":{"fanduel":{"odds":164,"spread":-1.5},"williamhill_us":{"odds":-220,"spread":1.5},"draftkings":{"odds":151,"spread":-1.5},"betmgm":{"odds":170,"spread":-1.5},"bovada":{"odds":-225,"spread":1.5}},"2":{"fanduel":{"odds":110,"spread":-1.5},"williamhill_us":{"odds":110,"spread":-1.5},"draftkings":{"odds":109,"spread":-1.5},"betmgm":{"odds":120,"spread":-1.5},"bovada":{"odds":110,"spread":-1.5}},"3":{"fanduel":{"odds":168,"spread":-1.5},"draftkings":{"odds":165,"spread":-1.5},"williamhill_us":{"odds":-225,"spread":1.5},"betmgm":{"odds":180,"spread":-1.5},"bovada":{"odds":-230,"spread":1.5}},"4":{"fanduel":{"odds":140,"spread":-1.5},"draftkings":{"odds":139,"spread":-1.5},"williamhill_us":{"odds":140,"spread":-1.5},"betmgm":{"odds":140,"spread":-1.5},"bovada":{"odds":145,"spread":-1.5}},"5":{"fanduel":{"odds":-200,"spread":1.5},"draftkings":{"odds":-199,"spread":1.5},"williamhill_us":{"odds":-205,"spread":1.5},"betmgm":{"odds":-210,"spread":1.5},"bovada":{"odds":-200,"spread":1.5}},"6":{"fanduel":{"odds":-170,"spread":1.5},"draftkings":{"odds":-163,"spread":1.5},"williamhill_us":{"odds":-165,"spread":1.5},"betmgm":{"odds":-180,"spread":1.5},"bovada":{"odds":-165,"spread":1.5}},"7":{"fanduel":{"odds":-184,"spread":1.5},"draftkings":{"odds":-194,"spread":1.5},"williamhill_us":{"odds":-190,"spread":1.5},"betmgm":{"odds":170,"spread":-1.5},"bovada":{"odds":-195,"spread":1.5}},"8":{"fanduel":{"odds":-182,"spread":-1.5},"draftkings":{"odds":-194,"spread":-1.5},"williamhill_us":{"odds":-190,"spread":-1.5},"betmgm":{"odds":-125,"spread":-2.5},"bovada":{"odds":-180,"spread":-1.5}},"9":{"fanduel":{"odds":-160,"spread":1.5},"williamhill_us":{"odds":-155,"spread":1.5},"draftkings":{"odds":-156,"spread":1.5},"betmgm":{"odds":-155,"spread":1.5},"bovada":{"odds":-150,"spread":1.5}},"10":{"fanduel":{"odds":142,"spread":-1.5},"williamhill_us":{"odds":143,"spread":-1.5},"draftkings":{"odds":144,"spread":-1.5},"betmgm":{"odds":145,"spread":-1.5},"bovada":{"odds":145,"spread":-1.5}},"11":{"fanduel":{"odds":146,"spread":-1.5},"williamhill_us":{"odds":158,"spread":-1.5},"draftkings":{"odds":153,"spread":-1.5},"betmgm":{"odds":154,"spread":-1.5},"bovada":{"odds":-230,"spread":1.5}},"12":{"fanduel":{"odds":-178,"spread":1.5},"williamhill_us":{"odds":-190,"spread":1.5},