{"game_id":{"0":"3530063d3d9cd6eb5811962deca7c6ed","1":"2969ea2e73c33f58b97b82fe562cf617","2":"7ef2ffad2e845a48d3df860e1a91b43d","3":"6bb329abaf86e99a6c742250c3251cec","4":"bdebd82757453b3cdc93ee168dadf2bb","5":"2bbd4e284d32261d81b8ebd0263116c3","6":"a072cb316f0d887f1c0251b417b34317","7":"d06fe764bea53051487b94fc022806d1","8":"828d9387e45dac20bd4336888bc32025","9":"07f4bbde58b19584048fd125a63efb85","10":"a8bc26eb19d767d6433749f35c2224ee","11":"68137f4094d6c3979398139c92d61aca","12":"150da5f2fa6db9e963e0b56fc2863769","13":"5bc4e94f9d24204a3f0dd424ced4a8be"},"home_team":{"0":"Chicago Cubs","1":"Detroit Tigers","2":"New York Yankees","3":"Miami Marlins","4":"Tampa Bay Rays","5":"Atlanta Braves","6":"Texas Rangers","7":"Houston Astros","8":"Kansas City Royals","9":"Colorado Rockies","10":"Athletics","11":"Arizona Diamondbacks","12":"Los Angeles Dodgers","13":"Seattle Mariners"},"away_team":{"0":"Toronto Blue Jays","1":"Chicago White Sox","2":"Cincinnati Reds","3":"San Francisco Giants","4":"Washington Nationals","5":"Milwaukee Brewers","6":"San Diego Padres","7":"Cleveland Guardians","8":"St. Louis Cardinals","9":"Pittsburgh Pirates","10":"Los Angeles Angels","11":"Minnesota Twins","12":"Baltimore Orioles","13":"Boston Red Sox"},"home_spread":{"0":-1.5,"1":-1.5,"2":-1.5,"3":-1.5,"4":-1.5,"5":1.5,"6":-1.5,"7":-1.5,"8":1.5,"9":1.5,"10":-1.5,"11":-1.5,"12":-1.5,"13":-1.5},"away_spread":{"0":-1.5,"1":1.5,"2":1.5,"3":1.5,"4":-1.5,"5":-1.5,"6":1.5,"7":-1.5,"8":-1.5,"9":-1.5,"10":1.5,"11":1.5,"12":1.5,"13":1.5},"best_home_odds":{"0":180,"1":-102,"2":-120,"3":175,"4":170,"5":-110,"6":140,"7":170,"8":-160,"9":-125,"10":128,"11":130,"12":102,"13":170},"best_away_odds":{"0":178,"1":-115,"2":105,"3":-205,"4":176,"5":-105,"6":-160,"7":168,"8":140,"9":110,"10":-140,"11":-145,"12":-115,"13":-195},"home_cover_nv_prob":{"0":0.4982078853,"1":0.4856067316,"2":0.5278969957,"3":0.3510791367,"4":0.5054945055,"5":0.5056053812,"6":0.4037267081,"7":0.4981412639,"8":0.5962732919,"9":0.5384615385,"10":0.4291845494,"11":0.4235090752,"12":0.4806617483,"13":0.3590992088},"away_cover_nv_prob":{"0":0.5017921147,"1":0.5143932684,"2":0.4721030043,"3":0.6489208633,"4":0.4945054945,"5":0.4943946188,"6":0.5962732919,"7":0.5018587361,"8":0.4037267081,"9":0.4615384615,"10":0.5708154506,"11":0.5764909248,"12":0.5193382517,"13":0.6409007912},"books_home":{"0":{"fanduel":{"odds":-210,"spread":1.5},"williamhill_us":{"odds":180,"spread":-1.5},"draftkings":{"odds":-218,"spread":1.5},"betmgm":{"odds":170,"spread":-1.5},"bovada":{"odds":180,"spread":-1.5}},"1":{"fanduel":{"odds":-102,"spread":-1.5},"williamhill_us":{"odds":-105,"spread":-1.5},"draftkings":{"odds":-105,"spread":-1.5},"betmgm":{"odds":-105,"spread":-1.5},"bovada":{"odds":-105,"spread":-1.5}},"2":{"fanduel":{"odds":-120,"spread":-1.5},"draftkings":{"odds":-123,"spread":-1.5},"williamhill_us":{"odds":-125,"spread":-1.5},"bovada":{"odds":-120,"spread":-1.5},"betmgm":{"odds":-130,"spread":-1.5}},"3":{"fanduel":{"odds":172,"spread":-1.5},"draftkings":{"odds":169,"spread":-1.5},"williamhill_us":{"odds":170,"spread":-1.5},"betmgm":{"odds":170,"spread":-1.5},"bovada":{"odds":175,"spread":-1.5}},"4":{"fanduel":{"odds":-215,"spread":1.5},"williamhill_us":{"odds":162,"spread":-1.5},"draftkings":{"odds":164,"spread":-1.5},"betmgm":{"odds":165,"spread":-1.5},"bovada":{"odds":170,"spread":-1.5}},"5":{"fanduel":{"odds":-110,"spread":1.5},"williamhill_us":{"odds":-115,"spread":1.5},"draftkings":{"odds":-112,"spread":1.5},"bovada":{"odds":-115,"spread":1.5}},"6":{"fanduel":{"odds":138,"spread":-1.5},"williamhill_us":{"odds":135,"spread":-1.5},"draftkings":{"odds":135,"spread":-1.5},"betmgm":{"odds":135,"spread":-1.5},"bovada":{"odds":140,"spread":-1.5}},"7":{"fanduel":{"odds":-205,"spread":1.5},"williamhill_us":{"odds":162,"spread":-1.5},"draftkings":{"odds":167,"spread":-1.5},"betmgm":{"odds":165,"spread":-1.5},"bovada":{"odds":170,"spread":-1.5}},"8":{"fanduel":{"odds":-162,"spread":1.5},"williamhill_us":{"odds":-160,"spread":1.5},"draftkings":{"odds":-163,"spread":1.5},"betmgm":{"odds":-160,"spread":1.5},"bovada":{"odds":-165,"spread":1.5}},"9":{"fanduel":{"odds":-128,"spread":1.5},"williamhill_us":{"odds":-125,"spread":1.5},"draftkings":{"odds":-130,"spread":1.5},"betmgm":{"odds":-125,"spread":1.5},"bovada":{"odds":-130,"spread":1.5}},"10":{"fanduel":{"odds":128,"spread":-1.5},"draftkings":{"odds":119,"spread":-1.5},"williamhill_us":{"odds":118,"spread":-1.5},"betmgm":{"odds":120,"spread":-1.5},"bovada":{"odds":125,"spread":-1.5}},"11":{"fanduel":{"odds":130,"spread":-1.5},"williamhill_us":{"odds":122,"spread":-1.5},"draftkings":{"odds":123,"spread":-1.5},"bovada":{"odds":125,"spread":-1.5}},"12":{"fanduel":{"odds":102,"spread":-1.5},"williamhill_us":{"odds":-105,"spread":-1.5},"draftkings":{"odds":-105,"spread":-1.5},"betmgm":{"odds":-105,"spread":-1.5},"bovada":{"odds":-105,"spread":-1.5}},"13":{"fanduel":{"odds":164,"spread":-1.5},"williamhill_us":{"odds":162,"spread":-1.5},"draftkings":{"odds":164,"spread":-1.5},"betmgm":{"odds":165,"spread":-1.5},"bovada":{"odds":170,"spread":-1.5}}},"books_away":{"0":{"fanduel":{"odds":172,"spread":-1.5},"williamhill_us":{"odds":-220,"spread":1.5},"draftkings":{"odds":178,"spread":-1.5},"betmgm":{"odds":-210,"spread":1.5},"bovada":{"odds":-220,"spread":1.5}},"1":{"fanduel":{"odds":-118,"spread":1.5},"williamhill_us":{"odds":-115,"spread":1.5},"draftkings":{"odds":-115,"spread":1.5},"betmgm":{"odds":-115,"spread":1.5},"bovada":{"odds":-115,"spread":1.5}},"2":{"fanduel":{"odds":100,"spread":1.5},"draftkings":{"odds":102,"spread":1.5},"williamhill_us":{"odds":105,"spread":1.5},"bovada":{"odds":100,"spread":1.5},"betmgm":{"odds":105,"spread":1.5}},"3":{"fanduel":{"odds":-210,"spread":1.5},"draftkings":{"odds":-207,"spread":1.5},"williamhill_us":{"odds":-205,"spread":1.5},"betmgm":{"odds":-210,"spread":1.5},"bovada":{"odds":-210,"spread":1.5}},"4":{"fanduel":{"odds":176,"spread":-1.5},"williamhill_us":{"odds":-195,"spread":1.5},"draftkings":{"odds":-200,"spread":1.5},"betmgm":{"odds":-200,"spread":1.5},"bovada":{"odds":-200,"spread":1.5}},"5":{"fanduel":{"odds":-110,"spread":-1.5},"williamhill_us":{"odds":-105,"spread":-1.5},"draftkings":{"odds":-107,"spread":-1.5},"bovada":{"odds":-105,"spread":-1.5}},"6":{"fanduel":{"odds":-166,"spread":1.5},"williamhill_us":{"odds":-160,"spread":1.5},"draftkings":{"odds":-163,"spread":1.5},"betmgm":{"odds":-160,"spread":1.5},"bovada":{"odds":-165,"spread":1.5}},"7":{"fanduel":{"odds":168,"spread":-1.5},"williamhill_us":{"odds":-195,"spread":1.5},"draftkings":{"odds":-204,"spread":1.5},"betmgm":{"odds":-200,"spread":1.5},"bovada":{"odds":-200,"spread":1.5}},"8":{"fanduel":{"odds":134,"spread":-1.5},"williamhill_us":{"odds":135,"spread":-1.5},"draftkings":{"odds":135,"spread":-1.5},"betmgm":{"odds":135,"spread":-1.5},"bovada":{"odds":140,"spread":-1.5}},"9":{"fanduel":{"odds":106,"spread":-1.5},"williamhill_us":{"odds":105,"spread":-1.5},"draftkings":{"odds":108,"spread":-1.5},"betmgm":{"odds":105,"spread":-1.5},"bovada":{"odds":110,"spread":-1.5}},"10":{"fanduel":{"odds":-154,"spread":1.5},"draftkings":{"odds":-144,"spread":1.5},"williamhill_us":{"odds":-140,"spread":1.5},"betmgm":{"odds":-145,"spread":1.5},"bovada":{"odds":-145,"spread":1.5}},"11":{"fanduel":{"odds":-156,"spread":1.5},"williamhill_us":{"odds":-145,"spread":1.5},"draftkings":{"odds":-149,"spread":1.5},"bovada":{"odds":-145,"spread":1.5}},"12":{"fanduel":{"odds":-122,"spread":1.5},"williamhill_us":{"odds":-115,"spread":1.5},"draftkings":{"odds":-115,"spread":1.5},"betmgm":{"odds":-115,"spread":1.5},"bovada":{"odds":-115,"spread":1.5}},"13":{"fanduel":{"odds":-200,"spread":1.5},"williamhill_us":{"odds":-195,"spread":1.5},"draftkings":{"odds":-200,"spread":1.5},"betmgm":{"odds":-200,"spread":1.5},"bovada":{"odds":-200,"spread":1.5}}}}