{"game_id":{"0":"6dce302dd60dfcdf0b0f75b0c7526958","1":"177cdddf981aae461d064d643293c5f4","2":"a1e4d36a83b260dbab61a4f965b6abea","3":"4cb11bc70bb01deb01ccc535f614ba59","4":"07fcb9aa4b08eff491227a6d817d08a7","5":"3d093f3fea09b2f77b6ccf058d9061ea","6":"9fd60ef171dd7d6b753c07fe32aa37f6","7":"0d5568f7e3f7c4adba722775d2895494","8":"6c26284a3ba72def6e7e0c9db9893fc8","9":"dd95987c051582f99dbe07d5424b2a03","10":"bf49c6516b601ce34a25f268cb202250","11":"5e7a25171efa4aba6c2670c7d93dbde3","12":"863ff6f33ea468e7a6bac4be2626648a","13":"54ac0c67d3a1921cfede4e125572526e","14":"4e0f5d6412cdfd2b0ade4fee11642753"},"home_team":{"0":"Toronto Blue Jays","1":"Baltimore Orioles","2":"Boston Red Sox","3":"Cincinnati Reds","4":"Miami Marlins","5":"Philadelphia Phillies","6":"Cleveland Guardians","7":"Texas Rangers","8":"Chicago White Sox","9":"Kansas City Royals","10":"Milwaukee Brewers","11":"Arizona Diamondbacks","12":"San Diego Padres","13":"San Francisco Giants","14":"Los Angeles Dodgers"},"away_team":{"0":"Los Angeles Angels","1":"Athletics","2":"Tampa Bay Rays","3":"Houston Astros","4":"Washington Nationals","5":"Colorado Rockies","6":"Minnesota Twins","7":"Chicago Cubs","8":"Seattle Mariners","9":"Detroit Tigers","10":"New York Yankees","11":"New York Mets","12":"St. Louis Cardinals","13":"Pittsburgh Pirates","14":"Atlanta Braves"},"home_spread":{"0":-1.5,"1":-1.5,"2":-1.5,"3":-1.5,"4":-1.5,"5":-1.5,"6":-1.5,"7":1.5,"8":1.5,"9":-1.5,"10":1.5,"11":1.5,"12":-1.5,"13":1.5,"14":-1.5},"away_spread":{"0":1.5,"1":1.5,"2":1.5,"3":1.5,"4":1.5,"5":1.5,"6":-1.5,"7":-1.5,"8":-1.5,"9":1.5,"10":-1.5,"11":-1.5,"12":1.5,"13":-1.5,"14":1.5},"best_home_odds":{"0":120,"1":158,"2":146,"3":130,"4":135,"5":116,"6":175,"7":-143,"8":-140,"9":146,"10":-140,"11":-160,"12":150,"13":-170,"14":120},"best_away_odds":{"0":-135,"1":-178,"2":-165,"3":-145,"4":-156,"5":-130,"6":156,"7":125,"8":120,"9":-170,"10":125,"11":140,"12":-170,"13":145,"14":-137},"home_cover_nv_prob":{"0":0.4417293233,"1":0.37708209,"2":0.3949918021,"3":0.4235090752,"4":0.4111789271,"5":0.4502740799,"6":0.4821092279,"7":0.5697211155,"8":0.5620437956,"9":0.3923278117,"10":0.5675675676,"11":0.5962732919,"12":0.3884892086,"13":0.6067006555,"14":0.4401931649},"away_cover_nv_prob":{"0":0.5582706767,"1":0.62291791,"2":0.6050081979,"3":0.5764909248,"4":0.5888210729,"5":0.5497259201,"6":0.5178907721,"7":0.4302788845,"8":0.4379562044,"9":0.6076721883,"10":0.4324324324,"11":0.4037267081,"12":0.6115107914,"13":0.3932993445,"14":0.5598068351},"books_home":{"0":{"fanduel":{"odds":116,"spread":-1.5},"betmgm":{"odds":115,"spread":-1.5},"draftkings":{"odds":113,"spread":-1.5},"williamhill_us":{"odds":115,"spread":-1.5},"bovada":{"odds":120,"spread":-1.5}},"1":{"fanduel":{"odds":146,"spread":-1.5},"betmgm":{"odds":155,"spread":-1.5},"draftkings":{"odds":153,"spread":-1.5},"williamhill_us":{"odds":158,"spread":-1.5},"bovada":{"odds":155,"spread":-1.5}},"2":{"fanduel":{"odds":146,"spread":-1.5},"draftkings":{"odds":139,"spread":-1.5},"williamhill_us":{"odds":140,"spread":-1.5},"betmgm":{"odds":135,"spread":-1.5},"bovada":{"odds":145,"spread":-1.5}},"3":{"fanduel":{"odds":126,"spread":-1.5},"williamhill_us":{"odds":122,"spread":-1.5},"draftkings":{"odds":123,"spread":-1.5},"betmgm":{"odds":125,"spread":-1.5},"bovada":{"odds":130,"spread":-1.5}},"4":{"fanduel":{"odds":130,"spread":-1.5},"betmgm":{"odds":135,"spread":-1.5},"draftkings":{"odds":129,"spread":-1.5},"williamhill_us":{"odds":135,"spread":-1.5},"bovada":{"odds":135,"spread":-1.5}},"5":{"fanduel":{"odds":116,"spread":-1.5},"betmgm":{"odds":110,"spread":-1.5},"draftkings":{"odds":109,"spread":-1.5},"williamhill_us":{"odds":110,"spread":-1.5},"bovada":{"odds":115,"spread":-1.5}},"6":{"fanduel":{"odds":-188,"spread":1.5},"williamhill_us":{"odds":175,"spread":-1.5},"draftkings":{"odds":-189,"spread":1.5},"bovada":{"odds":175,"spread":-1.5}},"7":{"fanduel":{"odds":-150,"spread":1.5},"williamhill_us":{"odds":-145,"spread":1.5},"draftkings":{"odds":-143,"spread":1.5},"betmgm":{"odds":-145,"spread":1.5},"bovada":{"odds":-145,"spread":1.5}},"8":{"fanduel":{"odds":-142,"spread":1.5},"betmgm":{"odds":-145,"spread":1.5},"williamhill_us":{"odds":-140,"spread":1.5},"draftkings":{"odds":-143,"spread":1.5},"bovada":{"odds":-140,"spread":1.5}},"9":{"fanduel":{"odds":146,"spread":-1.5},"draftkings":{"odds":144,"spread":-1.5},"williamhill_us":{"odds":143,"spread":-1.5},"betmgm":{"odds":145,"spread":-1.5},"bovada":{"odds":145,"spread":-1.5}},"10":{"fanduel":{"odds":-142,"spread":1.5},"williamhill_us":{"odds":-140,"spread":1.5},"draftkings":{"odds":-143,"spread":1.5},"betmgm":{"odds":-145,"spread":1.5},"bovada":{"odds":-145,"spread":1.5}},"11":{"fanduel":{"odds":-160,"spread":1.5},"betmgm":{"odds":-165,"spread":1.5},"williamhill_us":{"odds":-165,"spread":1.5},"draftkings":{"odds":-168,"spread":1.5},"bovada":{"odds":-165,"spread":1.5}},"12":{"fanduel":{"odds":146,"spread":-1.5},"betmgm":{"odds":145,"spread":-1.5},"williamhill_us":{"odds":143,"spread":-1.5},"draftkings":{"odds":144,"spread":-1.5},"bovada":{"odds":150,"spread":-1.5}},"13":{"fanduel":{"odds":-172,"spread":1.5},"draftkings":{"odds":-175,"spread":1.5},"williamhill_us":{"odds":-170,"spread":1.5},"betmgm":{"odds":-180,"spread":1.5},"bovada":{"odds":-170,"spread":1.5}},"14":{"fanduel":{"odds":114,"spread":-1.5},"draftkings":{"odds":119,"spread":-1.5},"williamhill_us":{"odds":118,"spread":-1.5},"bovada":{"odds":120,"spread":-1.5}}},"books_away":{"0":{"fanduel":{"odds":-140,"spread":1.5},"betmgm":{"odds":-140,"spread":1.5},"draftkings":{"odds":-136,"spread":1.5},"williamhill_us":{"odds":-135,"spread":1.5},"bovada":{"odds":-140,"spread":1.5}},"1":{"fanduel":{"odds":-178,"spread":1.5},"betmgm":{"odds":-190,"spread":1.5},"draftkings":{"odds":-186,"spread":1.5},"williamhill_us":{"odds":-190,"spread":1.5},"bovada":{"odds":-180,"spread":1.5}},"2":{"fanduel":{"odds":-176,"spread":1.5},"draftkings":{"odds":-168,"spread":1.5},"williamhill_us":{"odds":-165,"spread":1.5},"betmgm":{"odds":-165,"spread":1.5},"bovada":{"odds":-170,"spread":1.5}},"3":{"fanduel":{"odds":-152,"spread":1.5},"williamhill_us":{"odds":-145,"spread":1.5},"draftkings":{"odds":-149,"spread":1.5},"betmgm":{"odds":-150,"spread":1.5},"bovada":{"odds":-150,"spread":1.5}},"4":{"fanduel":{"odds":-156,"spread":1.5},"betmgm":{"odds":-160,"spread":1.5},"draftkings":{"odds":-156,"spread":1.5},"williamhill_us":{"odds":-160,"spread":1.5},"bovada":{"odds":-160,"spread":1.5}},"5":{"fanduel":{"odds":-140,"spread":1.5},"betmgm":{"odds":-135,"spread":1.5},"draftkings":{"odds":-131,"spread":1.5},"williamhill_us":{"odds":-130,"spread":1.5},"bovada":{"odds":-135,"spread":1.5}},"6":{"fanduel":{"odds":155,"spread":-1.5},"williamhill_us":{"odds":-210,"spread":1.5},"draftkings":{"odds":156,"spread":-1.5},"bovada":{"odds":-210,"spread":1.5}},"7":{"fanduel":{"odds":125,"spread":-1.5},"williamhill_us":{"odds":122,"spread":-1.5},"draftkings":{"odds":119,"spread":-1.5},"betmgm":{"odds":120,"spread":-1.5},"bovada":{"odds":125,"spread":-1.5}},"8":{"fanduel":{"odds":118,"spread":-1.5},"betmgm":{"odds":120,"spread":-1.5},"williamhill_us":{"odds":118,"spread":-1.5},"draftkings":{"odds":119,"spread":-1.5},"bovada":{"odds":120,"spread":-1.5}},"9":{"fanduel":{"odds":-176,"spread":1.5},"draftkings":{"odds":-175,"spread":1.5},"williamhill_us":{"odds":-170,"spread":1.5},"betmgm":{"odds":-180,"spread":1.5},"bovada":{"odds":-170,"spread":1.5}},"10":{"fanduel":{"odds":118,"spread":-1.5},"williamhill_us":{"odds":118,"spread":-1.5},"draftkings":{"odds":119,"spread":-1.5},"betmgm":{"odds":120,"spread":-1.5},"bovada":{"odds":125,"spread":-1.5}},"11":{"fanduel":{"odds":132,"spread":-1.5},"betmgm":{"odds":135,"spread":-1.5},"williamhill_us":{"odds":140,"spread":-1.5},"draftkings":{"odds":139,"spread":-1.5},"bovada":{"odds":140,"spread":-1.5}},"12":{"fanduel":{"odds":-176,"spread":1.5},"betmgm":{"odds":-180,"spread":1.5},"williamhill_us":{"odds":-170,"spread":1.5},"draftkings":{"odds":-175,"spread":1.5},"bovada":{"odds":-175,"spread":1.5}},