{"game_id":{"0":"5d56d7bc8e07f9dd9a440c554bcaba58","1":"ed237b95b2bcbe6bc050a75bcf54cf3b","2":"c516931bbaf1d49406d58e749625e96a","3":"bad30008f1838625ea9ec0604b8cf654","4":"04cfcf1a98897aadad3afc57427fa4e6","5":"3cc24e5cbd47294ce618f37fb85b6a6b","6":"12e9673a50b71007f4d04bea97e64990","7":"783be51e9db5eba2f77fc312ba878c7e","8":"aaa4e34cd89fc75466e96cf44f14850e","9":"69038edf917dfe72c5e20312decc16b1","10":"5b241f4b94bf0db775608f15ddea4fc2","11":"b03fe28a0f54a552251de92e1e1c3443","12":"86ccb607d9a44f660c9cf85eada0f55e","13":"f931ee769aeeeeb55e2565cdf1fc908b","14":"7603b440617339875384ac0c19a99a15"},"home_team":{"0":"Detroit Tigers","1":"Minnesota Twins","2":"St. Louis Cardinals","3":"Chicago Cubs","4":"Toronto Blue Jays","5":"Philadelphia Phillies","6":"Arizona Diamondbacks","7":"Houston Astros","8":"Atlanta Braves","9":"Miami Marlins","10":"New York Yankees","11":"Texas Rangers","12":"Colorado Rockies","13":"Los Angeles Dodgers","14":"San Diego Padres"},"away_team":{"0":"Seattle Mariners","1":"Kansas City Royals","2":"Cincinnati Reds","3":"San Francisco Giants","4":"Baltimore Orioles","5":"Chicago White Sox","6":"Washington Nationals","7":"Athletics","8":"Pittsburgh Pirates","9":"Tampa Bay Rays","10":"Boston Red Sox","11":"Cleveland Guardians","12":"Milwaukee Brewers","13":"Los Angeles Angels","14":"New York Mets"},"home_spread":{"0":1.5,"1":-1.5,"2":-1.5,"3":-1.5,"4":1.5,"5":-1.5,"6":-1.5,"7":-1.5,"8":-1.5,"9":1.5,"10":-1.5,"11":-1.5,"12":1.5,"13":-2.5,"14":1.5},"away_spread":{"0":-1.5,"1":1.5,"2":1.5,"3":1.5,"4":-1.5,"5":1.5,"6":1.5,"7":-1.5,"8":-1.5,"9":-1.5,"10":1.5,"11":-1.5,"12":-2.5,"13":1.5,"14":-1.5},"best_home_odds":{"0":-145,"1":140,"2":164,"3":145,"4":-178,"5":150,"6":135,"7":162,"8":175,"9":-135,"10":158,"11":175,"12":143,"13":-110,"14":-162},"best_away_odds":{"0":126,"1":-160,"2":-185,"3":-160,"4":155,"5":-170,"6":-145,"7":155,"8":162,"9":115,"10":-180,"11":168,"12":-118,"13":140,"14":145},"home_cover_nv_prob":{"0":0.5722018509,"1":0.4037267081,"2":0.3685027153,"3":0.3987730061,"4":0.6201666894,"5":0.3884892086,"6":0.4182671788,"7":0.4932301741,"8":0.4878957169,"9":0.5525940029,"10":0.3761418592,"11":0.4935543278,"12":0.4319055355,"13":0.5569620253,"14":0.6023675823},"away_cover_nv_prob":{"0":0.4277981491,"1":0.5962732919,"2":0.6314972847,"3":0.6012269939,"4":0.3798333106,"5":0.6115107914,"6":0.5817328212,"7":0.5067698259,"8":0.5121042831,"9":0.4474059971,"10":0.6238581408,"11":0.5064456722,"12":0.5680944645,"13":0.4430379747,"14":0.3976324177},"books_home":{"0":{"fanduel":{"odds":-152,"spread":1.5},"williamhill_us":{"odds":-145,"spread":1.5},"bovada":{"odds":-145,"spread":1.5},"draftkings":{"odds":-149,"spread":1.5},"betmgm":{"odds":-155,"spread":1.5}},"1":{"fanduel":{"odds":136,"spread":-1.5},"williamhill_us":{"odds":135,"spread":-1.5},"bovada":{"odds":140,"spread":-1.5},"betmgm":{"odds":135,"spread":-1.5},"draftkings":{"odds":135,"spread":-1.5}},"2":{"fanduel":{"odds":164,"spread":-1.5},"williamhill_us":{"odds":158,"spread":-1.5},"bovada":{"odds":160,"spread":-1.5},"draftkings":{"odds":153,"spread":-1.5},"betmgm":{"odds":150,"spread":-1.5}},"3":{"fanduel":{"odds":140,"spread":-1.5},"bovada":{"odds":145,"spread":-1.5},"draftkings":{"odds":135,"spread":-1.5},"williamhill_us":{"odds":135,"spread":-1.5},"betmgm":{"odds":135,"spread":-1.5}},"4":{"fanduel":{"odds":-184,"spread":1.5},"bovada":{"odds":-180,"spread":1.5},"draftkings":{"odds":-181,"spread":1.5},"williamhill_us":{"odds":-178,"spread":1.5},"betmgm":{"odds":-185,"spread":1.5}},"5":{"fanduel":{"odds":140,"spread":-1.5},"williamhill_us":{"odds":143,"spread":-1.5},"bovada":{"odds":150,"spread":-1.5},"betmgm":{"odds":140,"spread":-1.5},"draftkings":{"odds":144,"spread":-1.5}},"6":{"fanduel":{"odds":130,"spread":-1.5},"bovada":{"odds":135,"spread":-1.5},"williamhill_us":{"odds":122,"spread":-1.5},"betmgm":{"odds":125,"spread":-1.5},"draftkings":{"odds":124,"spread":-1.5}},"7":{"fanduel":{"odds":-188,"spread":1.5},"bovada":{"odds":-170,"spread":1.5},"williamhill_us":{"odds":162,"spread":-1.5},"betmgm":{"odds":-190,"spread":1.5},"draftkings":{"odds":-182,"spread":1.5}},"8":{"fanduel":{"odds":-196,"spread":1.5},"bovada":{"odds":175,"spread":-1.5},"williamhill_us":{"odds":170,"spread":-1.5},"draftkings":{"odds":-181,"spread":1.5}},"9":{"fanduel":{"odds":-138,"spread":1.5},"bovada":{"odds":-135,"spread":1.5},"williamhill_us":{"odds":-135,"spread":1.5},"draftkings":{"odds":-137,"spread":1.5},"betmgm":{"odds":-140,"spread":1.5}},"10":{"fanduel":{"odds":155,"spread":-1.5},"bovada":{"odds":155,"spread":-1.5},"draftkings":{"odds":155,"spread":-1.5},"williamhill_us":{"odds":158,"spread":-1.5},"betmgm":{"odds":155,"spread":-1.5}},"11":{"fanduel":{"odds":-205,"spread":1.5},"bovada":{"odds":-195,"spread":1.5},"draftkings":{"odds":-204,"spread":1.5},"williamhill_us":{"odds":175,"spread":-1.5},"betmgm":{"odds":165,"spread":-1.5}},"12":{"fanduel":{"odds":134,"spread":1.5},"bovada":{"odds":140,"spread":1.5},"williamhill_us":{"odds":140,"spread":1.5},"betmgm":{"odds":-102,"spread":2.5},"draftkings":{"odds":143,"spread":1.5}},"13":{"fanduel":{"odds":-152,"spread":-1.5},"bovada":{"odds":-160,"spread":-1.5},"draftkings":{"odds":-167,"spread":-1.5},"williamhill_us":{"odds":-165,"spread":-1.5},"betmgm":{"odds":-110,"spread":-2.5}},"14":{"fanduel":{"odds":-162,"spread":1.5},"bovada":{"odds":-170,"spread":1.5},"williamhill_us":{"odds":-165,"spread":1.5},"betmgm":{"odds":-170,"spread":1.5},"draftkings":{"odds":-171,"spread":1.5}}},"books_away":{"0":{"fanduel":{"odds":126,"spread":-1.5},"williamhill_us":{"odds":122,"spread":-1.5},"bovada":{"odds":125,"spread":-1.5},"draftkings":{"odds":123,"spread":-1.5},"betmgm":{"odds":125,"spread":-1.5}},"1":{"fanduel":{"odds":-164,"spread":1.5},"williamhill_us":{"odds":-160,"spread":1.5},"bovada":{"odds":-165,"spread":1.5},"betmgm":{"odds":-160,"spread":1.5},"draftkings":{"odds":-163,"spread":1.5}},"2":{"fanduel":{"odds":-200,"spread":1.5},"williamhill_us":{"odds":-190,"spread":1.5},"bovada":{"odds":-185,"spread":1.5},"draftkings":{"odds":-187,"spread":1.5},"betmgm":{"odds":-185,"spread":1.5}},"3":{"fanduel":{"odds":-170,"spread":1.5},"bovada":{"odds":-170,"spread":1.5},"draftkings":{"odds":-163,"spread":1.5},"williamhill_us":{"odds":-160,"spread":1.5},"betmgm":{"odds":-165,"spread":1.5}},"4":{"fanduel":{"odds":152,"spread":-1.5},"bovada":{"odds":155,"spread":-1.5},"draftkings":{"odds":149,"spread":-1.5},"williamhill_us":{"odds":150,"spread":-1.5},"betmgm":{"odds":150,"spread":-1.5}},"5":{"fanduel":{"odds":-170,"spread":1.5},"williamhill_us":{"odds":-170,"spread":1.5},"bovada":{"odds":-175,"spread":1.5},"betmgm":{"odds":-170,"spread":1.5},"draftkings":{"odds":-175,"spread":1.5}},"6":{"fanduel":{"odds":-156,"spread":1.5},"bovada":{"odds":-160,"spread":1.5},"williamhill_us":{"odds":-145,"spread":1.5},"betmgm":{"odds":-150,"spread":1.5},"draftkings":{"odds":-149,"spread":1.5}},"7":{"fanduel":{"odds":155,"spread":-1.5},"bovada":{"odds":145,"spread":-1.5},"williamhill_us":{"odds":-195,"spread":1.5},"betmgm":{"odds":155,"spread":-1.5},"draftkings":{"odds":150,"spread":-1.5}},"8":{"fanduel":{"odds":162,"spread":-1.5},"bovada":{"odds":-210,"spread":1.5},"williamhill_us":{"odds":-205,"spread":1.5},"draftkings":{"odds":149,"spread":-1.5}},"9":{"fanduel":{"odds":115,"spread":-1.5},"bovada":{"odds":115,"spread":-1.5},"williamhill_us":{"odds":115,"spread":-1.5},"draftkings":{"odds":114,"spread":-1.5},"betmgm":{"odds":115,"spread":-1.5}},"10":{"fanduel":{"odds":-188,"spread":1.5},"bovada":{"odds":-180,"spread":1.5},"draftkings":{"odds":-188,"spread":1.5},"williamhill_us":{"odds":-190,"spread":1.5},"betmgm":{"odds":-190,"spread":1.5}},"11":{"fanduel":{"odds":168,"spread":-1.5},"bovada":{"odds":165,"spread":-1.5},"draftkings":{"odds":167,"spread":-1.5},"williamhill_us":{"odds":-210,"spread":1.5},"betmgm":{"odds":-220,"spread":1.5}},"12":{"fanduel":{"odds":-162,"spread":-1.5},"bovada":{"odds":-165,"spread":-1.5},"williamhill_us":{"odds":-165,"spread":-1.5},"betmgm":{"odds":-118,