{"game_id":{"0":"87cc10ad1f5377b838eb240a510a0f9f","1":"fa294eb768832d8c8870b2c0559291c1","2":"6b47a66c52d27dacd1c7bbcd808713c1","3":"6dc67dec6b0c9f4a591f05d0f5912d23","4":"9c2784938a40031b48e75139185e2491","5":"35d9a6cb5c11499a313b0205abf1c1f9","6":"d5349ae869ae1b1c6c38042687a3e57b","7":"38a1ef501107d0410c8595f25612567d","8":"8e54fa4eee405d90f575942ad15b1d52","9":"da125dfa2d7fe97d5836e50dd394db59"},"home_team":{"0":"Philadelphia Phillies","1":"Washington Nationals","2":"Cincinnati Reds","3":"St. Louis Cardinals","4":"Chicago Cubs","5":"Texas Rangers","6":"Houston Astros","7":"Arizona Diamondbacks","8":"Athletics","9":"Los Angeles Dodgers"},"away_team":{"0":"Miami Marlins","1":"Kansas City Royals","2":"New York Mets","3":"San Diego Padres","4":"Colorado Rockies","5":"Minnesota Twins","6":"Detroit Tigers","7":"Los Angeles Angels","8":"Pittsburgh Pirates","9":"Tampa Bay Rays"},"home_spread":{"0":-1.5,"1":-1.5,"2":-1.5,"3":-1.5,"4":-1.5,"5":-1.5,"6":-1.5,"7":-1.5,"8":-1.5,"9":-1.5},"away_spread":{"0":1.5,"1":1.5,"2":1.5,"3":1.5,"4":1.5,"5":1.5,"6":1.5,"7":1.5,"8":-1.5,"9":1.5},"best_home_odds":{"0":105,"1":150,"2":155,"3":140,"4":100,"5":130,"6":165,"7":162,"8":160,"9":130},"best_away_odds":{"0":-120,"1":-170,"2":-178,"3":-165,"4":-120,"5":-150,"6":-185,"7":-185,"8":155,"9":-145},"home_cover_nv_prob":{"0":0.4721030043,"1":0.3884892086,"2":0.3798333106,"3":0.4009077156,"4":0.4782608696,"5":0.4201680672,"6":0.3676233473,"7":0.3702741328,"8":0.4951456311,"9":0.4235090752},"away_cover_nv_prob":{"0":0.5278969957,"1":0.6115107914,"2":0.6201666894,"3":0.5990922844,"4":0.5217391304,"5":0.5798319328,"6":0.6323766527,"7":0.6297258672,"8":0.5048543689,"9":0.5764909248},"books_home":{"0":{"fanduel":{"odds":105,"spread":-1.5},"williamhill_us":{"odds":100,"spread":-1.5},"betmgm":{"odds":100,"spread":-1.5},"draftkings":{"odds":100,"spread":-1.5},"bovada":{"odds":100,"spread":-1.5}},"1":{"fanduel":{"odds":146,"spread":-1.5},"draftkings":{"odds":141,"spread":-1.5},"williamhill_us":{"odds":143,"spread":-1.5},"betmgm":{"odds":140,"spread":-1.5},"bovada":{"odds":150,"spread":-1.5}},"2":{"fanduel":{"odds":150,"spread":-1.5},"draftkings":{"odds":149,"spread":-1.5},"williamhill_us":{"odds":150,"spread":-1.5},"betmgm":{"odds":150,"spread":-1.5},"bovada":{"odds":155,"spread":-1.5}},"3":{"fanduel":{"odds":140,"spread":-1.5},"draftkings":{"odds":139,"spread":-1.5},"williamhill_us":{"odds":140,"spread":-1.5},"betmgm":{"odds":140,"spread":-1.5},"bovada":{"odds":140,"spread":-1.5}},"4":{"fanduel":{"odds":100,"spread":-1.5},"williamhill_us":{"odds":100,"spread":-1.5},"betmgm":{"odds":100,"spread":-1.5},"draftkings":{"odds":-101,"spread":-1.5},"bovada":{"odds":100,"spread":-1.5}},"5":{"fanduel":{"odds":128,"spread":-1.5},"draftkings":{"odds":129,"spread":-1.5},"williamhill_us":{"odds":130,"spread":-1.5},"bovada":{"odds":130,"spread":-1.5}},"6":{"fanduel":{"odds":160,"spread":-1.5},"williamhill_us":{"odds":158,"spread":-1.5},"betmgm":{"odds":150,"spread":-1.5},"draftkings":{"odds":153,"spread":-1.5},"bovada":{"odds":165,"spread":-1.5}},"7":{"fanduel":{"odds":162,"spread":-1.5},"williamhill_us":{"odds":158,"spread":-1.5},"betmgm":{"odds":155,"spread":-1.5},"draftkings":{"odds":157,"spread":-1.5},"bovada":{"odds":160,"spread":-1.5}},"8":{"fanduel":{"odds":-188,"spread":1.5},"williamhill_us":{"odds":150,"spread":-1.5},"betmgm":{"odds":150,"spread":-1.5},"draftkings":{"odds":149,"spread":-1.5},"bovada":{"odds":160,"spread":-1.5}},"9":{"fanduel":{"odds":130,"spread":-1.5},"williamhill_us":{"odds":122,"spread":-1.5},"betmgm":{"odds":125,"spread":-1.5},"draftkings":{"odds":123,"spread":-1.5},"bovada":{"odds":130,"spread":-1.5}}},"books_away":{"0":{"fanduel":{"odds":-126,"spread":1.5},"williamhill_us":{"odds":-120,"spread":1.5},"betmgm":{"odds":-120,"spread":1.5},"draftkings":{"odds":-120,"spread":1.5},"bovada":{"odds":-120,"spread":1.5}},"1":{"fanduel":{"odds":-178,"spread":1.5},"draftkings":{"odds":-171,"spread":1.5},"williamhill_us":{"odds":-170,"spread":1.5},"betmgm":{"odds":-170,"spread":1.5},"bovada":{"odds":-175,"spread":1.5}},"2":{"fanduel":{"odds":-182,"spread":1.5},"draftkings":{"odds":-181,"spread":1.5},"williamhill_us":{"odds":-178,"spread":1.5},"betmgm":{"odds":-185,"spread":1.5},"bovada":{"odds":-180,"spread":1.5}},"3":{"fanduel":{"odds":-170,"spread":1.5},"draftkings":{"odds":-168,"spread":1.5},"williamhill_us":{"odds":-165,"spread":1.5},"betmgm":{"odds":-170,"spread":1.5},"bovada":{"odds":-165,"spread":1.5}},"4":{"fanduel":{"odds":-120,"spread":1.5},"williamhill_us":{"odds":-120,"spread":1.5},"betmgm":{"odds":-120,"spread":1.5},"draftkings":{"odds":-120,"spread":1.5},"bovada":{"odds":-120,"spread":1.5}},"5":{"fanduel":{"odds":-154,"spread":1.5},"draftkings":{"odds":-156,"spread":1.5},"williamhill_us":{"odds":-155,"spread":1.5},"bovada":{"odds":-150,"spread":1.5}},"6":{"fanduel":{"odds":-194,"spread":1.5},"williamhill_us":{"odds":-190,"spread":1.5},"betmgm":{"odds":-185,"spread":1.5},"draftkings":{"odds":-186,"spread":1.5},"bovada":{"odds":-195,"spread":1.5}},"7":{"fanduel":{"odds":-196,"spread":1.5},"williamhill_us":{"odds":-190,"spread":1.5},"betmgm":{"odds":-190,"spread":1.5},"draftkings":{"odds":-192,"spread":1.5},"bovada":{"odds":-185,"spread":1.5}},"8":{"fanduel":{"odds":155,"spread":-1.5},"williamhill_us":{"odds":-178,"spread":1.5},"betmgm":{"odds":-185,"spread":1.5},"draftkings":{"odds":-181,"spread":1.5},"bovada":{"odds":-185,"spread":1.5}},"9":{"fanduel":{"odds":-156,"spread":1.5},"williamhill_us":{"odds":-145,"spread":1.5},"betmgm":{"odds":-155,"spread":1.5},"draftkings":{"odds":-149,"spread":1.5},"bovada":{"odds":-150,"spread":1.5}}}}