{"game_id":{"0":"54d2ed057ce3fb965cccd98462801587","1":"58c428c5386f2b32f686e9edcd8a59c1","2":"425b34215a513158ef4e31dfba783680","3":"0b2ce5a1d74c6717e426e4fad97d4195","4":"b6419b51fefd5fa369613194085e166f","5":"3f2c1cb7fb42f7b00783f896040bb847","6":"858a2c7b380050783a8afc9416d83cd0","7":"95ee6055d18281317e28c6c18e624606","8":"93fc5b52fd02b67ae146d8a43e98b1ae","9":"01293f413b449db8f908c6d51539ea15","10":"f5978dc3ccd113075da44542f6ee1e9a","11":"4be65ae4c2c4b00e97e31396ea055fa7","12":"1972be0f278db4fe870972f2d97254c2","13":"6cf3e8040acf1a1d7d7e7f5b1c0ce4e8","14":"f22b44b04b70c9956c01233a8b94b5cd"},"home_team":{"0":"Pittsburgh Pirates","1":"Washington Nationals","2":"Baltimore Orioles","3":"Boston Red Sox","4":"Cleveland Guardians","5":"New York Mets","6":"Cincinnati Reds","7":"Toronto Blue Jays","8":"Chicago White Sox","9":"Milwaukee Brewers","10":"Kansas City Royals","11":"Minnesota Twins","12":"Los Angeles Angels","13":"Athletics","14":"San Francisco Giants"},"away_team":{"0":"Miami Marlins","1":"Seattle Mariners","2":"San Diego Padres","3":"Texas Rangers","4":"Detroit Tigers","5":"Atlanta Braves","6":"Arizona Diamondbacks","7":"New York Yankees","8":"Los Angeles Dodgers","9":"Philadelphia Phillies","10":"Houston Astros","11":"St. Louis Cardinals","12":"Tampa Bay Rays","13":"Colorado Rockies","14":"Chicago Cubs"},"home_spread":{"0":-1.5,"1":1.5,"2":-1.5,"3":-1.5,"4":-1.5,"5":-1.5,"6":1.5,"7":-1.5,"8":1.5,"9":-1.5,"10":1.5,"11":-1.5,"12":1.5,"13":-1.5,"14":-1.5},"away_spread":{"0":1.5,"1":-1.5,"2":1.5,"3":1.5,"4":-1.5,"5":-1.5,"6":-1.5,"7":-1.5,"8":-1.5,"9":1.5,"10":-1.5,"11":1.5,"12":-1.5,"13":1.5,"14":-1.5},"best_home_odds":{"0":145,"1":-130,"2":140,"3":168,"4":165,"5":175,"6":-164,"7":185,"8":-130,"9":-110,"10":-160,"11":155,"12":-114,"13":-105,"14":185},"best_away_odds":{"0":-165,"1":114,"2":-160,"3":-185,"4":164,"5":165,"6":140,"7":165,"8":115,"9":100,"10":140,"11":-170,"12":100,"13":-105,"14":160},"home_cover_nv_prob":{"0":0.3959656332,"1":0.5474222747,"2":0.4037267081,"3":0.3650102459,"4":0.4990548204,"5":0.4907407407,"6":0.598540146,"7":0.4818181818,"8":0.5485770363,"9":0.511627907,"10":0.5962732919,"11":0.3837953092,"12":0.5158371041,"13":0.5,"14":0.4770642202},"away_cover_nv_prob":{"0":0.6040343668,"1":0.4525777253,"2":0.5962732919,"3":0.6349897541,"4":0.5009451796,"5":0.5092592593,"6":0.401459854,"7":0.5181818182,"8":0.4514229637,"9":0.488372093,"10":0.4037267081,"11":0.6162046908,"12":0.4841628959,"13":0.5,"14":0.5229357798},"books_home":{"0":{"fanduel":{"odds":142,"spread":-1.5},"williamhill_us":{"odds":140,"spread":-1.5},"draftkings":{"odds":139,"spread":-1.5},"betmgm":{"odds":135,"spread":-1.5},"bovada":{"odds":145,"spread":-1.5}},"1":{"fanduel":{"odds":-137,"spread":1.5},"williamhill_us":{"odds":-130,"spread":1.5},"draftkings":{"odds":-131,"spread":1.5},"betmgm":{"odds":-135,"spread":1.5},"bovada":{"odds":-130,"spread":1.5}},"2":{"fanduel":{"odds":140,"spread":-1.5},"williamhill_us":{"odds":140,"spread":-1.5},"draftkings":{"odds":137,"spread":-1.5},"betmgm":{"odds":135,"spread":-1.5},"bovada":{"odds":140,"spread":-1.5}},"3":{"fanduel":{"odds":168,"spread":-1.5},"williamhill_us":{"odds":158,"spread":-1.5},"draftkings":{"odds":158,"spread":-1.5},"betmgm":{"odds":155,"spread":-1.5},"bovada":{"odds":160,"spread":-1.5}},"4":{"fanduel":{"odds":-200,"spread":1.5},"williamhill_us":{"odds":162,"spread":-1.5},"draftkings":{"odds":163,"spread":-1.5},"betmgm":{"odds":-210,"spread":1.5},"bovada":{"odds":165,"spread":-1.5}},"5":{"draftkings":{"odds":-199,"spread":1.5},"williamhill_us":{"odds":175,"spread":-1.5},"betmgm":{"odds":-200,"spread":1.5},"fanduel":{"odds":-196,"spread":1.5},"bovada":{"odds":175,"spread":-1.5}},"6":{"fanduel":{"odds":-164,"spread":1.5},"williamhill_us":{"odds":-165,"spread":1.5},"draftkings":{"odds":-168,"spread":1.5},"betmgm":{"odds":-170,"spread":1.5},"bovada":{"odds":-165,"spread":1.5}},"7":{"draftkings":{"odds":-196,"spread":1.5},"bovada":{"odds":185,"spread":-1.5},"betmgm":{"odds":-200,"spread":1.5},"williamhill_us":{"odds":175,"spread":-1.5},"fanduel":{"odds":-196,"spread":1.5}},"8":{"fanduel":{"odds":-137,"spread":1.5},"williamhill_us":{"odds":-135,"spread":1.5},"betmgm":{"odds":-135,"spread":1.5},"draftkings":{"odds":-136,"spread":1.5},"bovada":{"odds":-130,"spread":1.5}},"9":{"fanduel":{"odds":-110,"spread":-1.5},"williamhill_us":{"odds":-120,"spread":-1.5},"draftkings":{"odds":-115,"spread":-1.5},"betmgm":{"odds":-118,"spread":-1.5},"bovada":{"odds":-110,"spread":-1.5}},"10":{"fanduel":{"odds":-170,"spread":1.5},"williamhill_us":{"odds":-160,"spread":1.5},"draftkings":{"odds":-163,"spread":1.5},"betmgm":{"odds":-165,"spread":1.5},"bovada":{"odds":-165,"spread":1.5}},"11":{"fanduel":{"odds":155,"spread":-1.5},"williamhill_us":{"odds":143,"spread":-1.5},"draftkings":{"odds":143,"spread":-1.5},"betmgm":{"odds":145,"spread":-1.5},"bovada":{"odds":150,"spread":-1.5}},"12":{"fanduel":{"odds":-120,"spread":1.5},"williamhill_us":{"odds":-115,"spread":1.5},"draftkings":{"odds":-114,"spread":1.5},"betmgm":{"odds":-115,"spread":1.5},"bovada":{"odds":-115,"spread":1.5}},"13":{"fanduel":{"odds":-105,"spread":-1.5},"draftkings":{"odds":-109,"spread":-1.5},"williamhill_us":{"odds":-115,"spread":-1.5},"betmgm":{"odds":-105,"spread":-1.5},"bovada":{"odds":-105,"spread":-1.5}},"14":{"fanduel":{"odds":-194,"spread":1.5},"williamhill_us":{"odds":185,"spread":-1.5},"bovada":{"odds":185,"spread":-1.5},"betmgm":{"odds":-190,"spread":1.5},"draftkings":{"odds":-190,"spread":1.5}}},"books_away":{"0":{"fanduel":{"odds":-172,"spread":1.5},"williamhill_us":{"odds":-165,"spread":1.5},"draftkings":{"odds":-168,"spread":1.5},"betmgm":{"odds":-165,"spread":1.5},"bovada":{"odds":-170,"spread":1.5}},"1":{"fanduel":{"odds":114,"spread":-1.5},"williamhill_us":{"odds":110,"spread":-1.5},"draftkings":{"odds":109,"spread":-1.5},"betmgm":{"odds":110,"spread":-1.5},"bovada":{"odds":110,"spread":-1.5}},"2":{"fanduel":{"odds":-170,"spread":1.5},"williamhill_us":{"odds":-165,"spread":1.5},"draftkings":{"odds":-167,"spread":1.5},"betmgm":{"odds":-160,"spread":1.5},"bovada":{"odds":-165,"spread":1.5}},"3":{"fanduel":{"odds":-205,"spread":1.5},"williamhill_us":{"odds":-190,"spread":1.5},"draftkings":{"odds":-193,"spread":1.5},"betmgm":{"odds":-190,"spread":1.5},"bovada":{"odds":-185,"spread":1.5}},"4":{"fanduel":{"odds":164,"spread":-1.5},"williamhill_us":{"odds":-195,"spread":1.5},"draftkings":{"odds":-199,"spread":1.5},"betmgm":{"odds":160,"spread":-1.5},"bovada":{"odds":-195,"spread":1.5}},"5":{"draftkings":{"odds":163,"spread":-1.5},"williamhill_us":{"odds":-210,"spread":1.5},"betmgm":{"odds":165,"spread":-1.5},"fanduel":{"odds":162,"spread":-1.5},"bovada":{"odds":-210,"spread":1.5}},"6":{"fanduel":{"odds":136,"spread":-1.5},"williamhill_us":{"odds":140,"spread":-1.5},"draftkings":{"odds":139,"spread":-1.5},"betmgm":{"odds":140,"spread":-1.5},"bovada":{"odds":140,"spread":-1.5}},"7":{"draftkings":{"odds":160,"spread":-1.5},"bovada":{"odds":-225,"spread":1.5},"betmgm":{"odds":165,"spread":-1.5},"williamhill_us":{"odds":-210,"spread":1.5},"fanduel":{"odds":162,"spread":-1.5}},"8":{"fanduel":{"odds":114,"spread":-1.5},"williamhill_us":{"odds":115,"spread":-1.5},"betmgm":{"odds":110,"spread":-1.5},"draftkings":{"odds":113,"spread":-1.5},"bovada":{"odds":110,"spread":-1.5}},"9":{"fanduel":{"odds":-110,"spread":1.5},"williamhill_us":{"odds":100,"spread":1.5},"draftkings":{"odds":-104,"spread":1.5},"betmgm":{"odds":-102,"spread":1.5},"bovada":{"odds":-110,"spread":1.5}},"10":{"fanduel":{"odds":140,"spread":-1.5},"williamhill_us":{"odds":135,"spread":-1.5},"draftkings":{"odds":135,"spread":-1.5},"betmgm":{"odds":135,"spread":-1.5},"bovada":{"odds":140,"spread":-1.5}},"11":{"fanduel":{"odds":-188,"spread":1.5},"williamhill_us":{"odds":-170,"spread":1.5},"draftkings":{"odds":-174,"spread":1.5},"betmgm":{"odds":-175,"spread":1.5},"bovada":{"odds":-175,"spread":1.5}},"12":{"fanduel":{"odds":100,"spread":-1.5},"williamhill_us":{"odds":-105,"spread":-1.5},