{"game_id":{"0":"996ae6b240fb1d4c4f902121937d3569","1":"bfb9f1713a1e1d5af34925cdf9b13a7e","2":"36d5609a0cc871bc0455884cbbeb54a7","3":"d125d71e5b57f505a63c57086e78bfea","4":"2012acf4d020399d425e3b100b9eb0b8","5":"0d9a62c64d2a238adaad12a20dcdbf30","6":"8669868fab8f7f8ccddf468e6ac88d5b","7":"116182ae8e8405948f5510df38eec4e8","8":"c4ad12dbd84b0112939a27411ee0bf4d","9":"0fb188572539c3bf9558877136a1c260","10":"202f16f2a36544c76cedfaacc4e45ada","11":"8732923778f83df576e551800c5f68d9","12":"b51f77ee601ba774b0fc72ab78459a22","13":"dd1591797593585fc5c6ed59ebb7a738","14":"4a7ed5c0f59bf539dffd13712f0d22e3"},"home_team":{"0":"Tampa Bay Rays","1":"Atlanta Braves","2":"Washington Nationals","3":"Pittsburgh Pirates","4":"Cleveland Guardians","5":"Detroit Tigers","6":"New York Mets","7":"Chicago White Sox","8":"Houston Astros","9":"Minnesota Twins","10":"St. Louis Cardinals","11":"Colorado Rockies","12":"Athletics","13":"Los Angeles Angels","14":"Seattle Mariners"},"away_team":{"0":"Miami Marlins","1":"Boston Red Sox","2":"Baltimore Orioles","3":"Philadelphia Phillies","4":"Cincinnati Reds","5":"Toronto Blue Jays","6":"New York Yankees","7":"Chicago Cubs","8":"Texas Rangers","9":"Milwaukee Brewers","10":"Kansas City Royals","11":"Arizona Diamondbacks","12":"San Francisco Giants","13":"Los Angeles Dodgers","14":"San Diego Padres"},"home_spread":{"0":-1.5,"1":-1.5,"2":1.5,"3":-1.5,"4":-1.5,"5":1.5,"6":-1.5,"7":1.5,"8":1.5,"9":1.5,"10":-1.5,"11":1.5,"12":-1.5,"13":1.5,"14":-1.5},"away_spread":{"0":1.5,"1":1.5,"2":-1.5,"3":1.5,"4":1.5,"5":-1.5,"6":-1.5,"7":-1.5,"8":-1.5,"9":-1.5,"10":-1.5,"11":-1.5,"12":1.5,"13":-1.5,"14":1.5},"best_home_odds":{"0":146,"1":134,"2":-140,"3":165,"4":132,"5":-159,"6":185,"7":-145,"8":-165,"9":-164,"10":170,"11":-120,"12":135,"13":-135,"14":136},"best_away_odds":{"0":-160,"1":-150,"2":125,"3":-190,"4":-145,"5":138,"6":158,"7":126,"8":145,"9":146,"10":155,"11":104,"12":-160,"13":115,"14":-160},"home_cover_nv_prob":{"0":0.3977968176,"1":0.4159733777,"2":0.5675675676,"3":0.3654694392,"4":0.4213966288,"5":0.5936745003,"6":0.4751381215,"7":0.5722018509,"8":0.6040343668,"9":0.6044588278,"10":0.4857142857,"11":0.5266781411,"12":0.4088050314,"13":0.5525940029,"14":0.4077791719},"away_cover_nv_prob":{"0":0.6022031824,"1":0.5840266223,"2":0.4324324324,"3":0.6345305608,"4":0.5786033712,"5":0.4063254997,"6":0.5248618785,"7":0.4277981491,"8":0.3959656332,"9":0.3955411722,"10":0.5142857143,"11":0.4733218589,"12":0.5911949686,"13":0.4474059971,"14":0.5922208281},"books_home":{"0":{"fanduel":{"odds":146,"spread":-1.5},"williamhill_us":{"odds":140,"spread":-1.5},"draftkings":{"odds":137,"spread":-1.5},"bovada":{"odds":135,"spread":-1.5},"betmgm":{"odds":135,"spread":-1.5}},"1":{"fanduel":{"odds":134,"spread":-1.5},"williamhill_us":{"odds":130,"spread":-1.5},"betmgm":{"odds":125,"spread":-1.5},"draftkings":{"odds":128,"spread":-1.5},"bovada":{"odds":130,"spread":-1.5}},"2":{"fanduel":{"odds":-150,"spread":1.5},"williamhill_us":{"odds":-145,"spread":1.5},"draftkings":{"odds":-144,"spread":1.5},"bovada":{"odds":-140,"spread":1.5},"betmgm":{"odds":-145,"spread":1.5}},"3":{"fanduel":{"odds":158,"spread":-1.5},"williamhill_us":{"odds":158,"spread":-1.5},"draftkings":{"odds":162,"spread":-1.5},"bovada":{"odds":165,"spread":-1.5},"betmgm":{"odds":165,"spread":-1.5}},"4":{"fanduel":{"odds":132,"spread":-1.5},"williamhill_us":{"odds":122,"spread":-1.5},"draftkings":{"odds":124,"spread":-1.5},"bovada":{"odds":130,"spread":-1.5},"betmgm":{"odds":125,"spread":-1.5}},"5":{"fanduel":{"odds":-166,"spread":1.5},"williamhill_us":{"odds":-160,"spread":1.5},"draftkings":{"odds":-159,"spread":1.5},"bovada":{"odds":-160,"spread":1.5},"betmgm":{"odds":-160,"spread":1.5}},"6":{"fanduel":{"odds":-194,"spread":1.5},"williamhill_us":{"odds":175,"spread":-1.5},"draftkings":{"odds":-193,"spread":1.5},"bovada":{"odds":185,"spread":-1.5},"betmgm":{"odds":-190,"spread":1.5}},"7":{"fanduel":{"odds":-152,"spread":1.5},"williamhill_us":{"odds":-145,"spread":1.5},"draftkings":{"odds":-149,"spread":1.5},"bovada":{"odds":-145,"spread":1.5},"betmgm":{"odds":-150,"spread":1.5}},"8":{"fanduel":{"odds":-170,"spread":1.5},"williamhill_us":{"odds":-165,"spread":1.5},"betmgm":{"odds":-165,"spread":1.5},"draftkings":{"odds":-168,"spread":1.5},"bovada":{"odds":-170,"spread":1.5}},"9":{"fanduel":{"odds":-176,"spread":1.5},"williamhill_us":{"odds":-165,"spread":1.5},"draftkings":{"odds":-164,"spread":1.5},"bovada":{"odds":-165,"spread":1.5}},"10":{"fanduel":{"odds":-188,"spread":1.5},"williamhill_us":{"odds":170,"spread":-1.5},"draftkings":{"odds":-175,"spread":1.5},"bovada":{"odds":170,"spread":-1.5},"betmgm":{"odds":-190,"spread":1.5}},"11":{"fanduel":{"odds":-125,"spread":1.5},"williamhill_us":{"odds":-120,"spread":1.5},"draftkings":{"odds":-120,"spread":1.5},"bovada":{"odds":-120,"spread":1.5},"betmgm":{"odds":-120,"spread":1.5}},"12":{"fanduel":{"odds":134,"spread":-1.5},"williamhill_us":{"odds":135,"spread":-1.5},"draftkings":{"odds":134,"spread":-1.5},"bovada":{"odds":135,"spread":-1.5},"betmgm":{"odds":135,"spread":-1.5}},"13":{"fanduel":{"odds":-137,"spread":1.5},"draftkings":{"odds":-137,"spread":1.5},"williamhill_us":{"odds":-135,"spread":1.5},"bovada":{"odds":-135,"spread":1.5},"betmgm":{"odds":-140,"spread":1.5}},"14":{"fanduel":{"odds":132,"spread":-1.5},"draftkings":{"odds":136,"spread":-1.5},"williamhill_us":{"odds":135,"spread":-1.5},"bovada":{"odds":135,"spread":-1.5},"betmgm":{"odds":135,"spread":-1.5}}},"books_away":{"0":{"fanduel":{"odds":-176,"spread":1.5},"williamhill_us":{"odds":-165,"spread":1.5},"draftkings":{"odds":-166,"spread":1.5},"bovada":{"odds":-160,"spread":1.5},"betmgm":{"odds":-165,"spread":1.5}},"1":{"fanduel":{"odds":-162,"spread":1.5},"williamhill_us":{"odds":-155,"spread":1.5},"betmgm":{"odds":-155,"spread":1.5},"draftkings":{"odds":-155,"spread":1.5},"bovada":{"odds":-150,"spread":1.5}},"2":{"fanduel":{"odds":125,"spread":-1.5},"williamhill_us":{"odds":122,"spread":-1.5},"draftkings":{"odds":119,"spread":-1.5},"bovada":{"odds":120,"spread":-1.5},"betmgm":{"odds":120,"spread":-1.5}},"3":{"fanduel":{"odds":-192,"spread":1.5},"williamhill_us":{"odds":-190,"spread":1.5},"draftkings":{"odds":-198,"spread":1.5},"bovada":{"odds":-195,"spread":1.5},"betmgm":{"odds":-200,"spread":1.5}},"4":{"fanduel":{"odds":-162,"spread":1.5},"williamhill_us":{"odds":-145,"spread":1.5},"draftkings":{"odds":-149,"spread":1.5},"bovada":{"odds":-150,"spread":1.5},"betmgm":{"odds":-155,"spread":1.5}},"5":{"fanduel":{"odds":138,"spread":-1.5},"williamhill_us":{"odds":135,"spread":-1.5},"draftkings":{"odds":131,"spread":-1.5},"bovada":{"odds":135,"spread":-1.5},"betmgm":{"odds":135,"spread":-1.5}},"6":{"fanduel":{"odds":158,"spread":-1.5},"williamhill_us":{"odds":-210,"spread":1.5},"draftkings":{"odds":158,"spread":-1.5},"bovada":{"odds":-225,"spread":1.5},"betmgm":{"odds":155,"spread":-1.5}},"7":{"fanduel":{"odds":126,"spread":-1.5},"williamhill_us":{"odds":122,"spread":-1.5},"draftkings":{"odds":124,"spread":-1.5},"bovada":{"odds":125,"spread":-1.5},"betmgm":{"odds":125,"spread":-1.5}},"8":{"fanduel":{"odds":140,"spread":-1.5},"williamhill_us":{"odds":140,"spread":-1.5},"betmgm":{"odds":135,"spread":-1.5},"draftkings":{"odds":139,"spread":-1.5},"bovada":{"odds":145,"spread":-1.5}},"9":{"fanduel":{"odds":146,"spread":-1.5},"williamhill_us":{"odds":140,"spread":-1.5},"draftkings":{"odds":136,"spread":-1.5},"bovada":{"odds":140,"spread":-1.5}},"10":{"fanduel":{"odds":155,"spread":-1.5},"williamhill_us":{"odds":-205,"spread":1.5},"draftkings":{"odds":144,"spread":-1.5},"bovada":{"odds":-200,"spread":1.5},"betmgm":{"odds":155,"spread":-1.5}},"11":{"fanduel":{"odds":104,"spread":-1.5},"williamhill_us":{"odds":100,"spread":-1.5},"draftkings":{"odds":-101,"spread":-1.5},"bovada":{"odds":100,"spread":-1.5},"betmgm":{"odds":100,"spread":-1.5}},"12":{"fanduel":{"odds":-162,"spread":1.5},"williamhill_us":{"odds":-160,"spread":1.5},"draftkings":{"odds":-162,"spread":1.5},"bovada":{"odds":-160,