{"game_id":{"0":"6942f51396ca14022ebe5ceba3757999","1":"4dabf3c25d679f972f575c9dfd6f7c94","2":"0ab4430c93f4388372c2e69d5d140069","3":"53d62d8a9267d511ebf7cd7fa665db9e","4":"24f243aa4931d665a39634650fab8767","5":"321f53de67eea12b85a524534e30a5ba","6":"bdae690ae030bd8c713b1b5a3f21cfee","7":"6adbbe821c88271b3ccca51eb9d54dee","8":"7d8eb7e9ca4020fe2b949197c47e54a4","9":"5fe99c93584b4bf570646386c809ec41","10":"03100440c2d895c0a6ffd0e94af916a9","11":"25b209388bb30aa144af568ffd0b3921","12":"6e5e041ab28b3e4d10c68fb1fdd50a89","13":"cc33d68ceec04cd9b09a8c631d7574a0","14":"fd93ab95f0912b81f977d64ebcc5df42"},"home_team":{"0":"Atlanta Braves","1":"Baltimore Orioles","2":"Cincinnati Reds","3":"Philadelphia Phillies","4":"Toronto Blue Jays","5":"Miami Marlins","6":"St. Louis Cardinals","7":"Milwaukee Brewers","8":"Houston Astros","9":"Chicago Cubs","10":"Arizona Diamondbacks","11":"Seattle Mariners","12":"San Diego Padres","13":"Kansas City Royals","14":"Los Angeles Dodgers"},"away_team":{"0":"Athletics","1":"Texas Rangers","2":"Pittsburgh Pirates","3":"Washington Nationals","4":"Colorado Rockies","5":"Chicago White Sox","6":"New York Mets","7":"Tampa Bay Rays","8":"Boston Red Sox","9":"Los Angeles Angels","10":"Detroit Tigers","11":"New York Yankees","12":"San Francisco Giants","13":"Minnesota Twins","14":"Cleveland Guardians"},"home_spread":{"0":-1.5,"1":-1.5,"2":1.5,"3":-1.5,"4":-1.5,"5":-1.5,"6":1.5,"7":-1.5,"8":1.5,"9":-1.5,"10":1.5,"11":-1.5,"12":-1.5,"13":1.5,"14":-1.5},"away_spread":{"0":1.5,"1":-1.5,"2":-1.5,"3":1.5,"4":1.5,"5":1.5,"6":-1.5,"7":1.5,"8":-1.5,"9":1.5,"10":-1.5,"11":-1.5,"12":1.5,"13":-1.5,"14":1.5},"best_home_odds":{"0":100,"1":180,"2":-120,"3":-120,"4":-130,"5":145,"6":-118,"7":165,"8":-140,"9":150,"10":-120,"11":185,"12":150,"13":-160,"14":-120},"best_away_odds":{"0":-118,"1":162,"2":105,"3":105,"4":115,"5":-165,"6":102,"7":-180,"8":125,"9":-165,"10":105,"11":180,"12":-170,"13":140,"14":100},"home_cover_nv_prob":{"0":0.4801762115,"1":0.4833948339,"2":0.5278969957,"3":0.5278969957,"4":0.5485770363,"5":0.3959656332,"6":0.5223069507,"7":0.3698811096,"8":0.5675675676,"9":0.3911439114,"10":0.5278969957,"11":0.4955752212,"12":0.3884892086,"13":0.5962732919,"14":0.5217391304},"away_cover_nv_prob":{"0":0.5198237885,"1":0.5166051661,"2":0.4721030043,"3":0.4721030043,"4":0.4514229637,"5":0.6040343668,"6":0.4776930493,"7":0.6301188904,"8":0.4324324324,"9":0.6088560886,"10":0.4721030043,"11":0.5044247788,"12":0.6115107914,"13":0.4037267081,"14":0.4782608696},"books_home":{"0":{"fanduel":{"odds":-102,"spread":-1.5},"draftkings":{"odds":-102,"spread":-1.5},"williamhill_us":{"odds":100,"spread":-1.5},"betmgm":{"odds":100,"spread":-1.5},"bovada":{"odds":100,"spread":-1.5}},"1":{"fanduel":{"odds":-196,"spread":1.5},"draftkings":{"odds":-174,"spread":1.5},"williamhill_us":{"odds":180,"spread":-1.5},"betmgm":{"odds":-190,"spread":1.5},"bovada":{"odds":175,"spread":-1.5}},"2":{"fanduel":{"odds":-125,"spread":1.5},"williamhill_us":{"odds":-120,"spread":1.5},"draftkings":{"odds":-122,"spread":1.5},"betmgm":{"odds":-120,"spread":1.5},"bovada":{"odds":-125,"spread":1.5}},"3":{"fanduel":{"odds":-120,"spread":-1.5},"draftkings":{"odds":-126,"spread":-1.5},"williamhill_us":{"odds":-125,"spread":-1.5},"betmgm":{"odds":-120,"spread":-1.5},"bovada":{"odds":-120,"spread":-1.5}},"4":{"fanduel":{"odds":-132,"spread":-1.5},"draftkings":{"odds":-136,"spread":-1.5},"williamhill_us":{"odds":-135,"spread":-1.5},"betmgm":{"odds":-130,"spread":-1.5},"bovada":{"odds":-135,"spread":-1.5}},"5":{"fanduel":{"odds":142,"spread":-1.5},"draftkings":{"odds":141,"spread":-1.5},"williamhill_us":{"odds":143,"spread":-1.5},"betmgm":{"odds":145,"spread":-1.5},"bovada":{"odds":140,"spread":-1.5}},"6":{"fanduel":{"odds":-122,"spread":1.5},"draftkings":{"odds":-118,"spread":1.5},"williamhill_us":{"odds":-120,"spread":1.5},"betmgm":{"odds":-120,"spread":1.5},"bovada":{"odds":-120,"spread":1.5}},"7":{"fanduel":{"odds":158,"spread":-1.5},"draftkings":{"odds":159,"spread":-1.5},"williamhill_us":{"odds":158,"spread":-1.5},"betmgm":{"odds":165,"spread":-1.5},"bovada":{"odds":155,"spread":-1.5}},"8":{"fanduel":{"odds":-142,"spread":1.5},"draftkings":{"odds":-143,"spread":1.5},"williamhill_us":{"odds":-140,"spread":1.5},"betmgm":{"odds":-145,"spread":1.5},"bovada":{"odds":-145,"spread":1.5}},"9":{"fanduel":{"odds":146,"spread":-1.5},"draftkings":{"odds":141,"spread":-1.5},"williamhill_us":{"odds":140,"spread":-1.5},"betmgm":{"odds":140,"spread":-1.5},"bovada":{"odds":150,"spread":-1.5}},"10":{"fanduel":{"odds":-120,"spread":1.5},"draftkings":{"odds":-126,"spread":1.5},"williamhill_us":{"odds":-125,"spread":1.5},"betmgm":{"odds":-125,"spread":1.5},"bovada":{"odds":-125,"spread":1.5}},"11":{"fanduel":{"odds":-220,"spread":1.5},"williamhill_us":{"odds":185,"spread":-1.5},"draftkings":{"odds":-193,"spread":1.5},"betmgm":{"odds":-210,"spread":1.5},"bovada":{"odds":180,"spread":-1.5}},"12":{"fanduel":{"odds":146,"spread":-1.5},"williamhill_us":{"odds":143,"spread":-1.5},"draftkings":{"odds":141,"spread":-1.5},"betmgm":{"odds":150,"spread":-1.5},"bovada":{"odds":145,"spread":-1.5}},"13":{"fanduel":{"odds":-164,"spread":1.5},"williamhill_us":{"odds":-165,"spread":1.5},"draftkings":{"odds":-168,"spread":1.5},"betmgm":{"odds":-165,"spread":1.5},"bovada":{"odds":-160,"spread":1.5}},"14":{"fanduel":{"odds":-120,"spread":-1.5},"williamhill_us":{"odds":-120,"spread":-1.5},"draftkings":{"odds":-120,"spread":-1.5},"bovada":{"odds":-120,"spread":-1.5},"betmgm":{"odds":-120,"spread":-1.5}}},"books_away":{"0":{"fanduel":{"odds":-118,"spread":1.5},"draftkings":{"odds":-118,"spread":1.5},"williamhill_us":{"odds":-120,"spread":1.5},"betmgm":{"odds":-120,"spread":1.5},"bovada":{"odds":-120,"spread":1.5}},"1":{"fanduel":{"odds":162,"spread":-1.5},"draftkings":{"odds":144,"spread":-1.5},"williamhill_us":{"odds":-220,"spread":1.5},"betmgm":{"odds":155,"spread":-1.5},"bovada":{"odds":-210,"spread":1.5}},"2":{"fanduel":{"odds":104,"spread":-1.5},"williamhill_us":{"odds":100,"spread":-1.5},"draftkings":{"odds":102,"spread":-1.5},"betmgm":{"odds":100,"spread":-1.5},"bovada":{"odds":105,"spread":-1.5}},"3":{"fanduel":{"odds":100,"spread":1.5},"draftkings":{"odds":104,"spread":1.5},"williamhill_us":{"odds":105,"spread":1.5},"betmgm":{"odds":100,"spread":1.5},"bovada":{"odds":100,"spread":1.5}},"4":{"fanduel":{"odds":110,"spread":1.5},"draftkings":{"odds":113,"spread":1.5},"williamhill_us":{"odds":115,"spread":1.5},"betmgm":{"odds":110,"spread":1.5},"bovada":{"odds":115,"spread":1.5}},"5":{"fanduel":{"odds":-172,"spread":1.5},"draftkings":{"odds":-171,"spread":1.5},"williamhill_us":{"odds":-170,"spread":1.5},"betmgm":{"odds":-175,"spread":1.5},"bovada":{"odds":-165,"spread":1.5}},"6":{"fanduel":{"odds":102,"spread":-1.5},"draftkings":{"odds":-102,"spread":-1.5},"williamhill_us":{"odds":100,"spread":-1.5},"betmgm":{"odds":100,"spread":-1.5},"bovada":{"odds":100,"spread":-1.5}},"7":{"fanduel":{"odds":-192,"spread":1.5},"draftkings":{"odds":-193,"spread":1.5},"williamhill_us":{"odds":-190,"spread":1.5},"betmgm":{"odds":-200,"spread":1.5},"bovada":{"odds":-180,"spread":1.5}},"8":{"fanduel":{"odds":118,"spread":-1.5},"draftkings":{"odds":119,"spread":-1.5},"williamhill_us":{"odds":118,"spread":-1.5},"betmgm":{"odds":120,"spread":-1.5},"bovada":{"odds":125,"spread":-1.5}},"9":{"fanduel":{"odds":-176,"spread":1.5},"draftkings":{"odds":-171,"spread":1.5},"williamhill_us":{"odds":-165,"spread":1.5},"betmgm":{"odds":-165,"spread":1.5},"bovada":{"odds":-175,"spread":1.5}},"10":{"fanduel":{"odds":100,"spread":-1.5},"draftkings":{"odds":105,"spread":-1.5},"williamhill_us":{"odds":105,"spread":-1.5},"betmgm":{"odds":105,"spread":-1.5},"bovada":{"odds":105,"spread":-1.5}},"11":{"fanduel":{"odds":180,"spread":-1.5},"williamhill_us":{"odds":-225,"spread":1.5},"draftkings":{"odds":158,"spread":-1.5},"betmgm":{"odds":170,"spread":-1.5},"bovada":{"odds":-220,"spread":1.5}},"12":{"fanduel":{"odds":-176,"spread":1.5},"williamhill_us":{"odds":-170,