{"game_id":{"0":"e9452f8c1e4f22f3d7ff43170252ddfe","1":"c0137f0b36b1eea6d91260c926fe437e","2":"2a3a64708f7d4e8c0f5ee57ea757d07c","3":"7bda241ffa570175ee12fdbd71a4b3c9","4":"446e036e67d7b97011f14ad76cab4645","5":"7dd5007f59f84948d08db8b63132cdec","6":"27aba50ebc7d419dd836a458e12b2faf","7":"ad24319e5623a8196399f98734f3be87","8":"a5c3ef5e48ad39a2a1e04b385a33f7f0","9":"8a401fa09b77692deee8ed01cd058b3d","10":"3d047ad3bc82a8e990a4aeafa447568f","11":"d5dfcb82d0a54536cff3e16f1858d180","12":"826eb43891b621623989f26eb6deccab","13":"b23ef59a61f5e3a71d93b5ae6eed4786","14":"383d74609e0b5f77bfaf7eaa55477b31"},"home_team":{"0":"New York Yankees","1":"Minnesota Twins","2":"Chicago Cubs","3":"Pittsburgh Pirates","4":"Athletics","5":"Washington Nationals","6":"Boston Red Sox","7":"Miami Marlins","8":"Tampa Bay Rays","9":"Detroit Tigers","10":"St. Louis Cardinals","11":"Colorado Rockies","12":"San Diego Padres","13":"Los Angeles Angels","14":"Seattle Mariners"},"away_team":{"0":"Baltimore Orioles","1":"Toronto Blue Jays","2":"Arizona Diamondbacks","3":"Cincinnati Reds","4":"Cleveland Guardians","5":"Milwaukee Brewers","6":"Houston Astros","7":"Philadelphia Phillies","8":"San Francisco Giants","9":"Texas Rangers","10":"Los Angeles Dodgers","11":"Atlanta Braves","12":"Chicago White Sox","13":"New York Mets","14":"Kansas City Royals"},"home_spread":{"0":-1.5,"1":1.5,"2":-1.5,"3":-1.5,"4":-1.5,"5":1.5,"6":-1.5,"7":-1.5,"8":1.5,"9":-1.5,"10":1.5,"11":1.5,"12":-1.5,"13":1.5,"14":-1.5},"away_spread":{"0":1.5,"1":-1.5,"2":1.5,"3":1.5,"4":1.5,"5":-1.5,"6":-1.5,"7":-1.5,"8":-1.5,"9":1.5,"10":-1.5,"11":-2.5,"12":1.5,"13":-1.5,"14":1.5},"best_home_odds":{"0":125,"1":-155,"2":140,"3":165,"4":145,"5":-155,"6":160,"7":175,"8":-185,"9":160,"10":-140,"11":116,"12":112,"13":-160,"14":165},"best_away_odds":{"0":-140,"1":136,"2":-154,"3":-185,"4":-165,"5":136,"6":164,"7":172,"8":165,"9":-185,"10":125,"11":100,"12":-130,"13":135,"14":-180},"home_cover_nv_prob":{"0":0.4324324324,"1":0.5892396907,"2":0.4073123797,"3":0.3676233473,"4":0.3959656332,"5":0.5892396907,"6":0.5038167939,"7":0.4972577697,"8":0.6323766527,"9":0.3720626632,"10":0.5675675676,"11":0.4807692308,"12":0.4549050633,"13":0.5911949686,"14":0.3698811096},"away_cover_nv_prob":{"0":0.5675675676,"1":0.4107603093,"2":0.5926876203,"3":0.6323766527,"4":0.6040343668,"5":0.4107603093,"6":0.4961832061,"7":0.5027422303,"8":0.3676233473,"9":0.6279373368,"10":0.4324324324,"11":0.5192307692,"12":0.5450949367,"13":0.4088050314,"14":0.6301188904},"books_home":{"0":{"fanduel":{"odds":120,"spread":-1.5},"draftkings":{"odds":119,"spread":-1.5},"williamhill_us":{"odds":118,"spread":-1.5},"betmgm":{"odds":125,"spread":-1.5},"bovada":{"odds":120,"spread":-1.5}},"1":{"fanduel":{"odds":-164,"spread":1.5},"draftkings":{"odds":-156,"spread":1.5},"williamhill_us":{"odds":-155,"spread":1.5},"bovada":{"odds":-160,"spread":1.5}},"2":{"fanduel":{"odds":128,"spread":-1.5},"draftkings":{"odds":129,"spread":-1.5},"williamhill_us":{"odds":135,"spread":-1.5},"betmgm":{"odds":140,"spread":-1.5},"bovada":{"odds":135,"spread":-1.5}},"3":{"fanduel":{"odds":158,"spread":-1.5},"draftkings":{"odds":153,"spread":-1.5},"williamhill_us":{"odds":158,"spread":-1.5},"betmgm":{"odds":165,"spread":-1.5},"bovada":{"odds":160,"spread":-1.5}},"4":{"fanduel":{"odds":138,"spread":-1.5},"draftkings":{"odds":139,"spread":-1.5},"williamhill_us":{"odds":140,"spread":-1.5},"betmgm":{"odds":140,"spread":-1.5},"bovada":{"odds":145,"spread":-1.5}},"5":{"fanduel":{"odds":-164,"spread":1.5},"draftkings":{"odds":-156,"spread":1.5},"williamhill_us":{"odds":-155,"spread":1.5},"betmgm":{"odds":-160,"spread":1.5},"bovada":{"odds":-160,"spread":1.5}},"6":{"fanduel":{"odds":-200,"spread":1.5},"draftkings":{"odds":159,"spread":-1.5},"williamhill_us":{"odds":158,"spread":-1.5},"betmgm":{"odds":160,"spread":-1.5},"bovada":{"odds":160,"spread":-1.5}},"7":{"fanduel":{"odds":-210,"spread":1.5},"williamhill_us":{"odds":170,"spread":-1.5},"draftkings":{"odds":-185,"spread":1.5},"betmgm":{"odds":-200,"spread":1.5},"bovada":{"odds":175,"spread":-1.5}},"8":{"fanduel":{"odds":-188,"spread":1.5},"williamhill_us":{"odds":-190,"spread":1.5},"draftkings":{"odds":-186,"spread":1.5},"betmgm":{"odds":-200,"spread":1.5},"bovada":{"odds":-185,"spread":1.5}},"9":{"fanduel":{"odds":158,"spread":-1.5},"draftkings":{"odds":153,"spread":-1.5},"williamhill_us":{"odds":158,"spread":-1.5},"betmgm":{"odds":155,"spread":-1.5},"bovada":{"odds":160,"spread":-1.5}},"10":{"fanduel":{"odds":-142,"spread":1.5},"draftkings":{"odds":-143,"spread":1.5},"williamhill_us":{"odds":-140,"spread":1.5},"betmgm":{"odds":-155,"spread":1.5},"bovada":{"odds":-140,"spread":1.5}},"11":{"fanduel":{"odds":116,"spread":1.5},"bovada":{"odds":115,"spread":1.5},"draftkings":{"odds":113,"spread":1.5},"williamhill_us":{"odds":115,"spread":1.5},"betmgm":{"odds":-120,"spread":2.5}},"12":{"fanduel":{"odds":112,"spread":-1.5},"draftkings":{"odds":109,"spread":-1.5},"williamhill_us":{"odds":110,"spread":-1.5},"betmgm":{"odds":110,"spread":-1.5},"bovada":{"odds":110,"spread":-1.5}},"13":{"fanduel":{"odds":-160,"spread":1.5},"draftkings":{"odds":-163,"spread":1.5},"williamhill_us":{"odds":-160,"spread":1.5},"betmgm":{"odds":-165,"spread":1.5},"bovada":{"odds":-160,"spread":1.5}},"14":{"fanduel":{"odds":150,"spread":-1.5},"draftkings":{"odds":153,"spread":-1.5},"williamhill_us":{"odds":158,"spread":-1.5},"betmgm":{"odds":165,"spread":-1.5},"bovada":{"odds":155,"spread":-1.5}}},"books_away":{"0":{"fanduel":{"odds":-144,"spread":1.5},"draftkings":{"odds":-143,"spread":1.5},"williamhill_us":{"odds":-140,"spread":1.5},"betmgm":{"odds":-150,"spread":1.5},"bovada":{"odds":-140,"spread":1.5}},"1":{"fanduel":{"odds":136,"spread":-1.5},"draftkings":{"odds":129,"spread":-1.5},"williamhill_us":{"odds":130,"spread":-1.5},"bovada":{"odds":135,"spread":-1.5}},"2":{"fanduel":{"odds":-154,"spread":1.5},"draftkings":{"odds":-156,"spread":1.5},"williamhill_us":{"odds":-160,"spread":1.5},"betmgm":{"odds":-170,"spread":1.5},"bovada":{"odds":-160,"spread":1.5}},"3":{"fanduel":{"odds":-192,"spread":1.5},"draftkings":{"odds":-186,"spread":1.5},"williamhill_us":{"odds":-190,"spread":1.5},"betmgm":{"odds":-200,"spread":1.5},"bovada":{"odds":-185,"spread":1.5}},"4":{"fanduel":{"odds":-166,"spread":1.5},"draftkings":{"odds":-168,"spread":1.5},"williamhill_us":{"odds":-165,"spread":1.5},"betmgm":{"odds":-170,"spread":1.5},"bovada":{"odds":-170,"spread":1.5}},"5":{"fanduel":{"odds":136,"spread":-1.5},"draftkings":{"odds":129,"spread":-1.5},"williamhill_us":{"odds":130,"spread":-1.5},"betmgm":{"odds":135,"spread":-1.5},"bovada":{"odds":135,"spread":-1.5}},"6":{"fanduel":{"odds":164,"spread":-1.5},"draftkings":{"odds":-194,"spread":1.5},"williamhill_us":{"odds":-190,"spread":1.5},"betmgm":{"odds":-210,"spread":1.5},"bovada":{"odds":-185,"spread":1.5}},"7":{"fanduel":{"odds":172,"spread":-1.5},"williamhill_us":{"odds":-205,"spread":1.5},"draftkings":{"odds":152,"spread":-1.5},"betmgm":{"odds":165,"spread":-1.5},"bovada":{"odds":-210,"spread":1.5}},"8":{"fanduel":{"odds":155,"spread":-1.5},"williamhill_us":{"odds":158,"spread":-1.5},"draftkings":{"odds":153,"spread":-1.5},"betmgm":{"odds":165,"spread":-1.5},"bovada":{"odds":160,"spread":-1.5}},"9":{"fanduel":{"odds":-192,"spread":1.5},"draftkings":{"odds":-186,"spread":1.5},"williamhill_us":{"odds":-190,"spread":1.5},"betmgm":{"odds":-190,"spread":1.5},"bovada":{"odds":-185,"spread":1.5}},"10":{"fanduel":{"odds":118,"spread":-1.5},"draftkings":{"odds":119,"spread":-1.5},"williamhill_us":{"odds":118,"spread":-1.5},"betmgm":{"odds":125,"spread":-1.5},"bovada":{"odds":120,"spread":-1.5}},"11":{"fanduel":{"odds":-140,"spread":-1.5},"bovada":{"odds":-135,"spread":-1.5},"draftkings":{"odds":-136,"spread":-1.5},"williamhill_us":{"odds":-135,"spread":-1.5},"betmgm":{"odds":100,"spread":-2.5}},"12":{"fanduel":{"odds":-134,"spread":1.5},"draftkings":{"odds":-131,"spread":1.5},"williamhill_us":{"odds":-130,"spread":1.5},"betmgm":{"odds":-135,"spread":1.5},