{"game_id":{"0":"0abd6580f0a4c91cb98db1774d582be8","1":"6f84f4f2e016877657f3d3ae23ce6760","2":"75e319bc9e7b409bff4aedc4aeb21051","3":"a43beaa62a7673615a11856370287f3b","4":"c229774bb80147623f1c232bad890e16","5":"d1e8ca71cf93b52520848723fb9b56a3","6":"e5babd0fb427836d74e73a544af17f39","7":"c31726958fc1b67f38d3673aa8931ab7","8":"d90908eede84c449de24cbd9b202bcf7","9":"ed214f686a500c098b505d0dd09f23cd","10":"788f4dc2e6058c5b7725dafd62fd9b9d"},"home_team":{"0":"Atlanta Braves","1":"Baltimore Orioles","2":"Philadelphia Phillies","3":"Pittsburgh Pirates","4":"Cincinnati Reds","5":"New York Mets","6":"Milwaukee Brewers","7":"Athletics","8":"Baltimore Orioles","9":"Philadelphia Phillies","10":"Minnesota Twins"},"away_team":{"0":"Detroit Tigers","1":"Houston Astros","2":"San Francisco Giants","3":"St. Louis Cardinals","4":"Colorado Rockies","5":"Washington Nationals","6":"Arizona Diamondbacks","7":"Kansas City Royals","8":"Houston Astros","9":"San Francisco Giants","10":"Toronto Blue Jays"},"home_spread":{"0":-1.5,"1":-1.5,"2":-1.5,"3":-1.5,"4":-1.5,"5":-1.5,"6":-1.5,"7":-1.5,"8":-1.5,"9":-1.5,"10":1.5},"away_spread":{"0":1.5,"1":-1.5,"2":1.5,"3":1.5,"4":1.5,"5":1.5,"6":-1.5,"7":-1.5,"8":1.5,"9":1.5,"10":-1.5},"best_home_odds":{"0":168,"1":165,"2":170,"3":102,"4":125,"5":110,"6":176,"7":160,"8":165,"9":165,"10":-150},"best_away_odds":{"0":-185,"1":165,"2":-178,"3":-120,"4":-140,"5":-120,"6":170,"7":151,"8":-187,"9":-186,"10":130},"home_cover_nv_prob":{"0":0.3650102459,"1":0.5,"2":0.3664645399,"3":0.4757785467,"4":0.4324324324,"5":0.4661016949,"6":0.4945054945,"7":0.4911937378,"8":0.3667497285,"9":0.3671844909,"10":0.5798319328},"away_cover_nv_prob":{"0":0.6349897541,"1":0.5,"2":0.6335354601,"3":0.5242214533,"4":0.5675675676,"5":0.5338983051,"6":0.5054945055,"7":0.5088062622,"8":0.6332502715,"9":0.6328155091,"10":0.4201680672},"books_home":{"0":{"fanduel":{"odds":168,"spread":-1.5},"draftkings":{"odds":159,"spread":-1.5},"williamhill_us":{"odds":162,"spread":-1.5},"bovada":{"odds":160,"spread":-1.5}},"1":{"fanduel":{"odds":164,"spread":-1.5},"draftkings":{"odds":-190,"spread":1.5},"williamhill_us":{"odds":162,"spread":-1.5},"bovada":{"odds":165,"spread":-1.5},"betmgm":{"odds":-200,"spread":1.5}},"2":{"fanduel":{"odds":146,"spread":-1.5},"williamhill_us":{"odds":158,"spread":-1.5},"draftkings":{"odds":153,"spread":-1.5},"betmgm":{"odds":170,"spread":-1.5},"bovada":{"odds":155,"spread":-1.5}},"3":{"fanduel":{"odds":100,"spread":-1.5},"williamhill_us":{"odds":100,"spread":-1.5},"draftkings":{"odds":102,"spread":-1.5},"betmgm":{"odds":100,"spread":-1.5},"bovada":{"odds":100,"spread":-1.5}},"4":{"fanduel":{"odds":118,"spread":-1.5},"williamhill_us":{"odds":118,"spread":-1.5},"draftkings":{"odds":119,"spread":-1.5},"betmgm":{"odds":125,"spread":-1.5},"bovada":{"odds":120,"spread":-1.5}},"5":{"fanduel":{"odds":110,"spread":-1.5},"williamhill_us":{"odds":100,"spread":-1.5},"draftkings":{"odds":102,"spread":-1.5},"betmgm":{"odds":100,"spread":-1.5},"bovada":{"odds":105,"spread":-1.5}},"6":{"fanduel":{"odds":176,"spread":-1.5},"williamhill_us":{"odds":170,"spread":-1.5},"draftkings":{"odds":-203,"spread":1.5},"betmgm":{"odds":-210,"spread":1.5},"bovada":{"odds":170,"spread":-1.5}},"7":{"fanduel":{"odds":152,"spread":-1.5},"williamhill_us":{"odds":158,"spread":-1.5},"draftkings":{"odds":-184,"spread":1.5},"betmgm":{"odds":160,"spread":-1.5},"bovada":{"odds":155,"spread":-1.5}},"8":{"fanduel":{"odds":160,"spread":-1.5},"draftkings":{"odds":154,"spread":-1.5},"bovada":{"odds":165,"spread":-1.5},"williamhill_us":{"odds":158,"spread":-1.5},"betmgm":{"odds":160,"spread":-1.5}},"9":{"fanduel":{"odds":160,"spread":-1.5},"draftkings":{"odds":153,"spread":-1.5},"bovada":{"odds":165,"spread":-1.5},"betmgm":{"odds":165,"spread":-1.5}},"10":{"fanduel":{"odds":-154,"spread":1.5},"williamhill_us":{"odds":-155,"spread":1.5},"draftkings":{"odds":-156,"spread":1.5},"bovada":{"odds":-150,"spread":1.5}}},"books_away":{"0":{"fanduel":{"odds":-205,"spread":1.5},"draftkings":{"odds":-194,"spread":1.5},"williamhill_us":{"odds":-195,"spread":1.5},"bovada":{"odds":-185,"spread":1.5}},"1":{"fanduel":{"odds":-200,"spread":1.5},"draftkings":{"odds":156,"spread":-1.5},"williamhill_us":{"odds":-195,"spread":1.5},"bovada":{"odds":-195,"spread":1.5},"betmgm":{"odds":165,"spread":-1.5}},"2":{"fanduel":{"odds":-178,"spread":1.5},"williamhill_us":{"odds":-190,"spread":1.5},"draftkings":{"odds":-186,"spread":1.5},"betmgm":{"odds":-210,"spread":1.5},"bovada":{"odds":-180,"spread":1.5}},"3":{"fanduel":{"odds":-120,"spread":1.5},"williamhill_us":{"odds":-120,"spread":1.5},"draftkings":{"odds":-122,"spread":1.5},"betmgm":{"odds":-120,"spread":1.5},"bovada":{"odds":-120,"spread":1.5}},"4":{"fanduel":{"odds":-144,"spread":1.5},"williamhill_us":{"odds":-140,"spread":1.5},"draftkings":{"odds":-143,"spread":1.5},"betmgm":{"odds":-150,"spread":1.5},"bovada":{"odds":-140,"spread":1.5}},"5":{"fanduel":{"odds":-132,"spread":1.5},"williamhill_us":{"odds":-120,"spread":1.5},"draftkings":{"odds":-122,"spread":1.5},"betmgm":{"odds":-120,"spread":1.5},"bovada":{"odds":-125,"spread":1.5}},"6":{"fanduel":{"odds":-215,"spread":1.5},"williamhill_us":{"odds":-205,"spread":1.5},"draftkings":{"odds":166,"spread":-1.5},"betmgm":{"odds":170,"spread":-1.5},"bovada":{"odds":-200,"spread":1.5}},"7":{"fanduel":{"odds":-184,"spread":1.5},"williamhill_us":{"odds":-190,"spread":1.5},"draftkings":{"odds":151,"spread":-1.5},"betmgm":{"odds":-210,"spread":1.5},"bovada":{"odds":-180,"spread":1.5}},"8":{"fanduel":{"odds":-194,"spread":1.5},"draftkings":{"odds":-187,"spread":1.5},"bovada":{"odds":-195,"spread":1.5},"williamhill_us":{"odds":-190,"spread":1.5},"betmgm":{"odds":-210,"spread":1.5}},"9":{"fanduel":{"odds":-194,"spread":1.5},"draftkings":{"odds":-186,"spread":1.5},"bovada":{"odds":-195,"spread":1.5},"betmgm":{"odds":-200,"spread":1.5}},"10":{"fanduel":{"odds":128,"spread":-1.5},"williamhill_us":{"odds":130,"spread":-1.5},"draftkings":{"odds":129,"spread":-1.5},"bovada":{"odds":130,"spread":-1.5}}}}