{"game_id":{"0":"93a412d9ba2735490b741d924fea7ef1","1":"bab3782d628eabfc050d79656a55fa50","2":"70301ecea46dd4e6c12d0c003013a4ee","3":"aca8c666c9ae92e799b0fc96c3672aab","4":"db80e9d6153bc82e7a3612d55fd10ece","5":"c8afc0ecd9f70b910f3f7ffbf71274e4","6":"a75cee44d2cbdcedb356612df99cd692","7":"44a3fa0a32ffae8dd220f1a4d54ae239","8":"1b3b5ac473b471165355ca855853dbb2","9":"9cfb18a4e0091ae6c9ccb03c48deb277","10":"a834545628bda1d53eb52e89728b336f","11":"4d8279537f3ea7c4d1d53160da26d2c6","12":"3c667b5e84c7e18c7697c0f83852679a","13":"ab9ae62c321b17a5d765118cc9bb3fbf","14":"1d049adfd45ba69776089a9846e60034"},"home_team":{"0":"Cincinnati Reds","1":"Washington Nationals","2":"Philadelphia Phillies","3":"Atlanta Braves","4":"Houston Astros","5":"St. Louis Cardinals","6":"Los Angeles Dodgers","7":"Arizona Diamondbacks","8":"Boston Red Sox","9":"New York Yankees","10":"Atlanta Braves","11":"Milwaukee Brewers","12":"Chicago Cubs","13":"Athletics","14":"Seattle Mariners"},"away_team":{"0":"New York Mets","1":"Kansas City Royals","2":"Miami Marlins","3":"San Francisco Giants","4":"Detroit Tigers","5":"San Diego Padres","6":"Tampa Bay Rays","7":"Los Angeles Angels","8":"Toronto Blue Jays","9":"Chicago White Sox","10":"San Francisco Giants","11":"Cleveland Guardians","12":"Colorado Rockies","13":"Pittsburgh Pirates","14":"Baltimore Orioles"},"home_spread":{"0":1.5,"1":-1.5,"2":-1.5,"3":-1.5,"4":1.5,"5":-1.5,"6":-1.5,"7":-1.5,"8":-1.5,"9":-1.5,"10":-1.5,"11":-1.5,"12":-1.5,"13":1.5,"14":-1.5},"away_spread":{"0":-1.5,"1":1.5,"2":-1.5,"3":1.5,"4":-1.5,"5":1.5,"6":1.5,"7":1.5,"8":1.5,"9":1.5,"10":1.5,"11":-1.5,"12":1.5,"13":-1.5,"14":1.5},"best_home_odds":{"0":-140,"1":155,"2":175,"3":182,"4":-166,"5":160,"6":125,"7":128,"8":162,"9":116,"10":145,"11":175,"12":105,"13":-146,"14":155},"best_away_odds":{"0":125,"1":-170,"2":158,"3":-250,"4":150,"5":-186,"6":-137,"7":-140,"8":-185,"9":-130,"10":-155,"11":176,"12":-125,"13":130,"14":-172},"home_cover_nv_prob":{"0":0.5675675676,"1":0.3837953092,"2":0.4840525328,"3":0.3317535545,"4":0.6093979442,"5":0.3716216216,"6":0.4346629986,"7":0.4291845494,"8":0.3702741328,"9":0.4502740799,"10":0.4017329657,"11":0.500907441,"12":0.4675324675,"13":0.5771742867,"14":0.3827751196},"away_cover_nv_prob":{"0":0.4324324324,"1":0.6162046908,"2":0.5159474672,"3":0.6682464455,"4":0.3906020558,"5":0.6283783784,"6":0.5653370014,"7":0.5708154506,"8":0.6297258672,"9":0.5497259201,"10":0.5982670343,"11":0.499092559,"12":0.5324675325,"13":0.4228257133,"14":0.6172248804},"books_home":{"0":{"fanduel":{"odds":-146,"spread":1.5},"williamhill_us":{"odds":-140,"spread":1.5},"betmgm":{"odds":-145,"spread":1.5},"draftkings":{"odds":-144,"spread":1.5},"bovada":{"odds":-145,"spread":1.5}},"1":{"fanduel":{"odds":155,"spread":-1.5},"williamhill_us":{"odds":143,"spread":-1.5},"betmgm":{"odds":140,"spread":-1.5},"draftkings":{"odds":142,"spread":-1.5},"bovada":{"odds":145,"spread":-1.5}},"2":{"fanduel":{"odds":-192,"spread":1.5},"williamhill_us":{"odds":170,"spread":-1.5},"betmgm":{"odds":-185,"spread":1.5},"draftkings":{"odds":-182,"spread":1.5},"bovada":{"odds":175,"spread":-1.5}},"3":{"fanduel":{"odds":182,"spread":-1.5}},"4":{"fanduel":{"odds":-166,"spread":1.5},"williamhill_us":{"odds":-178,"spread":1.5},"draftkings":{"odds":-181,"spread":1.5},"betmgm":{"odds":-185,"spread":1.5},"bovada":{"odds":-175,"spread":1.5}},"5":{"fanduel":{"odds":160,"spread":-1.5},"draftkings":{"odds":153,"spread":-1.5},"williamhill_us":{"odds":158,"spread":-1.5},"betmgm":{"odds":155,"spread":-1.5}},"6":{"fanduel":{"odds":114,"spread":-1.5},"williamhill_us":{"odds":118,"spread":-1.5},"betmgm":{"odds":120,"spread":-1.5},"draftkings":{"odds":119,"spread":-1.5},"bovada":{"odds":125,"spread":-1.5}},"7":{"fanduel":{"odds":128,"spread":-1.5},"draftkings":{"odds":119,"spread":-1.5},"betmgm":{"odds":118,"spread":-1.5},"williamhill_us":{"odds":118,"spread":-1.5},"bovada":{"odds":120,"spread":-1.5}},"8":{"fanduel":{"odds":162,"spread":-1.5},"williamhill_us":{"odds":158,"spread":-1.5},"draftkings":{"odds":153,"spread":-1.5},"betmgm":{"odds":150,"spread":-1.5},"bovada":{"odds":160,"spread":-1.5}},"9":{"fanduel":{"odds":116,"spread":-1.5},"draftkings":{"odds":109,"spread":-1.5},"williamhill_us":{"odds":110,"spread":-1.5},"betmgm":{"odds":110,"spread":-1.5},"bovada":{"odds":115,"spread":-1.5}},"10":{"fanduel":{"odds":138,"spread":-1.5},"williamhill_us":{"odds":130,"spread":-1.5},"betmgm":{"odds":135,"spread":-1.5},"draftkings":{"odds":136,"spread":-1.5},"bovada":{"odds":145,"spread":-1.5}},"11":{"fanduel":{"odds":-215,"spread":1.5},"williamhill_us":{"odds":175,"spread":-1.5},"betmgm":{"odds":170,"spread":-1.5},"draftkings":{"odds":169,"spread":-1.5},"bovada":{"odds":170,"spread":-1.5}},"12":{"fanduel":{"odds":105,"spread":-1.5},"williamhill_us":{"odds":105,"spread":-1.5},"betmgm":{"odds":105,"spread":-1.5},"draftkings":{"odds":104,"spread":-1.5},"bovada":{"odds":105,"spread":-1.5}},"13":{"fanduel":{"odds":-146,"spread":1.5},"williamhill_us":{"odds":-155,"spread":1.5},"betmgm":{"odds":-155,"spread":1.5},"draftkings":{"odds":-155,"spread":1.5},"bovada":{"odds":-150,"spread":1.5}},"14":{"fanduel":{"odds":142,"spread":-1.5},"williamhill_us":{"odds":150,"spread":-1.5},"betmgm":{"odds":150,"spread":-1.5},"draftkings":{"odds":149,"spread":-1.5},"bovada":{"odds":155,"spread":-1.5}}},"books_away":{"0":{"fanduel":{"odds":122,"spread":-1.5},"williamhill_us":{"odds":118,"spread":-1.5},"betmgm":{"odds":120,"spread":-1.5},"draftkings":{"odds":119,"spread":-1.5},"bovada":{"odds":125,"spread":-1.5}},"1":{"fanduel":{"odds":-188,"spread":1.5},"williamhill_us":{"odds":-170,"spread":1.5},"betmgm":{"odds":-170,"spread":1.5},"draftkings":{"odds":-172,"spread":1.5},"bovada":{"odds":-170,"spread":1.5}},"2":{"fanduel":{"odds":158,"spread":-1.5},"williamhill_us":{"odds":-205,"spread":1.5},"betmgm":{"odds":150,"spread":-1.5},"draftkings":{"odds":150,"spread":-1.5},"bovada":{"odds":-210,"spread":1.5}},"3":{"fanduel":{"odds":-250,"spread":1.5}},"4":{"fanduel":{"odds":138,"spread":-1.5},"williamhill_us":{"odds":150,"spread":-1.5},"draftkings":{"odds":149,"spread":-1.5},"betmgm":{"odds":150,"spread":-1.5},"bovada":{"odds":150,"spread":-1.5}},"5":{"fanduel":{"odds":-194,"spread":1.5},"draftkings":{"odds":-186,"spread":1.5},"williamhill_us":{"odds":-190,"spread":1.5},"betmgm":{"odds":-190,"spread":1.5}},"6":{"fanduel":{"odds":-137,"spread":1.5},"williamhill_us":{"odds":-140,"spread":1.5},"betmgm":{"odds":-145,"spread":1.5},"draftkings":{"odds":-144,"spread":1.5},"bovada":{"odds":-145,"spread":1.5}},"7":{"fanduel":{"odds":-154,"spread":1.5},"draftkings":{"odds":-144,"spread":1.5},"betmgm":{"odds":-145,"spread":1.5},"williamhill_us":{"odds":-140,"spread":1.5},"bovada":{"odds":-140,"spread":1.5}},"8":{"fanduel":{"odds":-196,"spread":1.5},"williamhill_us":{"odds":-190,"spread":1.5},"draftkings":{"odds":-187,"spread":1.5},"betmgm":{"odds":-185,"spread":1.5},"bovada":{"odds":-185,"spread":1.5}},"9":{"fanduel":{"odds":-142,"spread":1.5},"draftkings":{"odds":-132,"spread":1.5},"williamhill_us":{"odds":-130,"spread":1.5},"betmgm":{"odds":-135,"spread":1.5},"bovada":{"odds":-135,"spread":1.5}},"10":{"fanduel":{"odds":-166,"spread":1.5},"williamhill_us":{"odds":-155,"spread":1.5},"betmgm":{"odds":-160,"spread":1.5},"draftkings":{"odds":-164,"spread":1.5},"bovada":{"odds":-170,"spread":1.5}},"11":{"fanduel":{"odds":176,"spread":-1.5},"williamhill_us":{"odds":-210,"spread":1.5},"betmgm":{"odds":-210,"spread":1.5},"draftkings":{"odds":-207,"spread":1.5},"bovada":{"odds":-200,"spread":1.5}},"12":{"fanduel":{"odds":-126,"spread":1.5},"williamhill_us":{"odds":-125,"spread":1.5},"betmgm":{"odds":-125,"spread":1.5},"draftkings":{"odds":-126,"spread":1.5},"bovada":{"odds":-125,"spread":1.5}},"13":{"fanduel":{"odds":122,"spread":-1.5},"williamhill_us":{"odds":130,"spread":-1.5},"betmgm":{"odds":125,"spread":-1.5},"draftkings":{"odds":128,"spread":-1.5},"bovada":{"odds":130,"spread":-1.5}},"14":{"fanduel":{"odds":-172,"spread":1.5},