{"game_id":{"0":"a7ee9fc9ac1db47a494d6c4c39dfc4de","1":"c49833eafa15bdd83a074d3229783d86","2":"445445096cf76e57c1a9dee969e15995","3":"484bcc5bc25e0e38e25dcac48903ccea","4":"b724336c8a25a94c67ba0d63ea2c98a0","5":"023399264d3924b30aa040acd7837804","6":"4f785ad4f8847d0e028769afc44d9942","7":"522613bca37febfdc7fe1b1b858dea09","8":"b294b3f2eb02e42a436d439795c7f125","9":"5fa4f7bd1d1be2a30a40c0d7f653d9ff","10":"85518e9fa7d88ada5c7ef6acc3fb06fc","11":"8d928227a51e9c7b63c36bcf0a8083f0","12":"293dc85524404aab44c5329de3f56664","13":"3606100715aa7a59a44cebf83296c1ee"},"home_team":{"0":"Baltimore Orioles","1":"Miami Marlins","2":"Cincinnati Reds","3":"Philadelphia Phillies","4":"Toronto Blue Jays","5":"Atlanta Braves","6":"Chicago Cubs","7":"Milwaukee Brewers","8":"St. Louis Cardinals","9":"Houston Astros","10":"Arizona Diamondbacks","11":"Seattle Mariners","12":"San Diego Padres","13":"Los Angeles Dodgers"},"away_team":{"0":"Texas Rangers","1":"Chicago White Sox","2":"Pittsburgh Pirates","3":"Washington Nationals","4":"Colorado Rockies","5":"Athletics","6":"Los Angeles Angels","7":"Tampa Bay Rays","8":"New York Mets","9":"Boston Red Sox","10":"Detroit Tigers","11":"New York Yankees","12":"San Francisco Giants","13":"Cleveland Guardians"},"home_spread":{"0":1.5,"1":-1.5,"2":1.5,"3":-1.5,"4":-1.5,"5":-1.5,"6":-1.5,"7":-1.5,"8":1.5,"9":-1.5,"10":-1.5,"11":-1.5,"12":1.5,"13":-1.5},"away_spread":{"0":-1.5,"1":1.5,"2":-1.5,"3":1.5,"4":1.5,"5":1.5,"6":1.5,"7":1.5,"8":-1.5,"9":1.5,"10":-1.5,"11":-1.5,"12":-1.5,"13":1.5},"best_home_odds":{"0":-144,"1":145,"2":-165,"3":114,"4":-118,"5":140,"6":160,"7":170,"8":-120,"9":154,"10":175,"11":200,"12":-142,"13":-110},"best_away_odds":{"0":135,"1":-160,"2":150,"3":-126,"4":105,"5":-150,"6":-170,"7":-178,"8":110,"9":-170,"10":150,"11":160,"12":130,"13":100},"home_cover_nv_prob":{"0":0.581043956,"1":0.3987730061,"2":0.6088560886,"3":0.4559761117,"4":0.5259839095,"5":0.4098360656,"6":0.3792134831,"7":0.3664645399,"8":0.5338983051,"9":0.3847249929,"10":0.4761904762,"11":0.4642857143,"12":0.5743932466,"13":0.511627907},"away_cover_nv_prob":{"0":0.418956044,"1":0.6012269939,"2":0.3911439114,"3":0.5440238883,"4":0.4740160905,"5":0.5901639344,"6":0.6207865169,"7":0.6335354601,"8":0.4661016949,"9":0.6152750071,"10":0.5238095238,"11":0.5357142857,"12":0.4256067534,"13":0.488372093},"books_home":{"0":{"fanduel":{"odds":-144,"spread":1.5},"bovada":{"odds":-150,"spread":1.5},"betmgm":{"odds":-165,"spread":1.5},"draftkings":{"odds":-163,"spread":1.5}},"1":{"fanduel":{"odds":132,"spread":-1.5},"williamhill_us":{"odds":140,"spread":-1.5},"draftkings":{"odds":135,"spread":-1.5},"betmgm":{"odds":145,"spread":-1.5},"bovada":{"odds":135,"spread":-1.5}},"2":{"fanduel":{"odds":-178,"spread":1.5},"williamhill_us":{"odds":-165,"spread":1.5},"draftkings":{"odds":-168,"spread":1.5},"betmgm":{"odds":-185,"spread":1.5},"bovada":{"odds":-175,"spread":1.5}},"3":{"fanduel":{"odds":114,"spread":-1.5},"betmgm":{"odds":110,"spread":-1.5},"bovada":{"odds":110,"spread":-1.5},"williamhill_us":{"odds":110,"spread":-1.5},"draftkings":{"odds":104,"spread":-1.5}},"4":{"fanduel":{"odds":-125,"spread":-1.5},"williamhill_us":{"odds":-125,"spread":-1.5},"draftkings":{"odds":-126,"spread":-1.5},"betmgm":{"odds":-118,"spread":-1.5},"bovada":{"odds":-120,"spread":-1.5}},"5":{"fanduel":{"odds":128,"spread":-1.5},"betmgm":{"odds":140,"spread":-1.5},"bovada":{"odds":130,"spread":-1.5},"williamhill_us":{"odds":130,"spread":-1.5},"draftkings":{"odds":129,"spread":-1.5}},"6":{"fanduel":{"odds":155,"spread":-1.5},"draftkings":{"odds":144,"spread":-1.5},"williamhill_us":{"odds":143,"spread":-1.5},"betmgm":{"odds":155,"spread":-1.5},"bovada":{"odds":160,"spread":-1.5}},"7":{"fanduel":{"odds":150,"spread":-1.5},"draftkings":{"odds":159,"spread":-1.5},"williamhill_us":{"odds":158,"spread":-1.5},"betmgm":{"odds":170,"spread":-1.5},"bovada":{"odds":165,"spread":-1.5}},"8":{"fanduel":{"odds":-128,"spread":1.5},"williamhill_us":{"odds":-125,"spread":1.5},"draftkings":{"odds":-122,"spread":1.5},"betmgm":{"odds":-120,"spread":1.5},"bovada":{"odds":-130,"spread":1.5}},"9":{"fanduel":{"odds":140,"spread":-1.5},"williamhill_us":{"odds":150,"spread":-1.5},"draftkings":{"odds":144,"spread":-1.5},"betmgm":{"odds":154,"spread":-1.5},"bovada":{"odds":150,"spread":-1.5}},"10":{"fanduel":{"odds":-182,"spread":1.5},"draftkings":{"odds":-177,"spread":1.5},"williamhill_us":{"odds":170,"spread":-1.5},"betmgm":{"odds":-185,"spread":1.5},"bovada":{"odds":175,"spread":-1.5}},"11":{"fanduel":{"odds":-194,"spread":1.5},"williamhill_us":{"odds":-190,"spread":1.5},"draftkings":{"odds":-186,"spread":1.5},"betmgm":{"odds":-190,"spread":1.5},"bovada":{"odds":200,"spread":-1.5}},"12":{"fanduel":{"odds":-142,"spread":1.5},"williamhill_us":{"odds":-145,"spread":1.5},"draftkings":{"odds":-149,"spread":1.5},"betmgm":{"odds":-150,"spread":1.5},"bovada":{"odds":-150,"spread":1.5}},"13":{"fanduel":{"odds":-120,"spread":-1.5},"williamhill_us":{"odds":-115,"spread":-1.5},"draftkings":{"odds":-118,"spread":-1.5},"betmgm":{"odds":-110,"spread":-1.5},"bovada":{"odds":-110,"spread":-1.5}}},"books_away":{"0":{"fanduel":{"odds":120,"spread":-1.5},"bovada":{"odds":130,"spread":-1.5},"betmgm":{"odds":135,"spread":-1.5},"draftkings":{"odds":135,"spread":-1.5}},"1":{"fanduel":{"odds":-160,"spread":1.5},"williamhill_us":{"odds":-165,"spread":1.5},"draftkings":{"odds":-163,"spread":1.5},"betmgm":{"odds":-180,"spread":1.5},"bovada":{"odds":-160,"spread":1.5}},"2":{"fanduel":{"odds":146,"spread":-1.5},"williamhill_us":{"odds":140,"spread":-1.5},"draftkings":{"odds":139,"spread":-1.5},"betmgm":{"odds":150,"spread":-1.5},"bovada":{"odds":150,"spread":-1.5}},"3":{"fanduel":{"odds":-137,"spread":1.5},"betmgm":{"odds":-135,"spread":1.5},"bovada":{"odds":-130,"spread":1.5},"williamhill_us":{"odds":-130,"spread":1.5},"draftkings":{"odds":-126,"spread":1.5}},"4":{"fanduel":{"odds":104,"spread":1.5},"williamhill_us":{"odds":105,"spread":1.5},"draftkings":{"odds":104,"spread":1.5},"betmgm":{"odds":-102,"spread":1.5},"bovada":{"odds":100,"spread":1.5}},"5":{"fanduel":{"odds":-154,"spread":1.5},"betmgm":{"odds":-170,"spread":1.5},"bovada":{"odds":-150,"spread":1.5},"williamhill_us":{"odds":-155,"spread":1.5},"draftkings":{"odds":-156,"spread":1.5}},"6":{"fanduel":{"odds":-188,"spread":1.5},"draftkings":{"odds":-175,"spread":1.5},"williamhill_us":{"odds":-170,"spread":1.5},"betmgm":{"odds":-190,"spread":1.5},"bovada":{"odds":-185,"spread":1.5}},"7":{"fanduel":{"odds":-178,"spread":1.5},"draftkings":{"odds":-194,"spread":1.5},"williamhill_us":{"odds":-190,"spread":1.5},"betmgm":{"odds":-210,"spread":1.5},"bovada":{"odds":-195,"spread":1.5}},"8":{"fanduel":{"odds":106,"spread":-1.5},"williamhill_us":{"odds":105,"spread":-1.5},"draftkings":{"odds":102,"spread":-1.5},"betmgm":{"odds":100,"spread":-1.5},"bovada":{"odds":110,"spread":-1.5}},"9":{"fanduel":{"odds":-170,"spread":1.5},"williamhill_us":{"odds":-178,"spread":1.5},"draftkings":{"odds":-175,"spread":1.5},"betmgm":{"odds":-190,"spread":1.5},"bovada":{"odds":-175,"spread":1.5}},"10":{"fanduel":{"odds":150,"spread":-1.5},"draftkings":{"odds":146,"spread":-1.5},"williamhill_us":{"odds":-205,"spread":1.5},"betmgm":{"odds":150,"spread":-1.5},"bovada":{"odds":-210,"spread":1.5}},"11":{"fanduel":{"odds":160,"spread":-1.5},"williamhill_us":{"odds":158,"spread":-1.5},"draftkings":{"odds":153,"spread":-1.5},"betmgm":{"odds":155,"spread":-1.5},"bovada":{"odds":-240,"spread":1.5}},"12":{"fanduel":{"odds":118,"spread":-1.5},"williamhill_us":{"odds":122,"spread":-1.5},"draftkings":{"odds":123,"spread":-1.5},"betmgm":{"odds":125,"spread":-1.5},"bovada":{"odds":130,"spread":-1.5}},"13":{"fanduel":{"odds":100,"spread":1.5},"williamhill_us":{"odds":-105,"spread":1.5},"draftkings":{"odds":-102,"spread":1.5},"betmgm":{"odds":-110,"spread":1.5},"bovada":{"odds":-110,"spread":1.5}}}}