{"game_id":{"0":"43706fff6ae5bb5201b9add3c0945034","1":"f20d3f5cf3efbb324f11686e68db809c","2":"9d0976062d4e6d31f94ff2c8b3baff89","3":"c137da348b9193a96f85af78c01a1aca","4":"218dcb584dbeb2e0c6f3ec5b029b0521","5":"cfb2e85cbd19eb03e617782d90d2c60e","6":"11dadeb57de8089d2a80fb4a82fbff1d","7":"7d92a7dff1e2a4e0569b73cf9069f2e3","8":"dbf668de78fe1352520d4e2011c77603","9":"704ba175e571a9f003f1c83cd86e48e6","10":"e9c736dab72b5dc33dd4f665870c8f2b","11":"e047c3dd3d688fead07d77b8b32852af","12":"2e309c8e4682895ea0516d055b78f53a","13":"e0989f5a2163779f2b0c456d7f844ce9","14":"25f714905d486c907ee2e0c1377097ea"},"home_team":{"0":"Boston Red Sox","1":"New York Yankees","2":"Boston Red Sox","3":"Cleveland Guardians","4":"Atlanta Braves","5":"Toronto Blue Jays","6":"Milwaukee Brewers","7":"Chicago Cubs","8":"Houston Astros","9":"Kansas City Royals","10":"Colorado Rockies","11":"Los Angeles Angels","12":"Arizona Diamondbacks","13":"Athletics","14":"Seattle Mariners"},"away_team":{"0":"Tampa Bay Rays","1":"Los Angeles Dodgers","2":"Tampa Bay Rays","3":"Pittsburgh Pirates","4":"Texas Rangers","5":"Chicago White Sox","6":"Miami Marlins","7":"Minnesota Twins","8":"Baltimore Orioles","9":"San Diego Padres","10":"Cincinnati Reds","11":"Detroit Tigers","12":"St. Louis Cardinals","13":"Washington Nationals","14":"San Francisco Giants"},"home_spread":{"0":-1.5,"1":1.5,"2":1.5,"3":-1.5,"4":-1.5,"5":-1.5,"6":-1.5,"7":-1.5,"8":-1.5,"9":1.5,"10":-1.5,"11":1.5,"12":1.5,"13":-1.5,"14":-1.5},"away_spread":{"0":-1.5,"1":-1.5,"2":-1.5,"3":1.5,"4":1.5,"5":1.5,"6":1.5,"7":1.5,"8":-1.5,"9":-1.5,"10":-1.5,"11":-1.5,"12":-1.5,"13":-1.5,"14":1.5},"best_home_odds":{"0":170,"1":-165,"2":-178,"3":176,"4":107,"5":160,"6":142,"7":146,"8":180,"9":-160,"10":165,"11":-175,"12":-178,"13":162,"14":150},"best_away_odds":{"0":176,"1":150,"2":152,"3":-195,"4":-120,"5":-185,"6":-165,"7":-160,"8":156,"9":140,"10":146,"11":152,"12":160,"13":154,"14":-165},"home_cover_nv_prob":{"0":0.5054945055,"1":0.6088560886,"2":0.6173750275,"3":0.3540566491,"4":0.4696840307,"5":0.3720626632,"6":0.3989161523,"7":0.3977968176,"8":0.4776119403,"9":0.5962732919,"10":0.481409002,"11":0.6159217877,"12":0.6247300216,"13":0.492248062,"14":0.3911439114},"away_cover_nv_prob":{"0":0.4945054945,"1":0.3911439114,"2":0.3826249725,"3":0.6459433509,"4":0.5303159693,"5":0.6279373368,"6":0.6010838477,"7":0.6022031824,"8":0.5223880597,"9":0.4037267081,"10":0.518590998,"11":0.3840782123,"12":0.3752699784,"13":0.507751938,"14":0.6088560886},"books_home":{"0":{"fanduel":{"odds":-215,"spread":1.5},"bovada":{"odds":170,"spread":-1.5},"williamhill_us":{"odds":162,"spread":-1.5},"draftkings":{"odds":166,"spread":-1.5},"betmgm":{"odds":165,"spread":-1.5}},"1":{"fanduel":{"odds":-182,"spread":1.5},"draftkings":{"odds":-175,"spread":1.5},"williamhill_us":{"odds":-170,"spread":1.5},"bovada":{"odds":-165,"spread":1.5},"betmgm":{"odds":-175,"spread":1.5}},"2":{"fanduel":{"odds":-184,"spread":1.5},"draftkings":{"odds":-181,"spread":1.5},"williamhill_us":{"odds":-178,"spread":1.5},"betmgm":{"odds":-185,"spread":1.5}},"3":{"fanduel":{"odds":176,"spread":-1.5},"draftkings":{"odds":163,"spread":-1.5},"bovada":{"odds":165,"spread":-1.5},"williamhill_us":{"odds":162,"spread":-1.5},"betmgm":{"odds":165,"spread":-1.5}},"4":{"fanduel":{"odds":106,"spread":-1.5},"bovada":{"odds":105,"spread":-1.5},"williamhill_us":{"odds":100,"spread":-1.5},"betmgm":{"odds":100,"spread":-1.5},"draftkings":{"odds":107,"spread":-1.5}},"5":{"fanduel":{"odds":155,"spread":-1.5},"draftkings":{"odds":153,"spread":-1.5},"bovada":{"odds":160,"spread":-1.5},"williamhill_us":{"odds":158,"spread":-1.5},"betmgm":{"odds":150,"spread":-1.5}},"6":{"fanduel":{"odds":142,"spread":-1.5},"bovada":{"odds":140,"spread":-1.5},"williamhill_us":{"odds":140,"spread":-1.5},"draftkings":{"odds":141,"spread":-1.5},"betmgm":{"odds":140,"spread":-1.5}},"7":{"fanduel":{"odds":146,"spread":-1.5},"bovada":{"odds":140,"spread":-1.5},"draftkings":{"odds":134,"spread":-1.5},"williamhill_us":{"odds":135,"spread":-1.5}},"8":{"fanduel":{"odds":-170,"spread":1.5},"williamhill_us":{"odds":175,"spread":-1.5},"bovada":{"odds":180,"spread":-1.5},"betmgm":{"odds":-190,"spread":1.5},"draftkings":{"odds":-191,"spread":1.5}},"9":{"fanduel":{"odds":-162,"spread":1.5},"draftkings":{"odds":-164,"spread":1.5},"bovada":{"odds":-160,"spread":1.5},"betmgm":{"odds":-170,"spread":1.5},"williamhill_us":{"odds":-165,"spread":1.5}},"10":{"fanduel":{"odds":-176,"spread":1.5},"bovada":{"odds":165,"spread":-1.5},"draftkings":{"odds":-173,"spread":1.5},"betmgm":{"odds":-175,"spread":1.5},"williamhill_us":{"odds":-170,"spread":1.5}},"11":{"fanduel":{"odds":-184,"spread":1.5},"bovada":{"odds":-175,"spread":1.5},"draftkings":{"odds":-181,"spread":1.5},"betmgm":{"odds":-180,"spread":1.5},"williamhill_us":{"odds":-178,"spread":1.5}},"12":{"fanduel":{"odds":-188,"spread":1.5},"bovada":{"odds":-185,"spread":1.5},"williamhill_us":{"odds":-178,"spread":1.5},"draftkings":{"odds":-178,"spread":1.5},"betmgm":{"odds":-185,"spread":1.5}},"13":{"fanduel":{"odds":-176,"spread":1.5},"bovada":{"odds":-170,"spread":1.5},"betmgm":{"odds":-190,"spread":1.5},"draftkings":{"odds":-167,"spread":1.5},"williamhill_us":{"odds":162,"spread":-1.5}},"14":{"fanduel":{"odds":150,"spread":-1.5},"bovada":{"odds":145,"spread":-1.5},"betmgm":{"odds":140,"spread":-1.5},"draftkings":{"odds":140,"spread":-1.5},"williamhill_us":{"odds":140,"spread":-1.5}}},"books_away":{"0":{"fanduel":{"odds":176,"spread":-1.5},"bovada":{"odds":-200,"spread":1.5},"williamhill_us":{"odds":-195,"spread":1.5},"draftkings":{"odds":-203,"spread":1.5},"betmgm":{"odds":-200,"spread":1.5}},"1":{"fanduel":{"odds":150,"spread":-1.5},"draftkings":{"odds":144,"spread":-1.5},"williamhill_us":{"odds":143,"spread":-1.5},"bovada":{"odds":140,"spread":-1.5},"betmgm":{"odds":145,"spread":-1.5}},"2":{"fanduel":{"odds":152,"spread":-1.5},"draftkings":{"odds":149,"spread":-1.5},"williamhill_us":{"odds":150,"spread":-1.5},"betmgm":{"odds":150,"spread":-1.5}},"3":{"fanduel":{"odds":-215,"spread":1.5},"draftkings":{"odds":-199,"spread":1.5},"bovada":{"odds":-195,"spread":1.5},"williamhill_us":{"odds":-195,"spread":1.5},"betmgm":{"odds":-200,"spread":1.5}},"4":{"fanduel":{"odds":-128,"spread":1.5},"bovada":{"odds":-125,"spread":1.5},"williamhill_us":{"odds":-120,"spread":1.5},"betmgm":{"odds":-120,"spread":1.5},"draftkings":{"odds":-129,"spread":1.5}},"5":{"fanduel":{"odds":-188,"spread":1.5},"draftkings":{"odds":-187,"spread":1.5},"bovada":{"odds":-185,"spread":1.5},"williamhill_us":{"odds":-190,"spread":1.5},"betmgm":{"odds":-185,"spread":1.5}},"6":{"fanduel":{"odds":-172,"spread":1.5},"bovada":{"odds":-165,"spread":1.5},"williamhill_us":{"odds":-165,"spread":1.5},"draftkings":{"odds":-171,"spread":1.5},"betmgm":{"odds":-170,"spread":1.5}},"7":{"fanduel":{"odds":-178,"spread":1.5},"bovada":{"odds":-165,"spread":1.5},"draftkings":{"odds":-162,"spread":1.5},"williamhill_us":{"odds":-160,"spread":1.5}},"8":{"fanduel":{"odds":140,"spread":-1.5},"williamhill_us":{"odds":-210,"spread":1.5},"bovada":{"odds":-220,"spread":1.5},"betmgm":{"odds":155,"spread":-1.5},"draftkings":{"odds":156,"spread":-1.5}},"9":{"fanduel":{"odds":134,"spread":-1.5},"draftkings":{"odds":136,"spread":-1.5},"bovada":{"odds":135,"spread":-1.5},"betmgm":{"odds":140,"spread":-1.5},"williamhill_us":{"odds":140,"spread":-1.5}},"10":{"fanduel":{"odds":146,"spread":-1.5},"bovada":{"odds":-195,"spread":1.5},"draftkings":{"odds":143,"spread":-1.5},"betmgm":{"odds":145,"spread":-1.5},"williamhill_us":{"odds":143,"spread":-1.5}},"11":{"fanduel":{"odds":152,"spread":-1.5},"bovada":{"odds":150,"spread":-1.5},"draftkings":{"odds":149,"spread":-1.5},"betmgm":{"odds":145,"spread":-1.5},"williamhill_us":{"odds":150,"spread":-1.5}},"12":{"fanduel":{"odds":155,"spread":-1.5},"bovada":{"odds":160,"spread":-1.5},"williamhill_us":{"odds":150,"spread":-1.5},"draftkings":{"odds":146,"spread":-1.5},"betmgm":{"odds":150,"spread":-1.5}},"13":{"fanduel":{"odds":146,"spread":-1.5},