{"game_id":{"0":"eb42c676c8d9098229ca8fbdd8c1c7aa","1":"8f9b5d46e691ee3915dbf6dec944d737","2":"40865969c78d8e1b3a239b4e9634a56e","3":"c73f7e009a24ba950b1c14bd5ff5c6eb","4":"633ba8b54e6ae0fd4d6d63836e3f08e5","5":"a9053f2c12e493fb5e1510825201e2eb","6":"f5d5cee320cc7a8d99cb308397d86c97","7":"690f4a1e23328f2ee53f23a2210d120c","8":"cad93485b644bd4b3adfacfc58e6cb0c","9":"243470e60481212c287f04aa121cb220","10":"08619f45c9f485e403bd59ba6d5c835c","11":"6ebb30fbee74a30665d12f9a06bb0973","12":"27ffbf76753088bb73149d66116d30b5","13":"2a9b760c7cc231ff3ce0741965acc5c2","14":"338a013fc05917b67f3e883fac4d23ab"},"home_team":{"0":"Boston Red Sox","1":"Detroit Tigers","2":"Toronto Blue Jays","3":"Pittsburgh Pirates","4":"Chicago White Sox","5":"New York Mets","6":"Tampa Bay Rays","7":"Baltimore Orioles","8":"Milwaukee Brewers","9":"Cleveland Guardians","10":"Minnesota Twins","11":"St. Louis Cardinals","12":"San Diego Padres","13":"San Francisco Giants","14":"Los Angeles Angels"},"away_team":{"0":"New York Yankees","1":"Houston Astros","2":"Texas Rangers","3":"Cincinnati Reds","4":"Kansas City Royals","5":"Philadelphia Phillies","6":"Arizona Diamondbacks","7":"Washington Nationals","8":"Chicago Cubs","9":"Seattle Mariners","10":"Colorado Rockies","11":"Miami Marlins","12":"Los Angeles Dodgers","13":"Atlanta Braves","14":"Athletics"},"home_spread":{"0":1.5,"1":-1.5,"2":-1.5,"3":1.5,"4":-1.5,"5":-1.5,"6":-1.5,"7":-1.5,"8":-1.5,"9":1.5,"10":-1.5,"11":-1.5,"12":1.5,"13":-1.5,"14":-1.5},"away_spread":{"0":-1.5,"1":1.5,"2":1.5,"3":-1.5,"4":1.5,"5":1.5,"6":1.5,"7":-1.5,"8":1.5,"9":-1.5,"10":1.5,"11":1.5,"12":-1.5,"13":1.5,"14":-1.5},"best_home_odds":{"0":-155,"1":158,"2":115,"3":-165,"4":150,"5":160,"6":138,"7":170,"8":135,"9":-135,"10":145,"11":146,"12":-102,"13":160,"14":180},"best_away_odds":{"0":135,"1":-180,"2":-128,"3":145,"4":-170,"5":-170,"6":-160,"7":166,"8":-149,"9":120,"10":-165,"11":-170,"12":-115,"13":-185,"14":158},"home_cover_nv_prob":{"0":0.5882115462,"1":0.3761418592,"2":0.453100159,"3":0.6040343668,"4":0.3884892086,"5":0.3792134831,"6":0.4057428215,"7":0.4962686567,"8":0.4155887507,"9":0.5582706767,"10":0.3959656332,"11":0.3923278117,"12":0.4856067316,"13":0.3720626632,"14":0.4795539033},"away_cover_nv_prob":{"0":0.4117884538,"1":0.6238581408,"2":0.546899841,"3":0.3959656332,"4":0.6115107914,"5":0.6207865169,"6":0.5942571785,"7":0.5037313433,"8":0.5844112493,"9":0.4417293233,"10":0.6040343668,"11":0.6076721883,"12":0.5143932684,"13":0.6279373368,"14":0.5204460967},"books_home":{"0":{"fanduel":{"odds":-162,"spread":1.5},"draftkings":{"odds":-155,"spread":1.5},"williamhill_us":{"odds":-155,"spread":1.5},"betmgm":{"odds":-155,"spread":1.5},"bovada":{"odds":-160,"spread":1.5}},"1":{"fanduel":{"odds":155,"spread":-1.5},"williamhill_us":{"odds":158,"spread":-1.5},"draftkings":{"odds":154,"spread":-1.5},"betmgm":{"odds":155,"spread":-1.5},"bovada":{"odds":155,"spread":-1.5}},"2":{"fanduel":{"odds":106,"spread":-1.5},"draftkings":{"odds":113,"spread":-1.5},"williamhill_us":{"odds":115,"spread":-1.5},"betmgm":{"odds":110,"spread":-1.5},"bovada":{"odds":110,"spread":-1.5}},"3":{"fanduel":{"odds":-166,"spread":1.5},"draftkings":{"odds":-171,"spread":1.5},"williamhill_us":{"odds":-165,"spread":1.5},"betmgm":{"odds":-170,"spread":1.5},"bovada":{"odds":-170,"spread":1.5}},"4":{"fanduel":{"odds":146,"spread":-1.5},"draftkings":{"odds":148,"spread":-1.5},"williamhill_us":{"odds":143,"spread":-1.5},"betmgm":{"odds":145,"spread":-1.5},"bovada":{"odds":150,"spread":-1.5}},"5":{"fanduel":{"odds":160,"spread":-1.5},"draftkings":{"odds":148,"spread":-1.5},"williamhill_us":{"odds":143,"spread":-1.5},"bovada":{"odds":150,"spread":-1.5},"betmgm":{"odds":145,"spread":-1.5}},"6":{"fanduel":{"odds":138,"spread":-1.5},"draftkings":{"odds":134,"spread":-1.5},"williamhill_us":{"odds":135,"spread":-1.5},"bovada":{"odds":135,"spread":-1.5},"betmgm":{"odds":135,"spread":-1.5}},"7":{"fanduel":{"odds":-200,"spread":1.5},"draftkings":{"odds":-202,"spread":1.5},"williamhill_us":{"odds":158,"spread":-1.5},"betmgm":{"odds":160,"spread":-1.5},"bovada":{"odds":170,"spread":-1.5}},"8":{"fanduel":{"odds":125,"spread":-1.5},"williamhill_us":{"odds":130,"spread":-1.5},"draftkings":{"odds":124,"spread":-1.5},"betmgm":{"odds":125,"spread":-1.5},"bovada":{"odds":135,"spread":-1.5}},"9":{"fanduel":{"odds":-137,"spread":1.5},"draftkings":{"odds":-137,"spread":1.5},"williamhill_us":{"odds":-135,"spread":1.5},"betmgm":{"odds":-135,"spread":1.5},"bovada":{"odds":-140,"spread":1.5}},"10":{"fanduel":{"odds":140,"spread":-1.5},"draftkings":{"odds":141,"spread":-1.5},"williamhill_us":{"odds":140,"spread":-1.5},"betmgm":{"odds":140,"spread":-1.5},"bovada":{"odds":145,"spread":-1.5}},"11":{"fanduel":{"odds":146,"spread":-1.5},"williamhill_us":{"odds":143,"spread":-1.5},"draftkings":{"odds":143,"spread":-1.5},"betmgm":{"odds":140,"spread":-1.5},"bovada":{"odds":145,"spread":-1.5}},"12":{"fanduel":{"odds":-102,"spread":1.5},"draftkings":{"odds":-103,"spread":1.5},"betmgm":{"odds":-105,"spread":1.5},"williamhill_us":{"odds":-105,"spread":1.5},"bovada":{"odds":-105,"spread":1.5}},"13":{"fanduel":{"odds":160,"spread":-1.5},"draftkings":{"odds":158,"spread":-1.5},"williamhill_us":{"odds":158,"spread":-1.5},"bovada":{"odds":160,"spread":-1.5}},"14":{"fanduel":{"odds":-192,"spread":1.5},"williamhill_us":{"odds":180,"spread":-1.5},"draftkings":{"odds":-185,"spread":1.5},"betmgm":{"odds":-190,"spread":1.5},"bovada":{"odds":-180,"spread":1.5}}},"books_away":{"0":{"fanduel":{"odds":134,"spread":-1.5},"draftkings":{"odds":128,"spread":-1.5},"williamhill_us":{"odds":130,"spread":-1.5},"betmgm":{"odds":125,"spread":-1.5},"bovada":{"odds":135,"spread":-1.5}},"1":{"fanduel":{"odds":-188,"spread":1.5},"williamhill_us":{"odds":-190,"spread":1.5},"draftkings":{"odds":-187,"spread":1.5},"betmgm":{"odds":-190,"spread":1.5},"bovada":{"odds":-180,"spread":1.5}},"2":{"fanduel":{"odds":-128,"spread":1.5},"draftkings":{"odds":-136,"spread":1.5},"williamhill_us":{"odds":-135,"spread":1.5},"betmgm":{"odds":-135,"spread":1.5},"bovada":{"odds":-130,"spread":1.5}},"3":{"fanduel":{"odds":138,"spread":-1.5},"draftkings":{"odds":141,"spread":-1.5},"williamhill_us":{"odds":140,"spread":-1.5},"betmgm":{"odds":140,"spread":-1.5},"bovada":{"odds":145,"spread":-1.5}},"4":{"fanduel":{"odds":-178,"spread":1.5},"draftkings":{"odds":-179,"spread":1.5},"williamhill_us":{"odds":-170,"spread":1.5},"betmgm":{"odds":-175,"spread":1.5},"bovada":{"odds":-175,"spread":1.5}},"5":{"fanduel":{"odds":-194,"spread":1.5},"draftkings":{"odds":-179,"spread":1.5},"williamhill_us":{"odds":-170,"spread":1.5},"bovada":{"odds":-175,"spread":1.5},"betmgm":{"odds":-175,"spread":1.5}},"6":{"fanduel":{"odds":-166,"spread":1.5},"draftkings":{"odds":-162,"spread":1.5},"williamhill_us":{"odds":-160,"spread":1.5},"bovada":{"odds":-160,"spread":1.5},"betmgm":{"odds":-160,"spread":1.5}},"7":{"fanduel":{"odds":164,"spread":-1.5},"draftkings":{"odds":166,"spread":-1.5},"williamhill_us":{"odds":-190,"spread":1.5},"betmgm":{"odds":-210,"spread":1.5},"bovada":{"odds":-200,"spread":1.5}},"8":{"fanduel":{"odds":-150,"spread":1.5},"williamhill_us":{"odds":-155,"spread":1.5},"draftkings":{"odds":-149,"spread":1.5},"betmgm":{"odds":-155,"spread":1.5},"bovada":{"odds":-160,"spread":1.5}},"9":{"fanduel":{"odds":114,"spread":-1.5},"draftkings":{"odds":114,"spread":-1.5},"williamhill_us":{"odds":115,"spread":-1.5},"betmgm":{"odds":110,"spread":-1.5},"bovada":{"odds":120,"spread":-1.5}},"10":{"fanduel":{"odds":-170,"spread":1.5},"draftkings":{"odds":-171,"spread":1.5},"williamhill_us":{"odds":-165,"spread":1.5},"betmgm":{"odds":-170,"spread":1.5},"bovada":{"odds":-170,"spread":1.5}},"11":{"fanduel":{"odds":-178,"spread":1.5},"williamhill_us":{"odds":-170,"spread":1.5},"draftkings":{"odds":-174,"spread":1.5},"betmgm":{"odds":-170,"spread":1.5},"bovada":{"odds":-170,"spread":1.5}},"12":{"fanduel":{"odds":-118,"spread":-1.5},"draftkings":{"odds":-117,"spread":-1.5},"betmgm":{"odds":-115,"spread":-1.5},