{"game_id":{"0":"44f850d55bfab7238e84fbd1b0e4c76f","1":"7da6a18b316119afbe4c2a58d5c2cbce","2":"831c912e2cd0016f96881ac551738e6e","3":"3846930337f62766087b0490c958713e","4":"0d1fe29e67867b51d29c32056784a512","5":"b0078538407a959dc03f5469df863662","6":"ce352adc7aae36822a5575bb25b54ff8","7":"cc55d7d8e85462a3aa9f55084d696c51","8":"2d368724e0c14ae2d63c7f7016e17330","9":"e4390656e1c8d9fd196a4745760cdf05","10":"005a4910f335d19816293b6d19644bd0","11":"7a000dccd00ad40a268d4d9160f1e0d3","12":"9090dcea2ce4abd32e09245a44d713d7","13":"eb71b24bcac6134977abdc1add17dd0a","14":"359cc9aec9f8a43ddd53ba06ce331765"},"home_team":{"0":"Philadelphia Phillies","1":"Tampa Bay Rays","2":"Minnesota Twins","3":"Colorado Rockies","4":"Arizona Diamondbacks","5":"Seattle Mariners","6":"Miami Marlins","7":"Detroit Tigers","8":"Washington Nationals","9":"New York Yankees","10":"Kansas City Royals","11":"Chicago Cubs","12":"St. Louis Cardinals","13":"San Diego Padres","14":"Los Angeles Angels"},"away_team":{"0":"Cincinnati Reds","1":"Baltimore Orioles","2":"Houston Astros","3":"Texas Rangers","4":"San Francisco Giants","5":"Chicago White Sox","6":"Atlanta Braves","7":"Cleveland Guardians","8":"New York Mets","9":"Toronto Blue Jays","10":"Boston Red Sox","11":"Milwaukee Brewers","12":"Pittsburgh Pirates","13":"Los Angeles Dodgers","14":"Athletics"},"home_spread":{"0":-1.5,"1":-1.5,"2":-1.5,"3":1.5,"4":-1.5,"5":-1.5,"6":1.5,"7":1.5,"8":1.5,"9":-1.5,"10":-1.5,"11":-1.5,"12":-1.5,"13":1.5,"14":1.5},"away_spread":{"0":1.5,"1":1.5,"2":1.5,"3":-1.5,"4":1.5,"5":1.5,"6":-1.5,"7":-1.5,"8":-1.5,"9":1.5,"10":-1.5,"11":-1.5,"12":-1.5,"13":-1.5,"14":-1.5},"best_home_odds":{"0":140,"1":164,"2":145,"3":-135,"4":158,"5":145,"6":-109,"7":-150,"8":-145,"9":125,"10":175,"11":195,"12":180,"13":-118,"14":-150},"best_away_odds":{"0":-158,"1":-185,"2":-165,"3":115,"4":-180,"5":-164,"6":-105,"7":140,"8":125,"9":-138,"10":168,"11":180,"12":165,"13":105,"14":130},"home_cover_nv_prob":{"0":0.4048964218,"1":0.3685027153,"2":0.3959656332,"3":0.5525940029,"4":0.3761418592,"5":0.3965154701,"6":0.504515692,"7":0.5901639344,"8":0.5711159737,"9":0.4339106655,"10":0.4935543278,"11":0.4869565217,"12":0.4862385321,"13":0.5259839095,"14":0.5798319328},"away_cover_nv_prob":{"0":0.5951035782,"1":0.6314972847,"2":0.6040343668,"3":0.4474059971,"4":0.6238581408,"5":0.6034845299,"6":0.495484308,"7":0.4098360656,"8":0.4288840263,"9":0.5660893345,"10":0.5064456722,"11":0.5130434783,"12":0.5137614679,"13":0.4740160905,"14":0.4201680672},"books_home":{"0":{"fanduel":{"odds":140,"spread":-1.5},"williamhill_us":{"odds":135,"spread":-1.5},"draftkings":{"odds":131,"spread":-1.5},"betmgm":{"odds":135,"spread":-1.5},"bovada":{"odds":135,"spread":-1.5}},"1":{"fanduel":{"odds":164,"spread":-1.5},"draftkings":{"odds":153,"spread":-1.5},"williamhill_us":{"odds":158,"spread":-1.5},"bovada":{"odds":160,"spread":-1.5},"betmgm":{"odds":155,"spread":-1.5}},"2":{"fanduel":{"odds":142,"spread":-1.5},"draftkings":{"odds":140,"spread":-1.5},"williamhill_us":{"odds":140,"spread":-1.5},"betmgm":{"odds":135,"spread":-1.5},"bovada":{"odds":145,"spread":-1.5}},"3":{"draftkings":{"odds":-136,"spread":1.5},"fanduel":{"odds":-137,"spread":1.5},"williamhill_us":{"odds":-135,"spread":1.5},"betmgm":{"odds":-140,"spread":1.5},"bovada":{"odds":-135,"spread":1.5}},"4":{"fanduel":{"odds":158,"spread":-1.5},"draftkings":{"odds":153,"spread":-1.5},"williamhill_us":{"odds":158,"spread":-1.5},"betmgm":{"odds":150,"spread":-1.5},"bovada":{"odds":155,"spread":-1.5}},"5":{"fanduel":{"odds":136,"spread":-1.5},"draftkings":{"odds":143,"spread":-1.5},"williamhill_us":{"odds":143,"spread":-1.5},"betmgm":{"odds":145,"spread":-1.5},"bovada":{"odds":145,"spread":-1.5}},"6":{"fanduel":{"odds":-113,"spread":1.5},"draftkings":{"odds":-109,"spread":1.5},"williamhill_us":{"odds":-110,"spread":1.5},"betmgm":{"odds":-110,"spread":1.5},"bovada":{"odds":-110,"spread":1.5}},"7":{"fanduel":{"odds":-170,"spread":1.5},"williamhill_us":{"odds":-150,"spread":1.5},"draftkings":{"odds":-157,"spread":1.5},"betmgm":{"odds":-155,"spread":1.5},"bovada":{"odds":-160,"spread":1.5}},"8":{"fanduel":{"odds":-150,"spread":1.5},"bovada":{"odds":-145,"spread":1.5},"draftkings":{"odds":-149,"spread":1.5},"williamhill_us":{"odds":-145,"spread":1.5},"betmgm":{"odds":-155,"spread":1.5}},"9":{"fanduel":{"odds":115,"spread":-1.5},"draftkings":{"odds":120,"spread":-1.5},"williamhill_us":{"odds":122,"spread":-1.5},"betmgm":{"odds":125,"spread":-1.5},"bovada":{"odds":125,"spread":-1.5}},"10":{"fanduel":{"odds":-205,"spread":1.5},"draftkings":{"odds":-195,"spread":1.5},"williamhill_us":{"odds":175,"spread":-1.5},"betmgm":{"odds":-200,"spread":1.5},"bovada":{"odds":175,"spread":-1.5}},"11":{"fanduel":{"odds":188,"spread":-1.5},"draftkings":{"odds":-208,"spread":1.5},"williamhill_us":{"odds":185,"spread":-1.5},"betmgm":{"odds":-220,"spread":1.5},"bovada":{"odds":195,"spread":-1.5}},"12":{"fanduel":{"odds":-200,"spread":1.5},"draftkings":{"odds":-191,"spread":1.5},"williamhill_us":{"odds":175,"spread":-1.5},"betmgm":{"odds":-200,"spread":1.5},"bovada":{"odds":180,"spread":-1.5}},"13":{"fanduel":{"odds":-118,"spread":1.5},"draftkings":{"odds":-123,"spread":1.5},"williamhill_us":{"odds":-125,"spread":1.5},"bovada":{"odds":-125,"spread":1.5},"betmgm":{"odds":-130,"spread":1.5}},"14":{"fanduel":{"odds":-154,"spread":1.5},"draftkings":{"odds":-156,"spread":1.5},"betmgm":{"odds":-155,"spread":1.5},"williamhill_us":{"odds":-155,"spread":1.5},"bovada":{"odds":-150,"spread":1.5}}},"books_away":{"0":{"fanduel":{"odds":-170,"spread":1.5},"williamhill_us":{"odds":-160,"spread":1.5},"draftkings":{"odds":-158,"spread":1.5},"betmgm":{"odds":-160,"spread":1.5},"bovada":{"odds":-160,"spread":1.5}},"1":{"fanduel":{"odds":-200,"spread":1.5},"draftkings":{"odds":-187,"spread":1.5},"williamhill_us":{"odds":-190,"spread":1.5},"bovada":{"odds":-185,"spread":1.5},"betmgm":{"odds":-190,"spread":1.5}},"2":{"fanduel":{"odds":-172,"spread":1.5},"draftkings":{"odds":-170,"spread":1.5},"williamhill_us":{"odds":-165,"spread":1.5},"betmgm":{"odds":-165,"spread":1.5},"bovada":{"odds":-170,"spread":1.5}},"3":{"draftkings":{"odds":113,"spread":-1.5},"fanduel":{"odds":114,"spread":-1.5},"williamhill_us":{"odds":115,"spread":-1.5},"betmgm":{"odds":115,"spread":-1.5},"bovada":{"odds":115,"spread":-1.5}},"4":{"fanduel":{"odds":-192,"spread":1.5},"draftkings":{"odds":-186,"spread":1.5},"williamhill_us":{"odds":-190,"spread":1.5},"betmgm":{"odds":-185,"spread":1.5},"bovada":{"odds":-180,"spread":1.5}},"5":{"fanduel":{"odds":-164,"spread":1.5},"draftkings":{"odds":-174,"spread":1.5},"williamhill_us":{"odds":-170,"spread":1.5},"betmgm":{"odds":-175,"spread":1.5},"bovada":{"odds":-170,"spread":1.5}},"6":{"fanduel":{"odds":-105,"spread":-1.5},"draftkings":{"odds":-110,"spread":-1.5},"williamhill_us":{"odds":-110,"spread":-1.5},"betmgm":{"odds":-110,"spread":-1.5},"bovada":{"odds":-110,"spread":-1.5}},"7":{"fanduel":{"odds":140,"spread":-1.5},"williamhill_us":{"odds":126,"spread":-1.5},"draftkings":{"odds":130,"spread":-1.5},"betmgm":{"odds":125,"spread":-1.5},"bovada":{"odds":135,"spread":-1.5}},"8":{"fanduel":{"odds":125,"spread":-1.5},"bovada":{"odds":125,"spread":-1.5},"draftkings":{"odds":124,"spread":-1.5},"williamhill_us":{"odds":122,"spread":-1.5},"betmgm":{"odds":125,"spread":-1.5}},"9":{"fanduel":{"odds":-138,"spread":1.5},"draftkings":{"odds":-145,"spread":1.5},"williamhill_us":{"odds":-145,"spread":1.5},"betmgm":{"odds":-150,"spread":1.5},"bovada":{"odds":-145,"spread":1.5}},"10":{"fanduel":{"odds":168,"spread":-1.5},"draftkings":{"odds":160,"spread":-1.5},"williamhill_us":{"odds":-210,"spread":1.5},"betmgm":{"odds":165,"spread":-1.5},"bovada":{"odds":-210,"spread":1.5}},"11":{"fanduel":{"odds":-230,"spread":1.5},"draftkings":{"odds":170,"spread":-1.5},"williamhill_us":{"odds":-225,"spread":1.5},"betmgm":{"odds":180,"spread":-1.5},"bovada":{"odds":-235,"spread":1.5}},"12":{"fanduel":{"odds":164,"spread":-1.5},"draftkings":{"odds":156,"spread":-1.5},