{"game_id":{"0":"80044e6fc3586ebcf9f4df924a6f9519","1":"42cd2c9d9860ded679366dcdfe136ea7","2":"a8b6869ab87cab44f73e7d8fe9c435f5","3":"724956d85946d94ae169ea8b4f5299b3","4":"1be0149112c46951b21b30f3277a53dd","5":"25d5af851ff059eb0a390e1f5908f926","6":"286159b7ccc29dea1805a4ce6218be0e","7":"6768391de7087c252e7f2dae8ec9bd0b","8":"29183afced82bafdf09738bf1fa00600","9":"e07f1907da5ba8bebef841815c5cd9a1","10":"6afb68c3e91d245e69a9eec05286476d","11":"a6a446c7235d0fcd72e04a211f04e87a"},"home_team":{"0":"Colorado Rockies","1":"Detroit Tigers","2":"Miami Marlins","3":"Tampa Bay Rays","4":"New York Yankees","5":"Chicago Cubs","6":"Kansas City Royals","7":"St. Louis Cardinals","8":"Houston Astros","9":"Los Angeles Angels","10":"Seattle Mariners","11":"San Francisco Giants"},"away_team":{"0":"New York Mets","1":"Boston Red Sox","2":"Philadelphia Phillies","3":"Toronto Blue Jays","4":"Baltimore Orioles","5":"Cincinnati Reds","6":"Cleveland Guardians","7":"Milwaukee Brewers","8":"Los Angeles Dodgers","9":"Chicago White Sox","10":"Atlanta Braves","11":"San Diego Padres"},"home_spread":{"0":1.5,"1":-1.5,"2":1.5,"3":-1.5,"4":-1.5,"5":-1.5,"6":-1.5,"7":1.5,"8":1.5,"9":-1.5,"10":-1.5,"11":1.5},"away_spread":{"0":-1.5,"1":1.5,"2":-1.5,"3":-1.5,"4":1.5,"5":1.5,"6":-1.5,"7":-1.5,"8":-1.5,"9":1.5,"10":1.5,"11":-1.5},"best_home_odds":{"0":-125,"1":102,"2":-166,"3":170,"4":-111,"5":-105,"6":170,"7":-166,"8":110,"9":135,"10":140,"11":-135},"best_away_odds":{"0":110,"1":-115,"2":150,"3":176,"4":100,"5":-105,"6":158,"7":145,"8":-125,"9":-154,"10":-160,"11":120},"home_cover_nv_prob":{"0":0.5384615385,"1":0.4806617483,"2":0.6093979442,"3":0.5054945055,"4":0.5127020785,"5":0.5,"6":0.4886363636,"7":0.604578564,"8":0.4615384615,"9":0.4124046111,"10":0.4037267081,"11":0.5582706767},"away_cover_nv_prob":{"0":0.4615384615,"1":0.5193382517,"2":0.3906020558,"3":0.4945054945,"4":0.4872979215,"5":0.5,"6":0.5113636364,"7":0.395421436,"8":0.5384615385,"9":0.5875953889,"10":0.5962732919,"11":0.4417293233},"books_home":{"0":{"fanduel":{"odds":-130,"spread":1.5},"williamhill_us":{"odds":-125,"spread":1.5},"draftkings":{"odds":-131,"spread":1.5},"betmgm":{"odds":-135,"spread":1.5},"bovada":{"odds":-125,"spread":1.5}},"1":{"fanduel":{"odds":-104,"spread":-1.5},"draftkings":{"odds":102,"spread":-1.5},"bovada":{"odds":100,"spread":-1.5},"betmgm":{"odds":100,"spread":-1.5},"williamhill_us":{"odds":100,"spread":-1.5}},"2":{"fanduel":{"odds":-166,"spread":1.5},"draftkings":{"odds":-171,"spread":1.5},"williamhill_us":{"odds":-170,"spread":1.5},"bovada":{"odds":-175,"spread":1.5},"betmgm":{"odds":-170,"spread":1.5}},"3":{"fanduel":{"odds":-215,"spread":1.5},"bovada":{"odds":170,"spread":-1.5},"betmgm":{"odds":165,"spread":-1.5},"draftkings":{"odds":-202,"spread":1.5},"williamhill_us":{"odds":170,"spread":-1.5}},"4":{"fanduel":{"odds":-111,"spread":-1.5},"draftkings":{"odds":-118,"spread":-1.5},"williamhill_us":{"odds":-120,"spread":-1.5},"bovada":{"odds":-115,"spread":-1.5},"betmgm":{"odds":-115,"spread":-1.5}},"5":{"fanduel":{"odds":-114,"spread":-1.5},"draftkings":{"odds":-110,"spread":-1.5},"williamhill_us":{"odds":-115,"spread":-1.5},"bovada":{"odds":-105,"spread":-1.5},"betmgm":{"odds":-105,"spread":-1.5}},"6":{"fanduel":{"odds":162,"spread":-1.5},"williamhill_us":{"odds":170,"spread":-1.5},"draftkings":{"odds":-193,"spread":1.5},"bovada":{"odds":165,"spread":-1.5},"betmgm":{"odds":160,"spread":-1.5}},"7":{"fanduel":{"odds":-166,"spread":1.5},"williamhill_us":{"odds":-170,"spread":1.5},"draftkings":{"odds":-171,"spread":1.5},"bovada":{"odds":-170,"spread":1.5},"betmgm":{"odds":-175,"spread":1.5}},"8":{"fanduel":{"odds":104,"spread":1.5},"draftkings":{"odds":109,"spread":1.5},"bovada":{"odds":105,"spread":1.5},"williamhill_us":{"odds":110,"spread":1.5},"betmgm":{"odds":105,"spread":1.5}},"9":{"fanduel":{"odds":128,"spread":-1.5},"bovada":{"odds":135,"spread":-1.5},"draftkings":{"odds":135,"spread":-1.5},"williamhill_us":{"odds":135,"spread":-1.5},"betmgm":{"odds":135,"spread":-1.5}},"10":{"fanduel":{"odds":136,"spread":-1.5},"draftkings":{"odds":135,"spread":-1.5},"williamhill_us":{"odds":135,"spread":-1.5},"bovada":{"odds":140,"spread":-1.5}},"11":{"fanduel":{"odds":-142,"spread":1.5},"bovada":{"odds":-140,"spread":1.5},"williamhill_us":{"odds":-135,"spread":1.5},"draftkings":{"odds":-136,"spread":1.5},"betmgm":{"odds":-145,"spread":1.5}}},"books_away":{"0":{"fanduel":{"odds":108,"spread":-1.5},"williamhill_us":{"odds":105,"spread":-1.5},"draftkings":{"odds":109,"spread":-1.5},"betmgm":{"odds":110,"spread":-1.5},"bovada":{"odds":105,"spread":-1.5}},"1":{"fanduel":{"odds":-115,"spread":1.5},"draftkings":{"odds":-122,"spread":1.5},"bovada":{"odds":-120,"spread":1.5},"betmgm":{"odds":-120,"spread":1.5},"williamhill_us":{"odds":-120,"spread":1.5}},"2":{"fanduel":{"odds":138,"spread":-1.5},"draftkings":{"odds":141,"spread":-1.5},"williamhill_us":{"odds":143,"spread":-1.5},"bovada":{"odds":150,"spread":-1.5},"betmgm":{"odds":140,"spread":-1.5}},"3":{"fanduel":{"odds":176,"spread":-1.5},"bovada":{"odds":-200,"spread":1.5},"betmgm":{"odds":-220,"spread":1.5},"draftkings":{"odds":165,"spread":-1.5},"williamhill_us":{"odds":-205,"spread":1.5}},"4":{"fanduel":{"odds":-108,"spread":1.5},"draftkings":{"odds":-102,"spread":1.5},"williamhill_us":{"odds":100,"spread":1.5},"bovada":{"odds":-105,"spread":1.5},"betmgm":{"odds":-105,"spread":1.5}},"5":{"fanduel":{"odds":-105,"spread":1.5},"draftkings":{"odds":-110,"spread":1.5},"williamhill_us":{"odds":-105,"spread":1.5},"bovada":{"odds":-115,"spread":1.5},"betmgm":{"odds":-115,"spread":1.5}},"6":{"fanduel":{"odds":-196,"spread":1.5},"williamhill_us":{"odds":-205,"spread":1.5},"draftkings":{"odds":158,"spread":-1.5},"bovada":{"odds":-195,"spread":1.5},"betmgm":{"odds":-210,"spread":1.5}},"7":{"fanduel":{"odds":138,"spread":-1.5},"williamhill_us":{"odds":143,"spread":-1.5},"draftkings":{"odds":141,"spread":-1.5},"bovada":{"odds":145,"spread":-1.5},"betmgm":{"odds":145,"spread":-1.5}},"8":{"fanduel":{"odds":-125,"spread":-1.5},"draftkings":{"odds":-131,"spread":-1.5},"bovada":{"odds":-125,"spread":-1.5},"williamhill_us":{"odds":-130,"spread":-1.5},"betmgm":{"odds":-130,"spread":-1.5}},"9":{"fanduel":{"odds":-154,"spread":1.5},"bovada":{"odds":-160,"spread":1.5},"draftkings":{"odds":-163,"spread":1.5},"williamhill_us":{"odds":-160,"spread":1.5},"betmgm":{"odds":-165,"spread":1.5}},"10":{"fanduel":{"odds":-164,"spread":1.5},"draftkings":{"odds":-163,"spread":1.5},"williamhill_us":{"odds":-160,"spread":1.5},"bovada":{"odds":-165,"spread":1.5}},"11":{"fanduel":{"odds":118,"spread":-1.5},"bovada":{"odds":120,"spread":-1.5},"williamhill_us":{"odds":115,"spread":-1.5},"draftkings":{"odds":113,"spread":-1.5},"betmgm":{"odds":120,"spread":-1.5}}}}