{"game_id":{"0":"c3a389932a73d413d0f0e503a36712ea","1":"1d3c338edb1851414b920c5e62833c42","2":"bce74dac7fe3dd7ecf80111287a3dd34","3":"5e611c984388d54390d6d9a5518d84be","4":"b1f2c684186f6906566a63d457c86009","5":"d5285248b8322f4781920eb06d586c63","6":"e56e51d0e26b298582dc9ebe9dcf1e22","7":"b1a87295d83bffd8d9d702ba76f4b1bd","8":"fd082c9fac90847ff16ee7691851778f","9":"8dd01844bbaffc7ec461c4e06ea83b42","10":"0567a988f9302cca0e4d8ef6eeb73371","11":"4e1d939bfe81862d61aca2a33e9f716c","12":"b7ec1f6220bc8b3dbe3589c95eabd186","13":"dbf4c940517013ad40b3220b6dac5cf6","14":"0438fd942a9f1f07557cef989b1a4e4d"},"home_team":{"0":"Cleveland Guardians","1":"Tampa Bay Rays","2":"Detroit Tigers","3":"Miami Marlins","4":"Washington Nationals","5":"Boston Red Sox","6":"New York Mets","7":"Kansas City Royals","8":"Chicago Cubs","9":"Texas Rangers","10":"Colorado Rockies","11":"Los Angeles Angels","12":"Arizona Diamondbacks","13":"Seattle Mariners","14":"San Francisco Giants"},"away_team":{"0":"Houston Astros","1":"Cincinnati Reds","2":"Milwaukee Brewers","3":"St. Louis Cardinals","4":"Atlanta Braves","5":"New York Yankees","6":"Minnesota Twins","7":"Baltimore Orioles","8":"Philadelphia Phillies","9":"Pittsburgh Pirates","10":"San Diego Padres","11":"Toronto Blue Jays","12":"Chicago White Sox","13":"Athletics","14":"Los Angeles Dodgers"},"home_spread":{"0":-1.5,"1":1.5,"2":-1.5,"3":-1.5,"4":1.5,"5":-1.5,"6":-1.5,"7":-1.5,"8":-1.5,"9":1.5,"10":1.5,"11":-1.5,"12":-1.5,"13":-1.5,"14":1.5},"away_spread":{"0":1.5,"1":-1.5,"2":-1.5,"3":-1.5,"4":-1.5,"5":-1.5,"6":1.5,"7":1.5,"8":-1.5,"9":-1.5,"10":-1.5,"11":-1.5,"12":1.5,"13":1.5,"14":-1.5},"best_home_odds":{"0":155,"1":-178,"2":180,"3":180,"4":-138,"5":190,"6":125,"7":155,"8":180,"9":-185,"10":-122,"11":180,"12":135,"13":130,"14":-110},"best_away_odds":{"0":-170,"1":160,"2":168,"3":158,"4":125,"5":150,"6":-138,"7":-178,"8":165,"9":160,"10":105,"11":155,"12":-140,"13":-150,"14":102},"home_cover_nv_prob":{"0":0.3837953092,"1":0.6247300216,"2":0.4890510949,"3":0.4795539033,"4":0.5660893345,"5":0.462962963,"6":0.4339106655,"7":0.3798333106,"8":0.4862385321,"9":0.6279373368,"10":0.5297606439,"11":0.476635514,"12":0.4217926186,"13":0.4201680672,"14":0.5141138362},"away_cover_nv_prob":{"0":0.6162046908,"1":0.3752699784,"2":0.5109489051,"3":0.5204460967,"4":0.4339106655,"5":0.537037037,"6":0.5660893345,"7":0.6201666894,"8":0.5137614679,"9":0.3720626632,"10":0.4702393561,"11":0.523364486,"12":0.5782073814,"13":0.5798319328,"14":0.4858861638},"books_home":{"0":{"fanduel":{"odds":146,"spread":-1.5},"betmgm":{"odds":155,"spread":-1.5},"williamhill_us":{"odds":143,"spread":-1.5},"draftkings":{"odds":144,"spread":-1.5},"bovada":{"odds":145,"spread":-1.5}},"1":{"fanduel":{"odds":-194,"spread":1.5},"draftkings":{"odds":-186,"spread":1.5},"williamhill_us":{"odds":-178,"spread":1.5},"betmgm":{"odds":-190,"spread":1.5},"bovada":{"odds":-185,"spread":1.5}},"2":{"fanduel":{"odds":-205,"spread":1.5},"draftkings":{"odds":-186,"spread":1.5},"williamhill_us":{"odds":175,"spread":-1.5},"betmgm":{"odds":-190,"spread":1.5},"bovada":{"odds":180,"spread":-1.5}},"3":{"fanduel":{"odds":-192,"spread":1.5},"draftkings":{"odds":-189,"spread":1.5},"williamhill_us":{"odds":175,"spread":-1.5},"betmgm":{"odds":-190,"spread":1.5},"bovada":{"odds":180,"spread":-1.5}},"4":{"fanduel":{"odds":-138,"spread":1.5},"draftkings":{"odds":-143,"spread":1.5},"williamhill_us":{"odds":-140,"spread":1.5},"betmgm":{"odds":-155,"spread":1.5},"bovada":{"odds":-145,"spread":1.5}},"5":{"fanduel":{"odds":-182,"spread":1.5},"draftkings":{"odds":-175,"spread":1.5},"williamhill_us":{"odds":-170,"spread":1.5},"betmgm":{"odds":-180,"spread":1.5},"bovada":{"odds":190,"spread":-1.5}},"6":{"fanduel":{"odds":115,"spread":-1.5},"draftkings":{"odds":119,"spread":-1.5},"williamhill_us":{"odds":118,"spread":-1.5},"bovada":{"odds":125,"spread":-1.5}},"7":{"fanduel":{"odds":146,"spread":-1.5},"draftkings":{"odds":149,"spread":-1.5},"williamhill_us":{"odds":150,"spread":-1.5},"betmgm":{"odds":155,"spread":-1.5},"bovada":{"odds":155,"spread":-1.5}},"8":{"fanduel":{"odds":-192,"spread":1.5},"draftkings":{"odds":-188,"spread":1.5},"williamhill_us":{"odds":170,"spread":-1.5},"bovada":{"odds":180,"spread":-1.5},"betmgm":{"odds":-200,"spread":1.5}},"9":{"fanduel":{"odds":-194,"spread":1.5},"draftkings":{"odds":-188,"spread":1.5},"williamhill_us":{"odds":-190,"spread":1.5},"betmgm":{"odds":-190,"spread":1.5},"bovada":{"odds":-185,"spread":1.5}},"10":{"fanduel":{"odds":-122,"spread":1.5},"draftkings":{"odds":-122,"spread":1.5},"williamhill_us":{"odds":-125,"spread":1.5},"betmgm":{"odds":-130,"spread":1.5},"bovada":{"odds":-125,"spread":1.5}},"11":{"fanduel":{"odds":-184,"spread":1.5},"draftkings":{"odds":-186,"spread":1.5},"williamhill_us":{"odds":-178,"spread":1.5},"betmgm":{"odds":-190,"spread":1.5},"bovada":{"odds":180,"spread":-1.5}},"12":{"fanduel":{"odds":128,"spread":-1.5},"draftkings":{"odds":129,"spread":-1.5},"williamhill_us":{"odds":130,"spread":-1.5},"betmgm":{"odds":135,"spread":-1.5},"bovada":{"odds":120,"spread":-1.5}},"13":{"fanduel":{"odds":126,"spread":-1.5},"draftkings":{"odds":129,"spread":-1.5},"williamhill_us":{"odds":130,"spread":-1.5},"betmgm":{"odds":125,"spread":-1.5},"bovada":{"odds":130,"spread":-1.5}},"14":{"fanduel":{"odds":-122,"spread":1.5},"williamhill_us":{"odds":-115,"spread":1.5},"draftkings":{"odds":-115,"spread":1.5},"betmgm":{"odds":-110,"spread":1.5},"bovada":{"odds":-115,"spread":1.5}}},"books_away":{"0":{"fanduel":{"odds":-178,"spread":1.5},"betmgm":{"odds":-190,"spread":1.5},"williamhill_us":{"odds":-170,"spread":1.5},"draftkings":{"odds":-175,"spread":1.5},"bovada":{"odds":-170,"spread":1.5}},"1":{"fanduel":{"odds":160,"spread":-1.5},"draftkings":{"odds":153,"spread":-1.5},"williamhill_us":{"odds":150,"spread":-1.5},"betmgm":{"odds":155,"spread":-1.5},"bovada":{"odds":160,"spread":-1.5}},"2":{"fanduel":{"odds":168,"spread":-1.5},"draftkings":{"odds":153,"spread":-1.5},"williamhill_us":{"odds":-210,"spread":1.5},"betmgm":{"odds":155,"spread":-1.5},"bovada":{"odds":-220,"spread":1.5}},"3":{"fanduel":{"odds":158,"spread":-1.5},"draftkings":{"odds":155,"spread":-1.5},"williamhill_us":{"odds":-210,"spread":1.5},"betmgm":{"odds":155,"spread":-1.5},"bovada":{"odds":-220,"spread":1.5}},"4":{"fanduel":{"odds":115,"spread":-1.5},"draftkings":{"odds":119,"spread":-1.5},"williamhill_us":{"odds":118,"spread":-1.5},"betmgm":{"odds":125,"spread":-1.5},"bovada":{"odds":125,"spread":-1.5}},"5":{"fanduel":{"odds":150,"spread":-1.5},"draftkings":{"odds":144,"spread":-1.5},"williamhill_us":{"odds":143,"spread":-1.5},"betmgm":{"odds":145,"spread":-1.5},"bovada":{"odds":-230,"spread":1.5}},"6":{"fanduel":{"odds":-138,"spread":1.5},"draftkings":{"odds":-143,"spread":1.5},"williamhill_us":{"odds":-140,"spread":1.5},"bovada":{"odds":-145,"spread":1.5}},"7":{"fanduel":{"odds":-178,"spread":1.5},"draftkings":{"odds":-181,"spread":1.5},"williamhill_us":{"odds":-178,"spread":1.5},"betmgm":{"odds":-190,"spread":1.5},"bovada":{"odds":-180,"spread":1.5}},"8":{"fanduel":{"odds":158,"spread":-1.5},"draftkings":{"odds":155,"spread":-1.5},"williamhill_us":{"odds":-205,"spread":1.5},"bovada":{"odds":-220,"spread":1.5},"betmgm":{"odds":165,"spread":-1.5}},"9":{"fanduel":{"odds":158,"spread":-1.5},"draftkings":{"odds":154,"spread":-1.5},"williamhill_us":{"odds":158,"spread":-1.5},"betmgm":{"odds":155,"spread":-1.5},"bovada":{"odds":160,"spread":-1.5}},"10":{"fanduel":{"odds":102,"spread":-1.5},"draftkings":{"odds":102,"spread":-1.5},"williamhill_us":{"odds":105,"spread":-1.5},"betmgm":{"odds":105,"spread":-1.5},"bovada":{"odds":105,"spread":-1.5}},"11":{"fanduel":{"odds":152,"spread":-1.5},"draftkings":{"odds":153,"spread":-1.5},"williamhill_us":{"odds":150,"spread":-1.5},"betmgm":{"odds":155,"spread":-1.5},"bovada":{"odds":-220,"spread":1.5}},"12":{"fanduel":{"odds":-154,"spread":1.5},"draftkings":{"odds":-156,"spread":1.5},"williamhill_us":{"odds":-155,"spread":1.5},"betmgm":{"odds":-160,"spread":1.5},