{"game_id":{"0":"385f86efd6c56a30190e6bb26a224fe6","1":"42f96d05fcb3bf3aefe7588b7e0de883","2":"fb1c5d37a9a3812d5d1e0b5ab2f3e768","3":"441105a5d9e63b9467a1b49e493aff1f","4":"d5bcde6808790e2d31facdd85fadb43e","5":"e24b161253e29f8c9ef92e6906b29364","6":"be2fbbe5b663cd7dc72d23031f2498ec","7":"62e56fb8e25706db1f4b277d3dab18de","8":"3de0bc35b00fae1cd6acfbadcf023411","9":"9d2cb684d156eddca29c13df0d0bce22","10":"c0eef6d4f9ed3511fcfdb17153b8f0a3","11":"2142bbf2fe04a2b7b7ae829b27222697","12":"4f93a0b7adae6d305b4095cc30172ed9","13":"70099d392f8cdba638b5d8e7d6dce3e2","14":"bf8721941657f63c8758e23bdee938ba"},"home_team":{"0":"Baltimore Orioles","1":"Philadelphia Phillies","2":"Cincinnati Reds","3":"Detroit Tigers","4":"Pittsburgh Pirates","5":"New York Yankees","6":"Atlanta Braves","7":"Minnesota Twins","8":"Chicago White Sox","9":"Milwaukee Brewers","10":"St. Louis Cardinals","11":"Houston Astros","12":"Athletics","13":"San Diego Padres","14":"Los Angeles Dodgers"},"away_team":{"0":"Arizona Diamondbacks","1":"Chicago Cubs","2":"San Francisco Giants","3":"Kansas City Royals","4":"Washington Nationals","5":"Los Angeles Angels","6":"Miami Marlins","7":"Boston Red Sox","8":"Tampa Bay Rays","9":"Toronto Blue Jays","10":"Cleveland Guardians","11":"Colorado Rockies","12":"Texas Rangers","13":"Seattle Mariners","14":"New York Mets"},"home_spread":{"0":-1.5,"1":-1.5,"2":1.5,"3":-1.5,"4":-1.5,"5":-1.5,"6":-1.5,"7":1.5,"8":1.5,"9":-1.5,"10":1.5,"11":-1.5,"12":1.5,"13":1.5,"14":-1.5},"away_spread":{"0":1.5,"1":1.5,"2":-1.5,"3":-1.5,"4":1.5,"5":1.5,"6":1.5,"7":-1.5,"8":-1.5,"9":-1.5,"10":-1.5,"11":1.5,"12":-1.5,"13":-1.5,"14":1.5},"best_home_odds":{"0":145,"1":145,"2":-170,"3":170,"4":115,"5":118,"6":145,"7":-143,"8":-145,"9":175,"10":-165,"11":114,"12":-156,"13":-165,"14":115},"best_away_odds":{"0":-170,"1":-165,"2":150,"3":170,"4":-130,"5":-130,"6":-155,"7":126,"8":130,"9":180,"10":146,"11":-130,"12":140,"13":146,"14":-120},"home_cover_nv_prob":{"0":0.3932993445,"1":0.3959656332,"2":0.6115107914,"3":0.5,"4":0.4514229637,"5":0.447993767,"6":0.4017329657,"7":0.5708078703,"8":0.5764909248,"9":0.5045045045,"10":0.6050081979,"11":0.4525777253,"12":0.5939086294,"13":0.6050081979,"14":0.460251046},"away_cover_nv_prob":{"0":0.6067006555,"1":0.6040343668,"2":0.3884892086,"3":0.5,"4":0.5485770363,"5":0.552006233,"6":0.5982670343,"7":0.4291921297,"8":0.4235090752,"9":0.4954954955,"10":0.3949918021,"11":0.5474222747,"12":0.4060913706,"13":0.3949918021,"14":0.539748954},"books_home":{"0":{"fanduel":{"odds":142,"spread":-1.5},"draftkings":{"odds":141,"spread":-1.5},"williamhill_us":{"odds":143,"spread":-1.5},"betmgm":{"odds":145,"spread":-1.5},"bovada":{"odds":145,"spread":-1.5}},"1":{"fanduel":{"odds":140,"spread":-1.5},"draftkings":{"odds":139,"spread":-1.5},"williamhill_us":{"odds":140,"spread":-1.5},"betmgm":{"odds":145,"spread":-1.5},"bovada":{"odds":140,"spread":-1.5}},"2":{"fanduel":{"odds":-182,"spread":1.5},"draftkings":{"odds":-175,"spread":1.5},"williamhill_us":{"odds":-170,"spread":1.5},"betmgm":{"odds":-185,"spread":1.5},"bovada":{"odds":-170,"spread":1.5}},"3":{"fanduel":{"odds":168,"spread":-1.5},"draftkings":{"odds":-199,"spread":1.5},"williamhill_us":{"odds":170,"spread":-1.5},"betmgm":{"odds":-210,"spread":1.5},"bovada":{"odds":170,"spread":-1.5}},"4":{"fanduel":{"odds":114,"spread":-1.5},"draftkings":{"odds":109,"spread":-1.5},"williamhill_us":{"odds":110,"spread":-1.5},"betmgm":{"odds":115,"spread":-1.5},"bovada":{"odds":110,"spread":-1.5}},"5":{"fanduel":{"odds":114,"spread":-1.5},"draftkings":{"odds":109,"spread":-1.5},"williamhill_us":{"odds":110,"spread":-1.5},"betmgm":{"odds":118,"spread":-1.5},"bovada":{"odds":110,"spread":-1.5}},"6":{"fanduel":{"odds":136,"spread":-1.5},"draftkings":{"odds":129,"spread":-1.5},"williamhill_us":{"odds":130,"spread":-1.5},"bovada":{"odds":135,"spread":-1.5},"betmgm":{"odds":145,"spread":-1.5}},"7":{"fanduel":{"odds":-152,"spread":1.5},"draftkings":{"odds":-143,"spread":1.5},"williamhill_us":{"odds":-145,"spread":1.5},"bovada":{"odds":-145,"spread":1.5}},"8":{"fanduel":{"odds":-156,"spread":1.5},"draftkings":{"odds":-149,"spread":1.5},"williamhill_us":{"odds":-145,"spread":1.5},"betmgm":{"odds":-155,"spread":1.5},"bovada":{"odds":-145,"spread":1.5}},"9":{"fanduel":{"odds":-220,"spread":1.5},"draftkings":{"odds":-200,"spread":1.5},"williamhill_us":{"odds":175,"spread":-1.5},"betmgm":{"odds":-210,"spread":1.5},"bovada":{"odds":175,"spread":-1.5}},"10":{"fanduel":{"odds":-178,"spread":1.5},"draftkings":{"odds":-168,"spread":1.5},"williamhill_us":{"odds":-165,"spread":1.5},"betmgm":{"odds":-170,"spread":1.5},"bovada":{"odds":-165,"spread":1.5}},"11":{"draftkings":{"odds":113,"spread":-1.5},"williamhill_us":{"odds":110,"spread":-1.5},"fanduel":{"odds":114,"spread":-1.5},"betmgm":{"odds":110,"spread":-1.5}},"12":{"fanduel":{"odds":-156,"spread":1.5},"draftkings":{"odds":-163,"spread":1.5},"williamhill_us":{"odds":-160,"spread":1.5},"betmgm":{"odds":-165,"spread":1.5},"bovada":{"odds":-160,"spread":1.5}},"13":{"fanduel":{"odds":-176,"spread":1.5},"draftkings":{"odds":-168,"spread":1.5},"williamhill_us":{"odds":-165,"spread":1.5},"bovada":{"odds":-165,"spread":1.5},"betmgm":{"odds":-175,"spread":1.5}},"14":{"fanduel":{"odds":100,"spread":-1.5},"draftkings":{"odds":102,"spread":-1.5},"williamhill_us":{"odds":100,"spread":-1.5},"bovada":{"odds":100,"spread":-1.5},"betmgm":{"odds":115,"spread":-1.5}}},"books_away":{"0":{"fanduel":{"odds":-172,"spread":1.5},"draftkings":{"odds":-171,"spread":1.5},"williamhill_us":{"odds":-170,"spread":1.5},"betmgm":{"odds":-175,"spread":1.5},"bovada":{"odds":-170,"spread":1.5}},"1":{"fanduel":{"odds":-170,"spread":1.5},"draftkings":{"odds":-168,"spread":1.5},"williamhill_us":{"odds":-165,"spread":1.5},"betmgm":{"odds":-180,"spread":1.5},"bovada":{"odds":-165,"spread":1.5}},"2":{"fanduel":{"odds":150,"spread":-1.5},"draftkings":{"odds":144,"spread":-1.5},"williamhill_us":{"odds":143,"spread":-1.5},"betmgm":{"odds":150,"spread":-1.5},"bovada":{"odds":145,"spread":-1.5}},"3":{"fanduel":{"odds":-205,"spread":1.5},"draftkings":{"odds":163,"spread":-1.5},"williamhill_us":{"odds":-205,"spread":1.5},"betmgm":{"odds":170,"spread":-1.5},"bovada":{"odds":-200,"spread":1.5}},"4":{"fanduel":{"odds":-137,"spread":1.5},"draftkings":{"odds":-131,"spread":1.5},"williamhill_us":{"odds":-130,"spread":1.5},"betmgm":{"odds":-140,"spread":1.5},"bovada":{"odds":-130,"spread":1.5}},"5":{"fanduel":{"odds":-137,"spread":1.5},"draftkings":{"odds":-131,"spread":1.5},"williamhill_us":{"odds":-130,"spread":1.5},"betmgm":{"odds":-145,"spread":1.5},"bovada":{"odds":-130,"spread":1.5}},"6":{"fanduel":{"odds":-164,"spread":1.5},"draftkings":{"odds":-156,"spread":1.5},"williamhill_us":{"odds":-155,"spread":1.5},"bovada":{"odds":-160,"spread":1.5},"betmgm":{"odds":-175,"spread":1.5}},"7":{"fanduel":{"odds":126,"spread":-1.5},"draftkings":{"odds":119,"spread":-1.5},"williamhill_us":{"odds":122,"spread":-1.5},"bovada":{"odds":125,"spread":-1.5}},"8":{"fanduel":{"odds":130,"spread":-1.5},"draftkings":{"odds":123,"spread":-1.5},"williamhill_us":{"odds":122,"spread":-1.5},"betmgm":{"odds":130,"spread":-1.5},"bovada":{"odds":125,"spread":-1.5}},"9":{"fanduel":{"odds":180,"spread":-1.5},"draftkings":{"odds":164,"spread":-1.5},"williamhill_us":{"odds":-210,"spread":1.5},"betmgm":{"odds":170,"spread":-1.5},"bovada":{"odds":-210,"spread":1.5}},"10":{"fanduel":{"odds":146,"spread":-1.5},"draftkings":{"odds":139,"spread":-1.5},"williamhill_us":{"odds":140,"spread":-1.5},"betmgm":{"odds":140,"spread":-1.5},"bovada":{"odds":140,"spread":-1.5}},"11":{"draftkings":{"odds":-136,"spread":1.5},"williamhill_us":{"odds":-130,"spread":1.5},"fanduel":{"odds":-137,"spread":1.5},"betmgm":{"odds":-135,"spread":1.5}},"12":{"fanduel":{"odds":130,"spread":-1.5},"draftkings":{"odds":135,"spread":-1.5},"williamhill_us":{"odds":135,"spread":-1.5},"betmgm":{"odds":140,"spread":-1.5},"bovada":{"odds":135,"spread":-1.5}},"13":{"fanduel":{"odds":146,"spread":-1.5},