{"game_id":{"0":"10b797abe19952451af8a428ab530deb","1":"872e319f5c105d18457014bc855cdc85","2":"bb47b41c0a375d2df45331898a1e7ec1","3":"cad6df1fc1aadca9fdbb359d7d43e40f","4":"7fc018ccf3790baea15d29b581f9d0ce","5":"adfa73cc70f5a62d6d0bb903eaa0f24b","6":"e92122c8f905eb41a57faabf21daf468","7":"13234b203ca4ea57ec2f1381b3e6a046","8":"4d7345756b0575f6a757888c78a290f2"},"home_team":{"0":"Boston Red Sox","1":"Milwaukee Brewers","2":"Texas Rangers","3":"Seattle Mariners","4":"Philadelphia Phillies","5":"New York Yankees","6":"Atlanta Braves","7":"Kansas City Royals","8":"Athletics"},"away_team":{"0":"Toronto Blue Jays","1":"Cleveland Guardians","2":"Minnesota Twins","3":"Baltimore Orioles","4":"New York Mets","5":"Chicago White Sox","6":"San Francisco Giants","7":"St. Louis Cardinals","8":"Los Angeles Angels"},"home_spread":{"0":-1.5,"1":-1.5,"2":1.5,"3":-1.5,"4":-1.5,"5":-1.5,"6":-1.5,"7":-1.5,"8":-1.5},"away_spread":{"0":-1.5,"1":1.5,"2":-1.5,"3":1.5,"4":-1.5,"5":1.5,"6":1.5,"7":-1.5,"8":1.5},"best_home_odds":{"0":170,"1":154,"2":-160,"3":150,"4":158,"5":130,"6":146,"7":175,"8":150},"best_away_odds":{"0":168,"1":-175,"2":140,"3":-170,"4":162,"5":-145,"6":-165,"7":168,"8":-165},"home_cover_nv_prob":{"0":0.4981412639,"1":0.382209868,"2":0.5962732919,"3":0.3884892086,"4":0.5038461538,"5":0.4235090752,"6":0.3949918021,"7":0.4935543278,"8":0.3911439114},"away_cover_nv_prob":{"0":0.5018587361,"1":0.617790132,"2":0.4037267081,"3":0.6115107914,"4":0.4961538462,"5":0.5764909248,"6":0.6050081979,"7":0.5064456722,"8":0.6088560886},"books_home":{"0":{"fanduel":{"odds":-205,"spread":1.5},"draftkings":{"odds":163,"spread":-1.5},"williamhill_us":{"odds":158,"spread":-1.5},"betmgm":{"odds":155,"spread":-1.5},"bovada":{"odds":170,"spread":-1.5}},"1":{"fanduel":{"odds":150,"spread":-1.5},"draftkings":{"odds":150,"spread":-1.5},"williamhill_us":{"odds":152,"spread":-1.5},"betmgm":{"odds":154,"spread":-1.5},"bovada":{"odds":150,"spread":-1.5}},"2":{"fanduel":{"odds":-170,"spread":1.5},"draftkings":{"odds":-162,"spread":1.5},"williamhill_us":{"odds":-160,"spread":1.5},"betmgm":{"odds":-160,"spread":1.5},"bovada":{"odds":-160,"spread":1.5}},"3":{"fanduel":{"odds":146,"spread":-1.5},"draftkings":{"odds":141,"spread":-1.5},"williamhill_us":{"odds":143,"spread":-1.5},"betmgm":{"odds":140,"spread":-1.5},"bovada":{"odds":150,"spread":-1.5}},"4":{"fanduel":{"odds":-196,"spread":1.5},"draftkings":{"odds":154,"spread":-1.5},"williamhill_us":{"odds":158,"spread":-1.5},"betmgm":{"odds":155,"spread":-1.5},"bovada":{"odds":155,"spread":-1.5}},"5":{"fanduel":{"odds":126,"spread":-1.5},"draftkings":{"odds":124,"spread":-1.5},"williamhill_us":{"odds":122,"spread":-1.5},"betmgm":{"odds":125,"spread":-1.5},"bovada":{"odds":130,"spread":-1.5}},"6":{"fanduel":{"odds":146,"spread":-1.5},"draftkings":{"odds":142,"spread":-1.5},"williamhill_us":{"odds":140,"spread":-1.5},"betmgm":{"odds":140,"spread":-1.5},"bovada":{"odds":145,"spread":-1.5}},"7":{"fanduel":{"odds":-205,"spread":1.5},"draftkings":{"odds":-188,"spread":1.5},"williamhill_us":{"odds":175,"spread":-1.5},"betmgm":{"odds":-190,"spread":1.5},"bovada":{"odds":175,"spread":-1.5}},"8":{"fanduel":{"odds":150,"spread":-1.5},"draftkings":{"odds":139,"spread":-1.5},"williamhill_us":{"odds":140,"spread":-1.5},"betmgm":{"odds":140,"spread":-1.5},"bovada":{"odds":145,"spread":-1.5}}},"books_away":{"0":{"fanduel":{"odds":168,"spread":-1.5},"draftkings":{"odds":-199,"spread":1.5},"williamhill_us":{"odds":-190,"spread":1.5},"betmgm":{"odds":-190,"spread":1.5},"bovada":{"odds":-200,"spread":1.5}},"1":{"fanduel":{"odds":-182,"spread":1.5},"draftkings":{"odds":-182,"spread":1.5},"williamhill_us":{"odds":-180,"spread":1.5},"betmgm":{"odds":-190,"spread":1.5},"bovada":{"odds":-175,"spread":1.5}},"2":{"fanduel":{"odds":140,"spread":-1.5},"draftkings":{"odds":134,"spread":-1.5},"williamhill_us":{"odds":135,"spread":-1.5},"betmgm":{"odds":135,"spread":-1.5},"bovada":{"odds":135,"spread":-1.5}},"3":{"fanduel":{"odds":-178,"spread":1.5},"draftkings":{"odds":-171,"spread":1.5},"williamhill_us":{"odds":-170,"spread":1.5},"betmgm":{"odds":-170,"spread":1.5},"bovada":{"odds":-175,"spread":1.5}},"4":{"fanduel":{"odds":162,"spread":-1.5},"draftkings":{"odds":-188,"spread":1.5},"williamhill_us":{"odds":-190,"spread":1.5},"betmgm":{"odds":-190,"spread":1.5},"bovada":{"odds":-180,"spread":1.5}},"5":{"fanduel":{"odds":-152,"spread":1.5},"draftkings":{"odds":-149,"spread":1.5},"williamhill_us":{"odds":-145,"spread":1.5},"betmgm":{"odds":-150,"spread":1.5},"bovada":{"odds":-150,"spread":1.5}},"6":{"fanduel":{"odds":-178,"spread":1.5},"draftkings":{"odds":-172,"spread":1.5},"williamhill_us":{"odds":-165,"spread":1.5},"betmgm":{"odds":-170,"spread":1.5},"bovada":{"odds":-170,"spread":1.5}},"7":{"fanduel":{"odds":168,"spread":-1.5},"draftkings":{"odds":154,"spread":-1.5},"williamhill_us":{"odds":-210,"spread":1.5},"betmgm":{"odds":155,"spread":-1.5},"bovada":{"odds":-210,"spread":1.5}},"8":{"fanduel":{"odds":-182,"spread":1.5},"draftkings":{"odds":-168,"spread":1.5},"williamhill_us":{"odds":-165,"spread":1.5},"betmgm":{"odds":-170,"spread":1.5},"bovada":{"odds":-170,"spread":1.5}}}}