{"game_id":{"0":"6a361e2e668b6f93df3fd6c75b2f8c8c","1":"103e4247d0f4067efa75745bdf3a2a55","2":"b954a694ef58ec4b5f1142bcef652628","3":"7a9289361be29573a7a9569a8346274c","4":"14f78bdcb2257396aa9a320978303578","5":"26337efce0c9013343238d70cee99f18","6":"03b661c71806115f4d198f6078d2c785","7":"e90acfc04f67e9efe70e9b835ecdb5cc"},"home_team":{"0":"Miami Marlins","1":"Detroit Tigers","2":"New York Mets","3":"Kansas City Royals","4":"Colorado Rockies","5":"Pittsburgh Pirates","6":"Baltimore Orioles","7":"Chicago White Sox"},"away_team":{"0":"Arizona Diamondbacks","1":"Minnesota Twins","2":"St. Louis Cardinals","3":"Texas Rangers","4":"Chicago Cubs","5":"Los Angeles Dodgers","6":"Seattle Mariners","7":"Atlanta Braves"},"home_spread":{"0":-1.5,"1":-1.5,"2":-1.5,"3":-1.5,"4":1.5,"5":1.5,"6":1.5,"7":1.5},"away_spread":{"0":-1.5,"1":1.5,"2":1.5,"3":-1.5,"4":-1.5,"5":-1.5,"6":-1.5,"7":-1.5},"best_home_odds":{"0":180,"1":160,"2":146,"3":170,"4":-118,"5":-115,"6":-170,"7":-165},"best_away_odds":{"0":165,"1":-178,"2":-170,"3":156,"4":101,"5":104,"6":146,"7":140},"home_cover_nv_prob":{"0":0.4862385321,"1":0.3752699784,"2":0.3923278117,"3":0.4866920152,"4":0.5210685883,"5":0.521797153,"6":0.6076721883,"7":0.5990922844},"away_cover_nv_prob":{"0":0.5137614679,"1":0.6247300216,"2":0.6076721883,"3":0.5133079848,"4":0.4789314117,"5":0.478202847,"6":0.3923278117,"7":0.4009077156},"books_home":{"0":{"fanduel":{"odds":-194,"spread":1.5},"draftkings":{"odds":-193,"spread":1.5},"williamhill_us":{"odds":180,"spread":-1.5},"betmgm":{"odds":-200,"spread":1.5},"bovada":{"odds":175,"spread":-1.5}},"1":{"fanduel":{"odds":146,"spread":-1.5},"draftkings":{"odds":153,"spread":-1.5},"williamhill_us":{"odds":158,"spread":-1.5},"bovada":{"odds":160,"spread":-1.5}},"2":{"fanduel":{"odds":146,"spread":-1.5},"draftkings":{"odds":141,"spread":-1.5},"williamhill_us":{"odds":143,"spread":-1.5},"betmgm":{"odds":140,"spread":-1.5},"bovada":{"odds":145,"spread":-1.5}},"3":{"fanduel":{"odds":-182,"spread":1.5},"draftkings":{"odds":-190,"spread":1.5},"williamhill_us":{"odds":158,"spread":-1.5},"betmgm":{"odds":-185,"spread":1.5},"bovada":{"odds":170,"spread":-1.5}},"4":{"fanduel":{"odds":-118,"spread":1.5},"draftkings":{"odds":-122,"spread":1.5},"williamhill_us":{"odds":-120,"spread":1.5},"betmgm":{"odds":-120,"spread":1.5},"bovada":{"odds":-120,"spread":1.5}},"5":{"fanduel":{"odds":-125,"spread":1.5},"draftkings":{"odds":-120,"spread":1.5},"williamhill_us":{"odds":-115,"spread":1.5},"betmgm":{"odds":-120,"spread":1.5},"bovada":{"odds":-115,"spread":1.5}},"6":{"fanduel":{"odds":-178,"spread":1.5},"draftkings":{"odds":-174,"spread":1.5},"williamhill_us":{"odds":-170,"spread":1.5},"betmgm":{"odds":-170,"spread":1.5},"bovada":{"odds":-170,"spread":1.5}},"7":{"fanduel":{"odds":-170,"spread":1.5},"draftkings":{"odds":-167,"spread":1.5},"williamhill_us":{"odds":-165,"spread":1.5},"bovada":{"odds":-165,"spread":1.5},"betmgm":{"odds":-165,"spread":1.5}}},"books_away":{"0":{"fanduel":{"odds":160,"spread":-1.5},"draftkings":{"odds":158,"spread":-1.5},"williamhill_us":{"odds":-220,"spread":1.5},"betmgm":{"odds":165,"spread":-1.5},"bovada":{"odds":-210,"spread":1.5}},"1":{"fanduel":{"odds":-178,"spread":1.5},"draftkings":{"odds":-186,"spread":1.5},"williamhill_us":{"odds":-190,"spread":1.5},"bovada":{"odds":-185,"spread":1.5}},"2":{"fanduel":{"odds":-178,"spread":1.5},"draftkings":{"odds":-171,"spread":1.5},"williamhill_us":{"odds":-170,"spread":1.5},"betmgm":{"odds":-170,"spread":1.5},"bovada":{"odds":-170,"spread":1.5}},"3":{"fanduel":{"odds":150,"spread":-1.5},"draftkings":{"odds":156,"spread":-1.5},"williamhill_us":{"odds":-190,"spread":1.5},"betmgm":{"odds":150,"spread":-1.5},"bovada":{"odds":-200,"spread":1.5}},"4":{"fanduel":{"odds":-102,"spread":-1.5},"draftkings":{"odds":101,"spread":-1.5},"williamhill_us":{"odds":100,"spread":-1.5},"betmgm":{"odds":100,"spread":-1.5},"bovada":{"odds":100,"spread":-1.5}},"5":{"fanduel":{"odds":104,"spread":-1.5},"draftkings":{"odds":-101,"spread":-1.5},"williamhill_us":{"odds":-105,"spread":-1.5},"betmgm":{"odds":100,"spread":-1.5},"bovada":{"odds":-105,"spread":-1.5}},"6":{"fanduel":{"odds":146,"spread":-1.5},"draftkings":{"odds":143,"spread":-1.5},"williamhill_us":{"odds":143,"spread":-1.5},"betmgm":{"odds":140,"spread":-1.5},"bovada":{"odds":145,"spread":-1.5}},"7":{"fanduel":{"odds":140,"spread":-1.5},"draftkings":{"odds":138,"spread":-1.5},"williamhill_us":{"odds":140,"spread":-1.5},"bovada":{"odds":140,"spread":-1.5},"betmgm":{"odds":135,"spread":-1.5}}}}