{"game_id":{"0":"cdbfd5e28cb2a7740714cfb069042ee5","1":"2f6016ab5acb82146f38a5f9453224fa","2":"60f04be9ddd5105e10aa2fb477a3258a","3":"1f445ebef3c39eb365683bafea3e03b5","4":"f30f9a55dc0c96a5bbfbcbd3e4f60344","5":"737f5efdae425ee79614f3733ac854fc","6":"a028589ce492c9027a1dcaf75f436276","7":"27c6eeeda2f37653edfab1288fc8d1db","8":"102415b79cd3e2bf336ad8c7792ba6a2","9":"96d192b9d73482f9d651313a2422fb78","10":"6884c2daf73ff285509cbbcc3d531c93","11":"34c5b69d9dd0d7d28dcc752eae1cf3ee","12":"a8ff4cf1d716757bfb7db919dd280201","13":"180be1fd7e6956dee1a43586959cf909","14":"1a5f8eab5c69c278ea5154ff16256884"},"home_team":{"0":"Cleveland Guardians","1":"Chicago White Sox","2":"New York Mets","3":"Tampa Bay Rays","4":"Miami Marlins","5":"Pittsburgh Pirates","6":"Boston Red Sox","7":"Washington Nationals","8":"New York Yankees","9":"Toronto Blue Jays","10":"Minnesota Twins","11":"Texas Rangers","12":"Colorado Rockies","13":"Los Angeles Angels","14":"San Francisco Giants"},"away_team":{"0":"Kansas City Royals","1":"Baltimore Orioles","2":"Arizona Diamondbacks","3":"Chicago Cubs","4":"Cincinnati Reds","5":"San Diego Padres","6":"Milwaukee Brewers","7":"St. Louis Cardinals","8":"Athletics","9":"Los Angeles Dodgers","10":"Detroit Tigers","11":"Seattle Mariners","12":"Houston Astros","13":"Atlanta Braves","14":"Philadelphia Phillies"},"home_spread":{"0":-1.5,"1":1.5,"2":-1.5,"3":-1.5,"4":-1.5,"5":-1.5,"6":-1.5,"7":-1.5,"8":-1.5,"9":1.5,"10":1.5,"11":1.5,"12":1.5,"13":1.5,"14":1.5},"away_spread":{"0":-1.5,"1":-1.5,"2":1.5,"3":1.5,"4":1.5,"5":1.5,"6":1.5,"7":-1.5,"8":1.5,"9":-1.5,"10":-1.5,"11":-1.5,"12":-1.5,"13":-1.5,"14":-1.5},"best_home_odds":{"0":190,"1":-145,"2":145,"3":165,"4":170,"5":155,"6":155,"7":180,"8":-102,"9":-120,"10":-130,"11":-165,"12":105,"13":-134,"14":-135},"best_away_odds":{"0":180,"1":140,"2":-165,"3":-186,"4":-190,"5":-170,"6":-170,"7":155,"8":-106,"9":110,"10":115,"11":158,"12":-115,"13":125,"14":120},"home_cover_nv_prob":{"0":0.4912280702,"1":0.586846543,"2":0.3959656332,"3":0.3671844909,"4":0.3611457036,"5":0.3837953092,"6":0.3837953092,"7":0.476635514,"8":0.4952856873,"9":0.5338983051,"10":0.5485770363,"11":0.6163312581,"12":0.4769828064,"13":0.5630252101,"14":0.5582706767},"away_cover_nv_prob":{"0":0.5087719298,"1":0.413153457,"2":0.6040343668,"3":0.6328155091,"4":0.6388542964,"5":0.6162046908,"6":0.6162046908,"7":0.523364486,"8":0.5047143127,"9":0.4661016949,"10":0.4514229637,"11":0.3836687419,"12":0.5230171936,"13":0.4369747899,"14":0.4417293233},"books_home":{"0":{"fanduel":{"odds":-220,"spread":1.5},"williamhill_us":{"odds":180,"spread":-1.5},"draftkings":{"odds":-202,"spread":1.5},"bovada":{"odds":190,"spread":-1.5},"betmgm":{"odds":-220,"spread":1.5}},"1":{"fanduel":{"odds":-156,"spread":1.5},"williamhill_us":{"odds":-145,"spread":1.5},"draftkings":{"odds":-156,"spread":1.5},"bovada":{"odds":-150,"spread":1.5},"betmgm":{"odds":-170,"spread":1.5}},"2":{"fanduel":{"odds":138,"spread":-1.5},"williamhill_us":{"odds":140,"spread":-1.5},"draftkings":{"odds":139,"spread":-1.5},"bovada":{"odds":145,"spread":-1.5},"betmgm":{"odds":145,"spread":-1.5}},"3":{"fanduel":{"odds":162,"spread":-1.5},"draftkings":{"odds":153,"spread":-1.5},"williamhill_us":{"odds":158,"spread":-1.5},"bovada":{"odds":165,"spread":-1.5},"betmgm":{"odds":155,"spread":-1.5}},"4":{"fanduel":{"odds":158,"spread":-1.5},"williamhill_us":{"odds":158,"spread":-1.5},"draftkings":{"odds":159,"spread":-1.5},"bovada":{"odds":165,"spread":-1.5},"betmgm":{"odds":170,"spread":-1.5}},"5":{"fanduel":{"odds":152,"spread":-1.5},"williamhill_us":{"odds":143,"spread":-1.5},"draftkings":{"odds":144,"spread":-1.5},"bovada":{"odds":155,"spread":-1.5},"betmgm":{"odds":155,"spread":-1.5}},"6":{"fanduel":{"odds":152,"spread":-1.5},"draftkings":{"odds":144,"spread":-1.5},"williamhill_us":{"odds":143,"spread":-1.5},"bovada":{"odds":155,"spread":-1.5},"betmgm":{"odds":155,"spread":-1.5}},"7":{"fanduel":{"odds":-182,"spread":1.5},"williamhill_us":{"odds":180,"spread":-1.5},"draftkings":{"odds":-189,"spread":1.5},"bovada":{"odds":180,"spread":-1.5},"betmgm":{"odds":-190,"spread":1.5}},"8":{"fanduel":{"odds":-113,"spread":-1.5},"williamhill_us":{"odds":-105,"spread":-1.5},"draftkings":{"odds":-105,"spread":-1.5},"bovada":{"odds":-110,"spread":-1.5},"betmgm":{"odds":-102,"spread":-1.5}},"9":{"fanduel":{"odds":-126,"spread":1.5},"williamhill_us":{"odds":-130,"spread":1.5},"draftkings":{"odds":-131,"spread":1.5},"bovada":{"odds":-120,"spread":1.5},"betmgm":{"odds":-130,"spread":1.5}},"10":{"fanduel":{"odds":-134,"spread":1.5},"williamhill_us":{"odds":-130,"spread":1.5},"draftkings":{"odds":-131,"spread":1.5},"bovada":{"odds":-135,"spread":1.5}},"11":{"fanduel":{"odds":-192,"spread":1.5},"williamhill_us":{"odds":-165,"spread":1.5},"draftkings":{"odds":-168,"spread":1.5},"bovada":{"odds":-175,"spread":1.5},"betmgm":{"odds":-175,"spread":1.5}},"12":{"fanduel":{"odds":-104,"spread":1.5},"draftkings":{"odds":100,"spread":1.5},"williamhill_us":{"odds":100,"spread":1.5},"bovada":{"odds":-105,"spread":1.5},"betmgm":{"odds":105,"spread":1.5}},"13":{"fanduel":{"odds":-134,"spread":1.5},"williamhill_us":{"odds":-140,"spread":1.5},"draftkings":{"odds":-143,"spread":1.5},"bovada":{"odds":-135,"spread":1.5},"betmgm":{"odds":-155,"spread":1.5}},"14":{"fanduel":{"odds":-138,"spread":1.5},"williamhill_us":{"odds":-135,"spread":1.5},"draftkings":{"odds":-136,"spread":1.5},"bovada":{"odds":-140,"spread":1.5},"betmgm":{"odds":-135,"spread":1.5}}},"books_away":{"0":{"fanduel":{"odds":180,"spread":-1.5},"williamhill_us":{"odds":-220,"spread":1.5},"draftkings":{"odds":165,"spread":-1.5},"bovada":{"odds":-230,"spread":1.5},"betmgm":{"odds":180,"spread":-1.5}},"1":{"fanduel":{"odds":130,"spread":-1.5},"williamhill_us":{"odds":122,"spread":-1.5},"draftkings":{"odds":129,"spread":-1.5},"bovada":{"odds":130,"spread":-1.5},"betmgm":{"odds":140,"spread":-1.5}},"2":{"fanduel":{"odds":-166,"spread":1.5},"williamhill_us":{"odds":-165,"spread":1.5},"draftkings":{"odds":-168,"spread":1.5},"bovada":{"odds":-170,"spread":1.5},"betmgm":{"odds":-180,"spread":1.5}},"3":{"fanduel":{"odds":-196,"spread":1.5},"draftkings":{"odds":-186,"spread":1.5},"williamhill_us":{"odds":-190,"spread":1.5},"bovada":{"odds":-195,"spread":1.5},"betmgm":{"odds":-190,"spread":1.5}},"4":{"fanduel":{"odds":-192,"spread":1.5},"williamhill_us":{"odds":-190,"spread":1.5},"draftkings":{"odds":-194,"spread":1.5},"bovada":{"odds":-195,"spread":1.5},"betmgm":{"odds":-210,"spread":1.5}},"5":{"fanduel":{"odds":-184,"spread":1.5},"williamhill_us":{"odds":-170,"spread":1.5},"draftkings":{"odds":-175,"spread":1.5},"bovada":{"odds":-180,"spread":1.5},"betmgm":{"odds":-190,"spread":1.5}},"6":{"fanduel":{"odds":-184,"spread":1.5},"draftkings":{"odds":-175,"spread":1.5},"williamhill_us":{"odds":-170,"spread":1.5},"bovada":{"odds":-180,"spread":1.5},"betmgm":{"odds":-190,"spread":1.5}},"7":{"fanduel":{"odds":150,"spread":-1.5},"williamhill_us":{"odds":-220,"spread":1.5},"draftkings":{"odds":155,"spread":-1.5},"bovada":{"odds":-220,"spread":1.5},"betmgm":{"odds":155,"spread":-1.5}},"8":{"fanduel":{"odds":-106,"spread":1.5},"williamhill_us":{"odds":-115,"spread":1.5},"draftkings":{"odds":-115,"spread":1.5},"bovada":{"odds":-110,"spread":1.5},"betmgm":{"odds":-118,"spread":1.5}},"9":{"fanduel":{"odds":105,"spread":-1.5},"williamhill_us":{"odds":110,"spread":-1.5},"draftkings":{"odds":109,"spread":-1.5},"bovada":{"odds":100,"spread":-1.5},"betmgm":{"odds":105,"spread":-1.5}},"10":{"fanduel":{"odds":112,"spread":-1.5},"williamhill_us":{"odds":110,"spread":-1.5},"draftkings":{"odds":109,"spread":-1.5},"bovada":{"odds":115,"spread":-1.5}},"11":{"fanduel":{"odds":158,"spread":-1.5},"williamhill_us":{"odds":140,"spread":-1.5},"draftkings":{"odds":139,"spread":-1.5},"bovada":{"odds":150,"spread":-1.5},"betmgm":{"odds":145,"spread":-1.5}},"12":{"fanduel":{"odds":-115,"spread":-1.5},"draftkings":{"odds":-120,"spread":-1.5},"williamhill_us":{"odds":-120,"spread":-1.5},"bovada":{"odds":-115,