{"game_id":{"0":"30985b2de1c1ed30f2e2fd8caf711d21","1":"71fad9f636c723c1e774d7aa9651880b","2":"de734f0e0ca302bf4a6c20844ec6127c","3":"bd85ab302972ab39355e0e7baa91a454","4":"7c30fa11564865dd19f2a9c4a7e9d937","5":"1f8259cdeb29bfd068ffa5cbaea3e8d7","6":"8379550b6a949466b56d6ddffad2b2fe","7":"7dd3ac6bd80317fdd884080b8d94dd77","8":"4a14bd2383b640b8cf105c59c99fa882","9":"50bf885c9e829f1de48161f3ec47e5dc","10":"895be7e0cbc697eeffc1f4c9fb60613b","11":"a524558d8c67f4e0116d63123b26e426","12":"30d2a93f1ca79f37c19806e74ed1cdab","13":"3d9ff7b926b247cb73447ca5c7a7428e","14":"de899b461227924fc52c2f9492e9fe56"},"home_team":{"0":"Tampa Bay Rays","1":"St. Louis Cardinals","2":"Houston Astros","3":"San Francisco Giants","4":"Los Angeles Angels","5":"Seattle Mariners","6":"Philadelphia Phillies","7":"Miami Marlins","8":"Detroit Tigers","9":"Washington Nationals","10":"New York Yankees","11":"Chicago Cubs","12":"Kansas City Royals","13":"Colorado Rockies","14":"Arizona Diamondbacks"},"away_team":{"0":"Toronto Blue Jays","1":"Milwaukee Brewers","2":"Los Angeles Dodgers","3":"San Diego Padres","4":"Chicago White Sox","5":"Atlanta Braves","6":"Athletics","7":"Baltimore Orioles","8":"Boston Red Sox","9":"Minnesota Twins","10":"Texas Rangers","11":"Cincinnati Reds","12":"Cleveland Guardians","13":"New York Mets","14":"Pittsburgh Pirates"},"home_spread":{"0":-1.5,"1":-1.5,"2":1.5,"3":1.5,"4":1.5,"5":-1.5,"6":-1.5,"7":-1.5,"8":-1.5,"9":1.5,"10":-1.5,"11":-1.5,"12":-1.5,"13":1.5,"14":1.5},"away_spread":{"0":1.5,"1":-1.5,"2":-2.5,"3":-1.5,"4":-1.5,"5":1.5,"6":1.5,"7":1.5,"8":-1.5,"9":-1.5,"10":1.5,"11":1.5,"12":1.5,"13":-1.5,"14":-1.5},"best_home_odds":{"0":165,"1":185,"2":120,"3":-175,"4":-170,"5":160,"6":125,"7":165,"8":180,"9":-140,"10":110,"11":126,"12":170,"13":-110,"14":-137},"best_away_odds":{"0":-180,"1":160,"2":110,"3":150,"4":150,"5":-184,"6":-140,"7":-185,"8":165,"9":125,"10":-115,"11":-145,"12":-185,"13":-102,"14":125},"home_cover_nv_prob":{"0":0.3698811096,"1":0.4770642202,"2":0.488372093,"3":0.6140350877,"4":0.6115107914,"5":0.3725078699,"6":0.4324324324,"7":0.3676233473,"8":0.4862385321,"9":0.5675675676,"10":0.4709748083,"11":0.4277981491,"12":0.3632887189,"13":0.5091659028,"14":0.5653370014},"away_cover_nv_prob":{"0":0.6301188904,"1":0.5229357798,"2":0.511627907,"3":0.3859649123,"4":0.3884892086,"5":0.6274921301,"6":0.5675675676,"7":0.6323766527,"8":0.5137614679,"9":0.4324324324,"10":0.5290251917,"11":0.5722018509,"12":0.6367112811,"13":0.4908340972,"14":0.4346629986},"books_home":{"0":{"fanduel":{"odds":155,"spread":-1.5},"draftkings":{"odds":159,"spread":-1.5},"williamhill_us":{"odds":158,"spread":-1.5},"bovada":{"odds":155,"spread":-1.5},"betmgm":{"odds":165,"spread":-1.5}},"1":{"fanduel":{"odds":-194,"spread":1.5},"draftkings":{"odds":-182,"spread":1.5},"williamhill_us":{"odds":180,"spread":-1.5},"betmgm":{"odds":-185,"spread":1.5},"bovada":{"odds":185,"spread":-1.5}},"2":{"fanduel":{"odds":110,"spread":1.5},"williamhill_us":{"odds":110,"spread":1.5},"draftkings":{"odds":109,"spread":1.5},"bovada":{"odds":120,"spread":1.5},"betmgm":{"odds":-135,"spread":2.5}},"3":{"fanduel":{"odds":-182,"spread":1.5},"draftkings":{"odds":-181,"spread":1.5},"williamhill_us":{"odds":-178,"spread":1.5},"bovada":{"odds":-175,"spread":1.5},"betmgm":{"odds":-180,"spread":1.5}},"4":{"fanduel":{"odds":-178,"spread":1.5},"williamhill_us":{"odds":-170,"spread":1.5},"draftkings":{"odds":-175,"spread":1.5},"betmgm":{"odds":-185,"spread":1.5},"bovada":{"odds":-175,"spread":1.5}},"5":{"fanduel":{"odds":152,"spread":-1.5},"draftkings":{"odds":153,"spread":-1.5},"williamhill_us":{"odds":158,"spread":-1.5},"bovada":{"odds":160,"spread":-1.5}},"6":{"fanduel":{"odds":118,"spread":-1.5},"draftkings":{"odds":119,"spread":-1.5},"williamhill_us":{"odds":118,"spread":-1.5},"bovada":{"odds":120,"spread":-1.5},"betmgm":{"odds":125,"spread":-1.5}},"7":{"fanduel":{"odds":162,"spread":-1.5},"draftkings":{"odds":159,"spread":-1.5},"williamhill_us":{"odds":158,"spread":-1.5},"bovada":{"odds":160,"spread":-1.5},"betmgm":{"odds":165,"spread":-1.5}},"8":{"fanduel":{"odds":-192,"spread":1.5},"williamhill_us":{"odds":180,"spread":-1.5},"betmgm":{"odds":-200,"spread":1.5},"draftkings":{"odds":-186,"spread":1.5},"bovada":{"odds":180,"spread":-1.5}},"9":{"fanduel":{"odds":-144,"spread":1.5},"draftkings":{"odds":-143,"spread":1.5},"williamhill_us":{"odds":-140,"spread":1.5},"bovada":{"odds":-140,"spread":1.5},"betmgm":{"odds":-155,"spread":1.5}},"10":{"fanduel":{"odds":100,"spread":-1.5},"draftkings":{"odds":-105,"spread":-1.5},"williamhill_us":{"odds":-105,"spread":-1.5},"bovada":{"odds":-105,"spread":-1.5},"betmgm":{"odds":110,"spread":-1.5}},"11":{"fanduel":{"odds":126,"spread":-1.5},"draftkings":{"odds":123,"spread":-1.5},"williamhill_us":{"odds":122,"spread":-1.5},"betmgm":{"odds":125,"spread":-1.5},"bovada":{"odds":125,"spread":-1.5}},"12":{"fanduel":{"odds":160,"spread":-1.5},"draftkings":{"odds":159,"spread":-1.5},"williamhill_us":{"odds":158,"spread":-1.5},"bovada":{"odds":160,"spread":-1.5},"betmgm":{"odds":170,"spread":-1.5}},"13":{"fanduel":{"odds":-111,"spread":1.5},"williamhill_us":{"odds":-115,"spread":1.5},"betmgm":{"odds":-118,"spread":1.5},"draftkings":{"odds":-115,"spread":1.5},"bovada":{"odds":-110,"spread":1.5}},"14":{"fanduel":{"odds":-137,"spread":1.5},"draftkings":{"odds":-143,"spread":1.5},"williamhill_us":{"odds":-140,"spread":1.5},"betmgm":{"odds":-145,"spread":1.5},"bovada":{"odds":-145,"spread":1.5}}},"books_away":{"0":{"fanduel":{"odds":-188,"spread":1.5},"draftkings":{"odds":-194,"spread":1.5},"williamhill_us":{"odds":-190,"spread":1.5},"bovada":{"odds":-180,"spread":1.5},"betmgm":{"odds":-200,"spread":1.5}},"1":{"fanduel":{"odds":160,"spread":-1.5},"draftkings":{"odds":150,"spread":-1.5},"williamhill_us":{"odds":-220,"spread":1.5},"betmgm":{"odds":150,"spread":-1.5},"bovada":{"odds":-225,"spread":1.5}},"2":{"fanduel":{"odds":-132,"spread":-1.5},"williamhill_us":{"odds":-130,"spread":-1.5},"draftkings":{"odds":-131,"spread":-1.5},"bovada":{"odds":-140,"spread":-1.5},"betmgm":{"odds":110,"spread":-2.5}},"3":{"fanduel":{"odds":150,"spread":-1.5},"draftkings":{"odds":149,"spread":-1.5},"williamhill_us":{"odds":150,"spread":-1.5},"bovada":{"odds":150,"spread":-1.5},"betmgm":{"odds":145,"spread":-1.5}},"4":{"fanduel":{"odds":146,"spread":-1.5},"williamhill_us":{"odds":143,"spread":-1.5},"draftkings":{"odds":144,"spread":-1.5},"betmgm":{"odds":150,"spread":-1.5},"bovada":{"odds":150,"spread":-1.5}},"5":{"fanduel":{"odds":-184,"spread":1.5},"draftkings":{"odds":-186,"spread":1.5},"williamhill_us":{"odds":-190,"spread":1.5},"bovada":{"odds":-185,"spread":1.5}},"6":{"fanduel":{"odds":-142,"spread":1.5},"draftkings":{"odds":-143,"spread":1.5},"williamhill_us":{"odds":-140,"spread":1.5},"bovada":{"odds":-140,"spread":1.5},"betmgm":{"odds":-150,"spread":1.5}},"7":{"fanduel":{"odds":-194,"spread":1.5},"draftkings":{"odds":-193,"spread":1.5},"williamhill_us":{"odds":-190,"spread":1.5},"bovada":{"odds":-185,"spread":1.5},"betmgm":{"odds":-200,"spread":1.5}},"8":{"fanduel":{"odds":155,"spread":-1.5},"williamhill_us":{"odds":-220,"spread":1.5},"betmgm":{"odds":165,"spread":-1.5},"draftkings":{"odds":153,"spread":-1.5},"bovada":{"odds":-220,"spread":1.5}},"9":{"fanduel":{"odds":120,"spread":-1.5},"draftkings":{"odds":119,"spread":-1.5},"williamhill_us":{"odds":118,"spread":-1.5},"bovada":{"odds":120,"spread":-1.5},"betmgm":{"odds":125,"spread":-1.5}},"10":{"fanduel":{"odds":-120,"spread":1.5},"draftkings":{"odds":-115,"spread":1.5},"williamhill_us":{"odds":-115,"spread":1.5},"bovada":{"odds":-115,"spread":1.5},"betmgm":{"odds":-135,"spread":1.5}},"11":{"fanduel":{"odds":-152,"spread":1.5},"draftkings":{"odds":-149,"spread":1.5},"williamhill_us":{"odds":-145,"spread":1.5},"betmgm":{"odds":-150,"spread":1.5},"bovada":{"odds":-145,"spread":1.5}},"12":{"fanduel":{"odds":-194,"spread":1.5},"draftkings":{"odds":-194,"spread":1.5},"williamhill_us":{"odds":-190,"spread":1.5},"bovada":{"odds":-185,