{"game_id":{"0":"6611ecd500747b1f1aebe1ea49f9d00a","1":"a250fe250560caa8b56cd4e061c8e7b0","2":"c892fb37a2662fa901742b27c6b7f205","3":"e38e52ed47e9148a67603013c94f7295","4":"157306fb8124249fa8e55016561ce711","5":"e3cd1f3a8c40c74e867b7713af7e6365","6":"a11dc5b41df437e869c4abe72abced1f","7":"7b7ae2c411b9b8122144d502c0bd1757","8":"288b4514ed237def0df905ead634d530","9":"fa63ecda3e7fe4b049c7e9cfd633f461","10":"a21ff3f3e886298451df6978c4be743c","11":"c6ef398cb6827a8a660c67c3f3e6dbd5","12":"622a46f12d0dc3b057125b0b59f00507","13":"0ae1e836fd92f0f98b83e2d7451f6f97","14":"8df69c8e501590af54db5363e5fdc3af"},"home_team":{"0":"St. Louis Cardinals","1":"Baltimore Orioles","2":"Detroit Tigers","3":"Pittsburgh Pirates","4":"Miami Marlins","5":"Tampa Bay Rays","6":"Washington Nationals","7":"Cincinnati Reds","8":"New York Mets","9":"Chicago White Sox","10":"Minnesota Twins","11":"Texas Rangers","12":"San Diego Padres","13":"San Francisco Giants","14":"Los Angeles Dodgers"},"away_team":{"0":"Milwaukee Brewers","1":"Chicago Cubs","2":"Athletics","3":"Atlanta Braves","4":"Seattle Mariners","5":"New York Yankees","6":"Houston Astros","7":"Philadelphia Phillies","8":"Kansas City Royals","9":"Boston Red Sox","10":"Cleveland Guardians","11":"Los Angeles Angels","12":"Arizona Diamondbacks","13":"Toronto Blue Jays","14":"Colorado Rockies"},"home_spread":{"0":1.5,"1":1.5,"2":-1.5,"3":-1.5,"4":-1.5,"5":-1.5,"6":-1.5,"7":1.5,"8":-1.5,"9":1.5,"10":-1.5,"11":-1.5,"12":-1.5,"13":1.5,"14":-1.5},"away_spread":{"0":-1.5,"1":-1.5,"2":1.5,"3":1.5,"4":-1.5,"5":-1.5,"6":-1.5,"7":-1.5,"8":1.5,"9":-1.5,"10":-1.5,"11":1.5,"12":1.5,"13":-1.5,"14":1.5},"best_home_odds":{"0":-105,"1":-160,"2":119,"3":130,"4":180,"5":175,"6":165,"7":-110,"8":142,"9":-158,"10":175,"11":140,"12":172,"13":-170,"14":-130},"best_away_odds":{"0":-105,"1":142,"2":-135,"3":-150,"4":172,"5":165,"6":162,"7":-105,"8":-165,"9":136,"10":162,"11":-159,"12":-190,"13":150,"14":114},"home_cover_nv_prob":{"0":0.5,"1":0.5982694685,"2":0.4428531047,"3":0.4201680672,"4":0.4927536232,"5":0.4907407407,"6":0.4971537002,"7":0.5056053812,"8":0.3989161523,"9":0.5910474258,"10":0.4878957169,"11":0.4043084608,"12":0.3594447199,"13":0.6115107914,"14":0.5474222747},"away_cover_nv_prob":{"0":0.5,"1":0.4017305315,"2":0.5571468953,"3":0.5798319328,"4":0.5072463768,"5":0.5092592593,"6":0.5028462998,"7":0.4943946188,"8":0.6010838477,"9":0.4089525742,"10":0.5121042831,"11":0.5956915392,"12":0.6405552801,"13":0.3884892086,"14":0.4525777253},"books_home":{"0":{"fanduel":{"odds":-110,"spread":1.5},"williamhill_us":{"odds":-105,"spread":1.5},"draftkings":{"odds":-107,"spread":1.5},"bovada":{"odds":-115,"spread":1.5}},"1":{"fanduel":{"odds":-172,"spread":1.5},"williamhill_us":{"odds":-160,"spread":1.5},"draftkings":{"odds":-163,"spread":1.5},"betmgm":{"odds":-160,"spread":1.5},"bovada":{"odds":-165,"spread":1.5}},"2":{"fanduel":{"odds":115,"spread":-1.5},"williamhill_us":{"odds":118,"spread":-1.5},"draftkings":{"odds":119,"spread":-1.5},"betmgm":{"odds":118,"spread":-1.5},"bovada":{"odds":115,"spread":-1.5}},"3":{"fanduel":{"odds":128,"spread":-1.5},"williamhill_us":{"odds":130,"spread":-1.5},"draftkings":{"odds":129,"spread":-1.5},"bovada":{"odds":130,"spread":-1.5}},"4":{"fanduel":{"odds":-210,"spread":1.5},"williamhill_us":{"odds":180,"spread":-1.5},"draftkings":{"odds":-201,"spread":1.5},"betmgm":{"odds":170,"spread":-1.5},"bovada":{"odds":175,"spread":-1.5}},"5":{"fanduel":{"odds":-200,"spread":1.5},"draftkings":{"odds":168,"spread":-1.5},"williamhill_us":{"odds":170,"spread":-1.5},"bovada":{"odds":175,"spread":-1.5},"betmgm":{"odds":-200,"spread":1.5}},"6":{"fanduel":{"odds":-196,"spread":1.5},"williamhill_us":{"odds":158,"spread":-1.5},"draftkings":{"odds":159,"spread":-1.5},"betmgm":{"odds":155,"spread":-1.5},"bovada":{"odds":165,"spread":-1.5}},"7":{"draftkings":{"odds":-114,"spread":1.5},"williamhill_us":{"odds":-115,"spread":1.5},"fanduel":{"odds":-114,"spread":1.5},"betmgm":{"odds":-115,"spread":1.5},"bovada":{"odds":-110,"spread":1.5}},"8":{"fanduel":{"odds":142,"spread":-1.5},"williamhill_us":{"odds":140,"spread":-1.5},"draftkings":{"odds":139,"spread":-1.5},"betmgm":{"odds":140,"spread":-1.5},"bovada":{"odds":140,"spread":-1.5}},"9":{"fanduel":{"odds":-164,"spread":1.5},"williamhill_us":{"odds":-160,"spread":1.5},"draftkings":{"odds":-158,"spread":1.5},"betmgm":{"odds":-160,"spread":1.5},"bovada":{"odds":-160,"spread":1.5}},"10":{"fanduel":{"odds":-196,"spread":1.5},"williamhill_us":{"odds":175,"spread":-1.5},"draftkings":{"odds":-196,"spread":1.5},"bovada":{"odds":175,"spread":-1.5}},"11":{"fanduel":{"odds":140,"spread":-1.5},"williamhill_us":{"odds":135,"spread":-1.5},"draftkings":{"odds":131,"spread":-1.5},"betmgm":{"odds":135,"spread":-1.5},"bovada":{"odds":140,"spread":-1.5}},"12":{"fanduel":{"odds":172,"spread":-1.5},"williamhill_us":{"odds":158,"spread":-1.5},"draftkings":{"odds":159,"spread":-1.5},"betmgm":{"odds":155,"spread":-1.5},"bovada":{"odds":170,"spread":-1.5}},"13":{"fanduel":{"odds":-182,"spread":1.5},"williamhill_us":{"odds":-170,"spread":1.5},"draftkings":{"odds":-171,"spread":1.5},"betmgm":{"odds":-170,"spread":1.5},"bovada":{"odds":-170,"spread":1.5}},"14":{"fanduel":{"odds":-137,"spread":-1.5},"williamhill_us":{"odds":-130,"spread":-1.5},"draftkings":{"odds":-130,"spread":-1.5},"betmgm":{"odds":-135,"spread":-1.5},"bovada":{"odds":-130,"spread":-1.5}}},"books_away":{"0":{"fanduel":{"odds":-110,"spread":-1.5},"williamhill_us":{"odds":-115,"spread":-1.5},"draftkings":{"odds":-112,"spread":-1.5},"bovada":{"odds":-105,"spread":-1.5}},"1":{"fanduel":{"odds":142,"spread":-1.5},"williamhill_us":{"odds":135,"spread":-1.5},"draftkings":{"odds":135,"spread":-1.5},"betmgm":{"odds":135,"spread":-1.5},"bovada":{"odds":140,"spread":-1.5}},"2":{"fanduel":{"odds":-138,"spread":1.5},"williamhill_us":{"odds":-140,"spread":1.5},"draftkings":{"odds":-143,"spread":1.5},"betmgm":{"odds":-145,"spread":1.5},"bovada":{"odds":-135,"spread":1.5}},"3":{"fanduel":{"odds":-154,"spread":1.5},"williamhill_us":{"odds":-155,"spread":1.5},"draftkings":{"odds":-156,"spread":1.5},"bovada":{"odds":-150,"spread":1.5}},"4":{"fanduel":{"odds":172,"spread":-1.5},"williamhill_us":{"odds":-220,"spread":1.5},"draftkings":{"odds":165,"spread":-1.5},"betmgm":{"odds":-210,"spread":1.5},"bovada":{"odds":-210,"spread":1.5}},"5":{"fanduel":{"odds":164,"spread":-1.5},"draftkings":{"odds":-206,"spread":1.5},"williamhill_us":{"odds":-205,"spread":1.5},"bovada":{"odds":-210,"spread":1.5},"betmgm":{"odds":165,"spread":-1.5}},"6":{"fanduel":{"odds":162,"spread":-1.5},"williamhill_us":{"odds":-190,"spread":1.5},"draftkings":{"odds":-194,"spread":1.5},"betmgm":{"odds":-190,"spread":1.5},"bovada":{"odds":-195,"spread":1.5}},"7":{"draftkings":{"odds":-105,"spread":-1.5},"williamhill_us":{"odds":-105,"spread":-1.5},"fanduel":{"odds":-105,"spread":-1.5},"betmgm":{"odds":-105,"spread":-1.5},"bovada":{"odds":-110,"spread":-1.5}},"8":{"fanduel":{"odds":-172,"spread":1.5},"williamhill_us":{"odds":-165,"spread":1.5},"draftkings":{"odds":-168,"spread":1.5},"betmgm":{"odds":-170,"spread":1.5},"bovada":{"odds":-165,"spread":1.5}},"9":{"fanduel":{"odds":136,"spread":-1.5},"williamhill_us":{"odds":135,"spread":-1.5},"draftkings":{"odds":131,"spread":-1.5},"betmgm":{"odds":135,"spread":-1.5},"bovada":{"odds":135,"spread":-1.5}},"10":{"fanduel":{"odds":162,"spread":-1.5},"williamhill_us":{"odds":-210,"spread":1.5},"draftkings":{"odds":160,"spread":-1.5},"bovada":{"odds":-210,"spread":1.5}},"11":{"fanduel":{"odds":-170,"spread":1.5},"williamhill_us":{"odds":-160,"spread":1.5},"draftkings":{"odds":-159,"spread":1.5},"betmgm":{"odds":-160,"spread":1.5},"bovada":{"odds":-165,"spread":1.5}},"12":{"fanduel":{"odds":-210,"spread":1.5},"williamhill_us":{"odds":-190,"spread":1.5},"draftkings":{"odds":-194,"spread":1.5},"betmgm":{"odds":-190,"spread":1.5},"bovada":{"odds":-200,"spread":1.5}},"13":{"fanduel":{"odds":150,"spread":-1.5},"williamhill_us":{"odds":143,"spread":-1.5},