{"game_id":{"0":"6bdf881264922e973fe4c3736ec56434","1":"a43d950c1c96c23836217db2342cee9e","2":"9fa5e76b55b273aa4d6f75fb24292c4b","3":"452edc1a46fc100945cc12d4d7f93456","4":"11027b764d42622bddc30dee244472db","5":"c905209c213ea7ae9708b815df0db1bc","6":"3c8c7e3e1d75b778dae56183c479e8b0","7":"880267269fc4e95b1ac7fe887416bd21","8":"39e0cc872d2c36e97a7b36304a527072","9":"3984bf07976050590dd9101fcfda8a0d","10":"fc0edee924fad50f536c1f9d3840c663","11":"bf29fc0fa42f9b3c5df76115d46b3773","12":"d0f7ccaf67e696d2397f07d40f7f3702","13":"ecaca218ecf0785d923b1039900110d0","14":"5ed904a197dc25f16df063643e9ddfae"},"home_team":{"0":"Toronto Blue Jays","1":"Detroit Tigers","2":"Tampa Bay Rays","3":"Miami Marlins","4":"Pittsburgh Pirates","5":"Washington Nationals","6":"New York Mets","7":"Cincinnati Reds","8":"Chicago White Sox","9":"Minnesota Twins","10":"St. Louis Cardinals","11":"Colorado Rockies","12":"Los Angeles Angels","13":"San Diego Padres","14":"San Francisco Giants"},"away_team":{"0":"Houston Astros","1":"New York Yankees","2":"Kansas City Royals","3":"Texas Rangers","4":"Seattle Mariners","5":"Philadelphia Phillies","6":"Chicago Cubs","7":"Milwaukee Brewers","8":"Cleveland Guardians","9":"Los Angeles Dodgers","10":"Arizona Diamondbacks","11":"Boston Red Sox","12":"Baltimore Orioles","13":"Atlanta Braves","14":"Athletics"},"home_spread":{"0":-1.5,"1":1.5,"2":-1.5,"3":-1.5,"4":1.5,"5":1.5,"6":-1.5,"7":1.5,"8":1.5,"9":1.5,"10":-1.5,"11":1.5,"12":1.5,"13":1.5,"14":-1.5},"away_spread":{"0":1.5,"1":-1.5,"2":1.5,"3":1.5,"4":-1.5,"5":-1.5,"6":-1.5,"7":-1.5,"8":-1.5,"9":-1.5,"10":-1.5,"11":-1.5,"12":-1.5,"13":-1.5,"14":-1.5},"best_home_odds":{"0":160,"1":-178,"2":116,"3":138,"4":-150,"5":-110,"6":175,"7":-150,"8":-180,"9":-115,"10":180,"11":-110,"12":-125,"13":-175,"14":170},"best_away_odds":{"0":-170,"1":155,"2":-135,"3":-160,"4":136,"5":100,"6":172,"7":132,"8":158,"9":100,"10":162,"11":-102,"12":105,"13":158,"14":168},"home_cover_nv_prob":{"0":0.3792134831,"1":0.6201666894,"2":0.4462590201,"3":0.4057428215,"4":0.5860927152,"5":0.511627907,"6":0.4972577697,"7":0.5819397993,"8":0.6238581408,"9":0.5168539326,"10":0.4833948339,"11":0.5091659028,"12":0.5324675325,"13":0.6214728149,"14":0.4981412639},"away_cover_nv_prob":{"0":0.6207865169,"1":0.3798333106,"2":0.5537409799,"3":0.5942571785,"4":0.4139072848,"5":0.488372093,"6":0.5027422303,"7":0.4180602007,"8":0.3761418592,"9":0.4831460674,"10":0.5166051661,"11":0.4908340972,"12":0.4675324675,"13":0.3785271851,"14":0.5018587361},"books_home":{"0":{"fanduel":{"odds":146,"spread":-1.5},"williamhill_us":{"odds":143,"spread":-1.5},"betmgm":{"odds":145,"spread":-1.5},"draftkings":{"odds":143,"spread":-1.5},"bovada":{"odds":160,"spread":-1.5}},"1":{"fanduel":{"odds":-184,"spread":1.5},"williamhill_us":{"odds":-178,"spread":1.5},"draftkings":{"odds":-179,"spread":1.5},"betmgm":{"odds":-185,"spread":1.5},"bovada":{"odds":-180,"spread":1.5}},"2":{"fanduel":{"odds":116,"spread":-1.5},"williamhill_us":{"odds":115,"spread":-1.5},"draftkings":{"odds":113,"spread":-1.5},"betmgm":{"odds":115,"spread":-1.5},"bovada":{"odds":115,"spread":-1.5}},"3":{"fanduel":{"odds":138,"spread":-1.5},"draftkings":{"odds":135,"spread":-1.5},"williamhill_us":{"odds":135,"spread":-1.5},"betmgm":{"odds":135,"spread":-1.5},"bovada":{"odds":135,"spread":-1.5}},"4":{"fanduel":{"odds":-164,"spread":1.5},"williamhill_us":{"odds":-160,"spread":1.5},"draftkings":{"odds":-162,"spread":1.5},"betmgm":{"odds":-165,"spread":1.5},"bovada":{"odds":-150,"spread":1.5}},"5":{"fanduel":{"odds":-118,"spread":1.5},"williamhill_us":{"odds":-110,"spread":1.5},"draftkings":{"odds":-115,"spread":1.5},"betmgm":{"odds":-110,"spread":1.5},"bovada":{"odds":-120,"spread":1.5}},"6":{"fanduel":{"odds":-210,"spread":1.5},"williamhill_us":{"odds":175,"spread":-1.5},"draftkings":{"odds":-198,"spread":1.5},"betmgm":{"odds":-200,"spread":1.5},"bovada":{"odds":175,"spread":-1.5}},"7":{"fanduel":{"odds":-160,"spread":1.5},"williamhill_us":{"odds":-155,"spread":1.5},"draftkings":{"odds":-155,"spread":1.5},"betmgm":{"odds":-155,"spread":1.5},"bovada":{"odds":-150,"spread":1.5}},"8":{"fanduel":{"odds":-192,"spread":1.5},"williamhill_us":{"odds":-190,"spread":1.5},"draftkings":{"odds":-186,"spread":1.5},"betmgm":{"odds":-185,"spread":1.5},"bovada":{"odds":-180,"spread":1.5}},"9":{"fanduel":{"odds":-115,"spread":1.5},"williamhill_us":{"odds":-120,"spread":1.5},"draftkings":{"odds":-118,"spread":1.5},"bovada":{"odds":-115,"spread":1.5}},"10":{"fanduel":{"odds":-196,"spread":1.5},"williamhill_us":{"odds":175,"spread":-1.5},"draftkings":{"odds":-189,"spread":1.5},"betmgm":{"odds":-190,"spread":1.5},"bovada":{"odds":180,"spread":-1.5}},"11":{"fanduel":{"odds":-118,"spread":1.5},"williamhill_us":{"odds":-110,"spread":1.5},"draftkings":{"odds":-114,"spread":1.5},"betmgm":{"odds":-115,"spread":1.5},"bovada":{"odds":-110,"spread":1.5}},"12":{"fanduel":{"odds":-126,"spread":1.5},"williamhill_us":{"odds":-125,"spread":1.5},"betmgm":{"odds":-130,"spread":1.5},"draftkings":{"odds":-126,"spread":1.5},"bovada":{"odds":-125,"spread":1.5}},"13":{"draftkings":{"odds":-181,"spread":1.5},"williamhill_us":{"odds":-190,"spread":1.5},"betmgm":{"odds":-185,"spread":1.5},"bovada":{"odds":-175,"spread":1.5}},"14":{"fanduel":{"odds":-205,"spread":1.5},"williamhill_us":{"odds":162,"spread":-1.5},"draftkings":{"odds":167,"spread":-1.5},"betmgm":{"odds":160,"spread":-1.5},"bovada":{"odds":170,"spread":-1.5}}},"books_away":{"0":{"fanduel":{"odds":-178,"spread":1.5},"williamhill_us":{"odds":-170,"spread":1.5},"betmgm":{"odds":-175,"spread":1.5},"draftkings":{"odds":-174,"spread":1.5},"bovada":{"odds":-185,"spread":1.5}},"1":{"fanduel":{"odds":150,"spread":-1.5},"williamhill_us":{"odds":150,"spread":-1.5},"draftkings":{"odds":148,"spread":-1.5},"betmgm":{"odds":150,"spread":-1.5},"bovada":{"odds":155,"spread":-1.5}},"2":{"fanduel":{"odds":-140,"spread":1.5},"williamhill_us":{"odds":-135,"spread":1.5},"draftkings":{"odds":-136,"spread":1.5},"betmgm":{"odds":-140,"spread":1.5},"bovada":{"odds":-135,"spread":1.5}},"3":{"fanduel":{"odds":-166,"spread":1.5},"draftkings":{"odds":-163,"spread":1.5},"williamhill_us":{"odds":-160,"spread":1.5},"betmgm":{"odds":-160,"spread":1.5},"bovada":{"odds":-160,"spread":1.5}},"4":{"fanduel":{"odds":136,"spread":-1.5},"williamhill_us":{"odds":135,"spread":-1.5},"draftkings":{"odds":134,"spread":-1.5},"betmgm":{"odds":135,"spread":-1.5},"bovada":{"odds":130,"spread":-1.5}},"5":{"fanduel":{"odds":-102,"spread":-1.5},"williamhill_us":{"odds":-110,"spread":-1.5},"draftkings":{"odds":-104,"spread":-1.5},"betmgm":{"odds":-110,"spread":-1.5},"bovada":{"odds":100,"spread":-1.5}},"6":{"fanduel":{"odds":172,"spread":-1.5},"williamhill_us":{"odds":-210,"spread":1.5},"draftkings":{"odds":163,"spread":-1.5},"betmgm":{"odds":165,"spread":-1.5},"bovada":{"odds":-210,"spread":1.5}},"7":{"fanduel":{"odds":132,"spread":-1.5},"williamhill_us":{"odds":130,"spread":-1.5},"draftkings":{"odds":128,"spread":-1.5},"betmgm":{"odds":125,"spread":-1.5},"bovada":{"odds":130,"spread":-1.5}},"8":{"fanduel":{"odds":158,"spread":-1.5},"williamhill_us":{"odds":158,"spread":-1.5},"draftkings":{"odds":153,"spread":-1.5},"betmgm":{"odds":150,"spread":-1.5},"bovada":{"odds":155,"spread":-1.5}},"9":{"fanduel":{"odds":-104,"spread":-1.5},"williamhill_us":{"odds":100,"spread":-1.5},"draftkings":{"odds":-102,"spread":-1.5},"bovada":{"odds":-105,"spread":-1.5}},"10":{"fanduel":{"odds":162,"spread":-1.5},"williamhill_us":{"odds":-210,"spread":1.5},"draftkings":{"odds":156,"spread":-1.5},"betmgm":{"odds":154,"spread":-1.5},"bovada":{"odds":-220,"spread":1.5}},"11":{"fanduel":{"odds":-102,"spread":-1.5},"williamhill_us":{"odds":-110,"spread":-1.5},"draftkings":{"odds":-106,"spread":-1.5},"betmgm":{"odds":-105,"spread":-1.5},"bovada":{"odds":-110,"spread":-1.5}},"12":{"fanduel":{"odds":105,"spread":-1.5},"williamhill_us":{"odds":105,"spread":-1.5},"betmgm":{"odds":105,"spread":-1.5},"draftkings":{"odds":104,"spread":-1.5},"bovada":{"odds":105,