{"game_id":{"0":"cf30692398660f7bad608a5e820b0d31","1":"612d9a4c3240e9ad249a9e03681b4a6c","2":"ec4b853359310a5bcf7395eeb51dc121","3":"984229c1b91fa0876a5f4e5c584d4387","4":"e9d56acb32e4662dcb7e8858362e887a","5":"929b8a02afe41332232a35f04aba423a","6":"516860d105f26cb11a4c57a773a851f5","7":"304cfd624e72dea59a61624cfad305d8","8":"ee9972cacf647720c50225d0f8004a91","9":"01abcc9d9a9408b8be4a4acc7dc53ec5","10":"478dd82a6850dc38220b29a31ad54938","11":"56eb72104fb4612dbd0953df70201727","12":"a523c1ba668649088416935d2bc9a573","13":"33b4c5f526bcc56b10bb39d97a8b942d","14":"937c0d8ee53bf0a6f8f1e472832b86c5"},"home_team":{"0":"Washington Nationals","1":"New York Yankees","2":"Texas Rangers","3":"Seattle Mariners","4":"Cincinnati Reds","5":"Cleveland Guardians","6":"Houston Astros","7":"Atlanta Braves","8":"Chicago Cubs","9":"Colorado Rockies","10":"Kansas City Royals","11":"Los Angeles Angels","12":"Arizona Diamondbacks","13":"Athletics","14":"Los Angeles Dodgers"},"away_team":{"0":"Pittsburgh Pirates","1":"Minnesota Twins","2":"Detroit Tigers","3":"Toronto Blue Jays","4":"Baltimore Orioles","5":"Chicago White Sox","6":"Tampa Bay Rays","7":"New York Mets","8":"St. Louis Cardinals","9":"San Francisco Giants","10":"Philadelphia Phillies","11":"Boston Red Sox","12":"Milwaukee Brewers","13":"Miami Marlins","14":"San Diego Padres"},"home_spread":{"0":1.5,"1":-1.5,"2":1.5,"3":-1.5,"4":-1.5,"5":-1.5,"6":1.5,"7":-1.5,"8":-1.5,"9":1.5,"10":1.5,"11":1.5,"12":1.5,"13":1.5,"14":-1.5},"away_spread":{"0":-1.5,"1":1.5,"2":-1.5,"3":1.5,"4":-1.5,"5":1.5,"6":-1.5,"7":1.5,"8":1.5,"9":-1.5,"10":-1.5,"11":-1.5,"12":-1.5,"13":-1.5,"14":1.5},"best_home_odds":{"0":-110,"1":126,"2":-165,"3":136,"4":165,"5":150,"6":-188,"7":126,"8":140,"9":-135,"10":-125,"11":-120,"12":-125,"13":-140,"14":-115},"best_away_odds":{"0":-104,"1":-145,"2":150,"3":-160,"4":160,"5":-170,"6":165,"7":-145,"8":-154,"9":116,"10":106,"11":106,"12":112,"13":126,"14":100},"home_cover_nv_prob":{"0":0.5067750678,"1":0.4277981491,"2":0.6088560886,"3":0.4077791719,"4":0.4952380952,"5":0.3884892086,"6":0.6336809972,"7":0.4277981491,"8":0.4073123797,"9":0.5537409799,"10":0.5336787565,"11":0.529109589,"12":0.5408163265,"13":0.5686556434,"14":0.5168539326},"away_cover_nv_prob":{"0":0.4932249322,"1":0.5722018509,"2":0.3911439114,"3":0.5922208281,"4":0.5047619048,"5":0.6115107914,"6":0.3663190028,"7":0.5722018509,"8":0.5926876203,"9":0.4462590201,"10":0.4663212435,"11":0.470890411,"12":0.4591836735,"13":0.4313443566,"14":0.4831460674},"books_home":{"0":{"fanduel":{"odds":-110,"spread":1.5},"williamhill_us":{"odds":-115,"spread":1.5},"draftkings":{"odds":-115,"spread":1.5},"betmgm":{"odds":-115,"spread":1.5},"bovada":{"odds":-115,"spread":1.5}},"1":{"fanduel":{"odds":126,"spread":-1.5},"williamhill_us":{"odds":122,"spread":-1.5},"bovada":{"odds":125,"spread":-1.5},"draftkings":{"odds":123,"spread":-1.5}},"2":{"fanduel":{"odds":-172,"spread":1.5},"williamhill_us":{"odds":-165,"spread":1.5},"draftkings":{"odds":-174,"spread":1.5},"betmgm":{"odds":-170,"spread":1.5},"bovada":{"odds":-175,"spread":1.5}},"3":{"fanduel":{"odds":136,"spread":-1.5},"williamhill_us":{"odds":135,"spread":-1.5},"draftkings":{"odds":134,"spread":-1.5},"betmgm":{"odds":135,"spread":-1.5},"bovada":{"odds":135,"spread":-1.5}},"4":{"fanduel":{"odds":-194,"spread":1.5},"williamhill_us":{"odds":158,"spread":-1.5},"draftkings":{"odds":158,"spread":-1.5},"betmgm":{"odds":155,"spread":-1.5},"bovada":{"odds":165,"spread":-1.5}},"5":{"fanduel":{"odds":146,"spread":-1.5},"williamhill_us":{"odds":150,"spread":-1.5},"draftkings":{"odds":148,"spread":-1.5},"betmgm":{"odds":150,"spread":-1.5},"bovada":{"odds":145,"spread":-1.5}},"6":{"fanduel":{"odds":-196,"spread":1.5},"williamhill_us":{"odds":-190,"spread":1.5},"draftkings":{"odds":-188,"spread":1.5},"betmgm":{"odds":-190,"spread":1.5},"bovada":{"odds":-195,"spread":1.5}},"7":{"fanduel":{"odds":126,"spread":-1.5},"williamhill_us":{"odds":122,"spread":-1.5},"draftkings":{"odds":123,"spread":-1.5},"betmgm":{"odds":125,"spread":-1.5},"bovada":{"odds":125,"spread":-1.5}},"8":{"fanduel":{"odds":128,"spread":-1.5},"williamhill_us":{"odds":130,"spread":-1.5},"draftkings":{"odds":130,"spread":-1.5},"betmgm":{"odds":125,"spread":-1.5},"bovada":{"odds":140,"spread":-1.5}},"9":{"fanduel":{"odds":-140,"spread":1.5},"williamhill_us":{"odds":-135,"spread":1.5},"draftkings":{"odds":-137,"spread":1.5},"betmgm":{"odds":-140,"spread":1.5},"bovada":{"odds":-135,"spread":1.5}},"10":{"fanduel":{"odds":-128,"spread":1.5},"williamhill_us":{"odds":-125,"spread":1.5},"draftkings":{"odds":-126,"spread":1.5},"betmgm":{"odds":-125,"spread":1.5},"bovada":{"odds":-125,"spread":1.5}},"11":{"fanduel":{"odds":-128,"spread":1.5},"williamhill_us":{"odds":-125,"spread":1.5},"draftkings":{"odds":-121,"spread":1.5},"betmgm":{"odds":-125,"spread":1.5},"bovada":{"odds":-120,"spread":1.5}},"12":{"fanduel":{"odds":-134,"spread":1.5},"williamhill_us":{"odds":-125,"spread":1.5},"draftkings":{"odds":-126,"spread":1.5},"betmgm":{"odds":-125,"spread":1.5},"bovada":{"odds":-125,"spread":1.5}},"13":{"fanduel":{"odds":-152,"spread":1.5},"williamhill_us":{"odds":-140,"spread":1.5},"draftkings":{"odds":-143,"spread":1.5},"betmgm":{"odds":-145,"spread":1.5},"bovada":{"odds":-140,"spread":1.5}},"14":{"fanduel":{"odds":-120,"spread":-1.5},"williamhill_us":{"odds":-115,"spread":-1.5},"draftkings":{"odds":-119,"spread":-1.5},"betmgm":{"odds":-120,"spread":-1.5},"bovada":{"odds":-120,"spread":-1.5}}},"books_away":{"0":{"fanduel":{"odds":-110,"spread":-1.5},"williamhill_us":{"odds":-105,"spread":-1.5},"draftkings":{"odds":-104,"spread":-1.5},"betmgm":{"odds":-105,"spread":-1.5},"bovada":{"odds":-105,"spread":-1.5}},"1":{"fanduel":{"odds":-152,"spread":1.5},"williamhill_us":{"odds":-145,"spread":1.5},"bovada":{"odds":-145,"spread":1.5},"draftkings":{"odds":-149,"spread":1.5}},"2":{"fanduel":{"odds":142,"spread":-1.5},"williamhill_us":{"odds":140,"spread":-1.5},"draftkings":{"odds":143,"spread":-1.5},"betmgm":{"odds":140,"spread":-1.5},"bovada":{"odds":150,"spread":-1.5}},"3":{"fanduel":{"odds":-164,"spread":1.5},"williamhill_us":{"odds":-160,"spread":1.5},"draftkings":{"odds":-162,"spread":1.5},"betmgm":{"odds":-165,"spread":1.5},"bovada":{"odds":-160,"spread":1.5}},"4":{"fanduel":{"odds":160,"spread":-1.5},"williamhill_us":{"odds":-190,"spread":1.5},"draftkings":{"odds":-193,"spread":1.5},"betmgm":{"odds":-190,"spread":1.5},"bovada":{"odds":-195,"spread":1.5}},"5":{"fanduel":{"odds":-178,"spread":1.5},"williamhill_us":{"odds":-178,"spread":1.5},"draftkings":{"odds":-179,"spread":1.5},"betmgm":{"odds":-185,"spread":1.5},"bovada":{"odds":-170,"spread":1.5}},"6":{"fanduel":{"odds":162,"spread":-1.5},"williamhill_us":{"odds":158,"spread":-1.5},"draftkings":{"odds":154,"spread":-1.5},"betmgm":{"odds":155,"spread":-1.5},"bovada":{"odds":165,"spread":-1.5}},"7":{"fanduel":{"odds":-152,"spread":1.5},"williamhill_us":{"odds":-145,"spread":1.5},"draftkings":{"odds":-149,"spread":1.5},"betmgm":{"odds":-150,"spread":1.5},"bovada":{"odds":-145,"spread":1.5}},"8":{"fanduel":{"odds":-154,"spread":1.5},"williamhill_us":{"odds":-155,"spread":1.5},"draftkings":{"odds":-157,"spread":1.5},"betmgm":{"odds":-155,"spread":1.5},"bovada":{"odds":-165,"spread":1.5}},"9":{"fanduel":{"odds":116,"spread":-1.5},"williamhill_us":{"odds":115,"spread":-1.5},"draftkings":{"odds":114,"spread":-1.5},"betmgm":{"odds":115,"spread":-1.5},"bovada":{"odds":115,"spread":-1.5}},"10":{"fanduel":{"odds":106,"spread":-1.5},"williamhill_us":{"odds":105,"spread":-1.5},"draftkings":{"odds":104,"spread":-1.5},"betmgm":{"odds":105,"spread":-1.5},"bovada":{"odds":105,"spread":-1.5}},"11":{"fanduel":{"odds":106,"spread":-1.5},"williamhill_us":{"odds":105,"spread":-1.5},"draftkings":{"odds":100,"spread":-1.5},"betmgm":{"odds":105,"spread":-1.5},"bovada":{"odds":100,"spread":-1.5}},"12":{"fanduel":{"odds":112,"spread":-1.5},"williamhill_us":{"odds":105,"spread":-1.5},"draftkings":{"odds":104,"spread":-1.5},"betmgm":{"odds":105,