{"game_id":{"0":"1a4159875887b1b0c4fe65b367df29a7","1":"4231e596c0ccb42a62c16bf46b6854a6","2":"eb2a21d7a425f6a975d1eae9da93e4c7","3":"aede5ca829ddcbc5ee6726a1c0a03117","4":"0b45fce085ac92932833ba131d0e395d","5":"371ff765cd40348073b510b2f45d81e9","6":"717163f13d80f9495ad5b88b9396ca1a","7":"65f2df473a540a92e7f974a290ed36fb"},"home_team":{"0":"Cleveland Guardians","1":"Pittsburgh Pirates","2":"Toronto Blue Jays","3":"Chicago White Sox","4":"Minnesota Twins","5":"Texas Rangers","6":"San Diego Padres","7":"Los Angeles Dodgers"},"away_team":{"0":"Tampa Bay Rays","1":"St. Louis Cardinals","2":"Boston Red Sox","3":"Los Angeles Angels","4":"Seattle Mariners","5":"New York Yankees","6":"Chicago Cubs","7":"Miami Marlins"},"home_spread":{"0":-1.5,"1":-1.5,"2":-1.5,"3":1.5,"4":1.5,"5":1.5,"6":-1.5,"7":-1.5},"away_spread":{"0":1.5,"1":1.5,"2":1.5,"3":-1.5,"4":-1.5,"5":-1.5,"6":-1.5,"7":1.5},"best_home_odds":{"0":158,"1":158,"2":158,"3":-156,"4":-140,"5":-110,"6":190,"7":-137},"best_away_odds":{"0":-180,"1":-180,"2":-180,"3":136,"4":125,"5":-108,"6":150,"7":120},"home_cover_nv_prob":{"0":0.3761418592,"1":0.3761418592,"2":0.3761418592,"3":0.5898487567,"4":0.5675675676,"5":0.5021949078,"6":0.462962963,"7":0.5598068351},"away_cover_nv_prob":{"0":0.6238581408,"1":0.6238581408,"2":0.6238581408,"3":0.4101512433,"4":0.4324324324,"5":0.4978050922,"6":0.537037037,"7":0.4401931649},"books_home":{"0":{"fanduel":{"odds":155,"spread":-1.5},"williamhill_us":{"odds":158,"spread":-1.5},"draftkings":{"odds":153,"spread":-1.5},"betmgm":{"odds":150,"spread":-1.5},"bovada":{"odds":155,"spread":-1.5}},"1":{"fanduel":{"odds":158,"spread":-1.5},"draftkings":{"odds":153,"spread":-1.5},"williamhill_us":{"odds":158,"spread":-1.5},"betmgm":{"odds":155,"spread":-1.5},"bovada":{"odds":155,"spread":-1.5}},"2":{"fanduel":{"odds":152,"spread":-1.5},"williamhill_us":{"odds":158,"spread":-1.5},"draftkings":{"odds":153,"spread":-1.5},"betmgm":{"odds":155,"spread":-1.5},"bovada":{"odds":155,"spread":-1.5}},"3":{"draftkings":{"odds":-156,"spread":1.5},"williamhill_us":{"odds":-160,"spread":1.5},"bovada":{"odds":-160,"spread":1.5},"fanduel":{"odds":-164,"spread":1.5},"betmgm":{"odds":-160,"spread":1.5}},"4":{"fanduel":{"odds":-140,"spread":1.5},"williamhill_us":{"odds":-140,"spread":1.5},"draftkings":{"odds":-143,"spread":1.5},"bovada":{"odds":-145,"spread":1.5}},"5":{"fanduel":{"odds":-111,"spread":1.5},"draftkings":{"odds":-110,"spread":1.5},"williamhill_us":{"odds":-110,"spread":1.5},"bovada":{"odds":-110,"spread":1.5},"betmgm":{"odds":-110,"spread":1.5}},"6":{"fanduel":{"odds":-172,"spread":1.5},"williamhill_us":{"odds":-178,"spread":1.5},"draftkings":{"odds":-181,"spread":1.5},"bovada":{"odds":190,"spread":-1.5},"betmgm":{"odds":-185,"spread":1.5}},"7":{"fanduel":{"odds":-137,"spread":-1.5},"draftkings":{"odds":-143,"spread":-1.5},"williamhill_us":{"odds":-140,"spread":-1.5},"betmgm":{"odds":-140,"spread":-1.5},"bovada":{"odds":-140,"spread":-1.5}}},"books_away":{"0":{"fanduel":{"odds":-188,"spread":1.5},"williamhill_us":{"odds":-190,"spread":1.5},"draftkings":{"odds":-186,"spread":1.5},"betmgm":{"odds":-185,"spread":1.5},"bovada":{"odds":-180,"spread":1.5}},"1":{"fanduel":{"odds":-192,"spread":1.5},"draftkings":{"odds":-186,"spread":1.5},"williamhill_us":{"odds":-190,"spread":1.5},"betmgm":{"odds":-190,"spread":1.5},"bovada":{"odds":-180,"spread":1.5}},"2":{"fanduel":{"odds":-184,"spread":1.5},"williamhill_us":{"odds":-190,"spread":1.5},"draftkings":{"odds":-186,"spread":1.5},"betmgm":{"odds":-190,"spread":1.5},"bovada":{"odds":-180,"spread":1.5}},"3":{"draftkings":{"odds":129,"spread":-1.5},"williamhill_us":{"odds":135,"spread":-1.5},"bovada":{"odds":135,"spread":-1.5},"fanduel":{"odds":136,"spread":-1.5},"betmgm":{"odds":135,"spread":-1.5}},"4":{"fanduel":{"odds":116,"spread":-1.5},"williamhill_us":{"odds":118,"spread":-1.5},"draftkings":{"odds":119,"spread":-1.5},"bovada":{"odds":125,"spread":-1.5}},"5":{"fanduel":{"odds":-108,"spread":-1.5},"draftkings":{"odds":-110,"spread":-1.5},"williamhill_us":{"odds":-110,"spread":-1.5},"bovada":{"odds":-110,"spread":-1.5},"betmgm":{"odds":-110,"spread":-1.5}},"6":{"fanduel":{"odds":142,"spread":-1.5},"williamhill_us":{"odds":150,"spread":-1.5},"draftkings":{"odds":149,"spread":-1.5},"bovada":{"odds":-230,"spread":1.5},"betmgm":{"odds":150,"spread":-1.5}},"7":{"fanduel":{"odds":114,"spread":1.5},"draftkings":{"odds":119,"spread":1.5},"williamhill_us":{"odds":118,"spread":1.5},"betmgm":{"odds":118,"spread":1.5},"bovada":{"odds":120,"spread":1.5}}}}