{"game_id":{"0":"21ff18fdfd96a55a86867197e834497e","1":"67da7d89e932aa7075b0600f26224572","2":"4546828df054a4ac1c7634c94b4c7012","3":"198e79fae18be9cb416f60f6da4d7996","4":"002b9c5446f97ad6146eb0b6da64db25","5":"70e80bbf99890d3a610a98c21f3a7419","6":"ca6c0da9264577ed9bb23ff05ee77801","7":"1ae3a00c8d26de69bd61ddda56e9dba1","8":"4d53bfb528444dbb7721172c9851e6c9","9":"18791fe8f5ff31b64bb2cff4f5af59a0","10":"15bc05498c54cf822aedf7434d3a8bc6","11":"4ea6eeeb6626c218d536f9bca6edbeae","12":"6ff5fdd2fde54dc43326a02792b3e79f","13":"d27ba1c4cb8a441ca047f3a9054aab48","14":"7018d88c446b88b45928fc75ec91e83c"},"home_team":{"0":"Baltimore Orioles","1":"Cleveland Guardians","2":"Cincinnati Reds","3":"Pittsburgh Pirates","4":"Boston Red Sox","5":"Toronto Blue Jays","6":"New York Mets","7":"Atlanta Braves","8":"Chicago White Sox","9":"Minnesota Twins","10":"Milwaukee Brewers","11":"Texas Rangers","12":"Houston Astros","13":"Athletics","14":"Los Angeles Dodgers"},"away_team":{"0":"New York Yankees","1":"Los Angeles Angels","2":"Washington Nationals","3":"Colorado Rockies","4":"Philadelphia Phillies","5":"Tampa Bay Rays","6":"Detroit Tigers","7":"Chicago Cubs","8":"Kansas City Royals","9":"Miami Marlins","10":"San Diego Padres","11":"Arizona Diamondbacks","12":"Seattle Mariners","13":"St. Louis Cardinals","14":"San Francisco Giants"},"home_spread":{"0":1.5,"1":-1.5,"2":-1.5,"3":-1.5,"4":-1.5,"5":-1.5,"6":-1.5,"7":1.5,"8":1.5,"9":1.5,"10":-1.5,"11":-1.5,"12":1.5,"13":-1.5,"14":-1.5},"away_spread":{"0":-1.5,"1":1.5,"2":1.5,"3":1.5,"4":1.5,"5":1.5,"6":-1.5,"7":-1.5,"8":-1.5,"9":-1.5,"10":1.5,"11":-1.5,"12":-1.5,"13":1.5,"14":1.5},"best_home_odds":{"0":-105,"1":145,"2":126,"3":116,"4":160,"5":140,"6":180,"7":-140,"8":-170,"9":-155,"10":158,"11":175,"12":-145,"13":135,"14":-108},"best_away_odds":{"0":105,"1":-165,"2":-140,"3":-130,"4":-178,"5":-154,"6":158,"7":120,"8":146,"9":136,"10":-176,"11":159,"12":130,"13":-154,"14":100},"home_cover_nv_prob":{"0":0.512195122,"1":0.3959656332,"2":0.4313443566,"3":0.4502740799,"4":0.3752699784,"5":0.4073123797,"6":0.4795539033,"7":0.5620437956,"8":0.6076721883,"9":0.5892396907,"10":0.3780407627,"11":0.4850187266,"12":0.5764909248,"13":0.4124046111,"14":0.5094339623},"away_cover_nv_prob":{"0":0.487804878,"1":0.6040343668,"2":0.5686556434,"3":0.5497259201,"4":0.6247300216,"5":0.5926876203,"6":0.5204460967,"7":0.4379562044,"8":0.3923278117,"9":0.4107603093,"10":0.6219592373,"11":0.5149812734,"12":0.4235090752,"13":0.5875953889,"14":0.4905660377},"books_home":{"0":{"fanduel":{"odds":-111,"spread":1.5},"betmgm":{"odds":-105,"spread":1.5},"draftkings":{"odds":-126,"spread":1.5},"bovada":{"odds":-110,"spread":1.5}},"1":{"fanduel":{"odds":138,"spread":-1.5},"williamhill_us":{"odds":143,"spread":-1.5},"draftkings":{"odds":141,"spread":-1.5},"betmgm":{"odds":145,"spread":-1.5},"bovada":{"odds":140,"spread":-1.5}},"2":{"fanduel":{"odds":126,"spread":-1.5},"williamhill_us":{"odds":122,"spread":-1.5},"draftkings":{"odds":123,"spread":-1.5},"betmgm":{"odds":118,"spread":-1.5},"bovada":{"odds":125,"spread":-1.5}},"3":{"fanduel":{"odds":116,"spread":-1.5},"williamhill_us":{"odds":115,"spread":-1.5},"draftkings":{"odds":113,"spread":-1.5},"betmgm":{"odds":110,"spread":-1.5},"bovada":{"odds":115,"spread":-1.5}},"4":{"fanduel":{"odds":146,"spread":-1.5},"williamhill_us":{"odds":150,"spread":-1.5},"draftkings":{"odds":149,"spread":-1.5},"betmgm":{"odds":150,"spread":-1.5},"bovada":{"odds":160,"spread":-1.5}},"5":{"fanduel":{"odds":128,"spread":-1.5},"williamhill_us":{"odds":135,"spread":-1.5},"draftkings":{"odds":135,"spread":-1.5},"betmgm":{"odds":135,"spread":-1.5},"bovada":{"odds":140,"spread":-1.5}},"6":{"fanduel":{"odds":-188,"spread":1.5},"williamhill_us":{"odds":-190,"spread":1.5},"betmgm":{"odds":-185,"spread":1.5},"bovada":{"odds":180,"spread":-1.5},"draftkings":{"odds":-181,"spread":1.5}},"7":{"fanduel":{"odds":-140,"spread":1.5},"williamhill_us":{"odds":-140,"spread":1.5},"draftkings":{"odds":-143,"spread":1.5},"bovada":{"odds":-140,"spread":1.5}},"8":{"fanduel":{"odds":-176,"spread":1.5},"williamhill_us":{"odds":-170,"spread":1.5},"draftkings":{"odds":-175,"spread":1.5},"betmgm":{"odds":-175,"spread":1.5},"bovada":{"odds":-170,"spread":1.5}},"9":{"fanduel":{"odds":-164,"spread":1.5},"williamhill_us":{"odds":-155,"spread":1.5},"draftkings":{"odds":-156,"spread":1.5},"bovada":{"odds":-160,"spread":1.5}},"10":{"fanduel":{"odds":146,"spread":-1.5},"williamhill_us":{"odds":158,"spread":-1.5},"draftkings":{"odds":153,"spread":-1.5},"betmgm":{"odds":155,"spread":-1.5},"bovada":{"odds":155,"spread":-1.5}},"11":{"fanduel":{"odds":164,"spread":-1.5},"williamhill_us":{"odds":158,"spread":-1.5},"draftkings":{"odds":-194,"spread":1.5},"betmgm":{"odds":165,"spread":-1.5},"bovada":{"odds":175,"spread":-1.5}},"12":{"fanduel":{"odds":-152,"spread":1.5},"williamhill_us":{"odds":-145,"spread":1.5},"draftkings":{"odds":-149,"spread":1.5},"betmgm":{"odds":-155,"spread":1.5},"bovada":{"odds":-150,"spread":1.5}},"13":{"fanduel":{"odds":128,"spread":-1.5},"williamhill_us":{"odds":130,"spread":-1.5},"draftkings":{"odds":129,"spread":-1.5},"betmgm":{"odds":130,"spread":-1.5},"bovada":{"odds":135,"spread":-1.5}},"14":{"fanduel":{"odds":-108,"spread":-1.5},"williamhill_us":{"odds":-120,"spread":-1.5},"draftkings":{"odds":-115,"spread":-1.5},"betmgm":{"odds":-115,"spread":-1.5},"bovada":{"odds":-110,"spread":-1.5}}},"books_away":{"0":{"fanduel":{"odds":-108,"spread":-1.5},"betmgm":{"odds":-115,"spread":-1.5},"draftkings":{"odds":105,"spread":-1.5},"bovada":{"odds":-110,"spread":-1.5}},"1":{"fanduel":{"odds":-166,"spread":1.5},"williamhill_us":{"odds":-170,"spread":1.5},"draftkings":{"odds":-171,"spread":1.5},"betmgm":{"odds":-175,"spread":1.5},"bovada":{"odds":-165,"spread":1.5}},"2":{"fanduel":{"odds":-150,"spread":1.5},"williamhill_us":{"odds":-145,"spread":1.5},"draftkings":{"odds":-149,"spread":1.5},"betmgm":{"odds":-140,"spread":1.5},"bovada":{"odds":-145,"spread":1.5}},"3":{"fanduel":{"odds":-140,"spread":1.5},"williamhill_us":{"odds":-135,"spread":1.5},"draftkings":{"odds":-136,"spread":1.5},"betmgm":{"odds":-130,"spread":1.5},"bovada":{"odds":-135,"spread":1.5}},"4":{"fanduel":{"odds":-178,"spread":1.5},"williamhill_us":{"odds":-178,"spread":1.5},"draftkings":{"odds":-181,"spread":1.5},"betmgm":{"odds":-185,"spread":1.5},"bovada":{"odds":-185,"spread":1.5}},"5":{"fanduel":{"odds":-154,"spread":1.5},"williamhill_us":{"odds":-160,"spread":1.5},"draftkings":{"odds":-163,"spread":1.5},"betmgm":{"odds":-160,"spread":1.5},"bovada":{"odds":-165,"spread":1.5}},"6":{"fanduel":{"odds":155,"spread":-1.5},"williamhill_us":{"odds":158,"spread":-1.5},"betmgm":{"odds":150,"spread":-1.5},"bovada":{"odds":-220,"spread":1.5},"draftkings":{"odds":149,"spread":-1.5}},"7":{"fanduel":{"odds":116,"spread":-1.5},"williamhill_us":{"odds":118,"spread":-1.5},"draftkings":{"odds":119,"spread":-1.5},"bovada":{"odds":120,"spread":-1.5}},"8":{"fanduel":{"odds":146,"spread":-1.5},"williamhill_us":{"odds":143,"spread":-1.5},"draftkings":{"odds":144,"spread":-1.5},"betmgm":{"odds":145,"spread":-1.5},"bovada":{"odds":145,"spread":-1.5}},"9":{"fanduel":{"odds":136,"spread":-1.5},"williamhill_us":{"odds":130,"spread":-1.5},"draftkings":{"odds":129,"spread":-1.5},"bovada":{"odds":135,"spread":-1.5}},"10":{"fanduel":{"odds":-176,"spread":1.5},"williamhill_us":{"odds":-190,"spread":1.5},"draftkings":{"odds":-186,"spread":1.5},"betmgm":{"odds":-190,"spread":1.5},"bovada":{"odds":-180,"spread":1.5}},"11":{"fanduel":{"odds":-200,"spread":1.5},"williamhill_us":{"odds":-190,"spread":1.5},"draftkings":{"odds":159,"spread":-1.5},"betmgm":{"odds":-200,"spread":1.5},"bovada":{"odds":-210,"spread":1.5}},"12":{"fanduel":{"odds":126,"spread":-1.5},"williamhill_us":{"odds":122,"spread":-1.5},"draftkings":{"odds":123,"spread":-1.5},"betmgm":{"odds":130,"spread":-1.5},"bovada":{"odds":130,"spread":-1.5}},"13":{"fanduel":{"odds":-154,"spread":1.5},"williamhill_us":{"odds":-155,"spread":1.5},"draftkings":{"odds":-156,