{"game_id":{"0":"8a5c809023ac02dbc083529560ee8723","1":"2104fc0f4d7adc96b751d4f8c716488b","2":"efa0af51f919239d99680943c9c381f1","3":"3cd955325a156c1972d7e1925a6ed38a","4":"adde69ed429a06ae4ecc9bd2fed0984b","5":"d6a18ca53a7a4bc724578be12562f52e","6":"312c8ae0a68b17cfe087b0cb699c91d6","7":"2858c7dd0f121c4fc015a186967f1917","8":"475aad858baf7596355b69a42c08671d","9":"53b2820ab963d7d15496c7dad7cf9d41","10":"2611e27228d544fecc9bd38fe032e568","11":"eb70ec93c7895787db43edd88fbc1d5e","12":"ab507c8b38a4c877ad9ecdb92226f4d1","13":"92ca4d6ea5ebab8f636d967c1efb0fbc","14":"af2ba278de4989977f4bea35a317ab65"},"home_team":{"0":"Chicago White Sox","1":"Baltimore Orioles","2":"Texas Rangers","3":"Pittsburgh Pirates","4":"Washington Nationals","5":"Cleveland Guardians","6":"Houston Astros","7":"Tampa Bay Rays","8":"New York Mets","9":"Cincinnati Reds","10":"St. Louis Cardinals","11":"Colorado Rockies","12":"Athletics","13":"Seattle Mariners","14":"Los Angeles Dodgers"},"away_team":{"0":"Detroit Tigers","1":"Toronto Blue Jays","2":"Kansas City Royals","3":"Minnesota Twins","4":"San Diego Padres","5":"Boston Red Sox","6":"Milwaukee Brewers","7":"Los Angeles Angels","8":"Miami Marlins","9":"Atlanta Braves","10":"Chicago Cubs","11":"San Francisco Giants","12":"New York Yankees","13":"Arizona Diamondbacks","14":"Philadelphia Phillies"},"home_spread":{"0":1.5,"1":1.5,"2":-1.5,"3":-1.5,"4":1.5,"5":-1.5,"6":1.5,"7":-1.5,"8":-1.5,"9":1.5,"10":1.5,"11":1.5,"12":1.5,"13":-1.5,"14":-1.5},"away_spread":{"0":-1.5,"1":-1.5,"2":-1.5,"3":1.5,"4":-1.5,"5":1.5,"6":-1.5,"7":1.5,"8":1.5,"9":-1.5,"10":-1.5,"11":-1.5,"12":-1.5,"13":1.5,"14":1.5},"best_home_odds":{"0":-160,"1":-160,"2":175,"3":150,"4":-160,"5":175,"6":-170,"7":146,"8":168,"9":-125,"10":-140,"11":-145,"12":-120,"13":146,"14":168},"best_away_odds":{"0":143,"1":146,"2":180,"3":-170,"4":135,"5":-201,"6":152,"7":-160,"8":-190,"9":115,"10":125,"11":123,"12":105,"13":-170,"14":-195},"home_cover_nv_prob":{"0":0.5992601726,"1":0.6022031824,"2":0.5045045045,"3":0.3884892086,"4":0.5911949686,"5":0.3525622255,"6":0.6134020619,"7":0.3977968176,"8":0.3628628629,"9":0.5443037975,"10":0.5675675676,"11":0.5689275974,"12":0.5278969957,"13":0.3923278117,"14":0.3608121331},"away_cover_nv_prob":{"0":0.4007398274,"1":0.3977968176,"2":0.4954954955,"3":0.6115107914,"4":0.4088050314,"5":0.6474377745,"6":0.3865979381,"7":0.6022031824,"8":0.6371371371,"9":0.4556962025,"10":0.4324324324,"11":0.4310724026,"12":0.4721030043,"13":0.6076721883,"14":0.6391878669},"books_home":{"0":{"fanduel":{"odds":-164,"spread":1.5},"williamhill_us":{"odds":-170,"spread":1.5},"draftkings":{"odds":-171,"spread":1.5},"betmgm":{"odds":-170,"spread":1.5},"bovada":{"odds":-160,"spread":1.5}},"1":{"fanduel":{"odds":-178,"spread":1.5},"williamhill_us":{"odds":-160,"spread":1.5},"draftkings":{"odds":-167,"spread":1.5},"betmgm":{"odds":-165,"spread":1.5},"bovada":{"odds":-160,"spread":1.5}},"2":{"fanduel":{"odds":-220,"spread":1.5},"williamhill_us":{"odds":175,"spread":-1.5},"draftkings":{"odds":-192,"spread":1.5},"betmgm":{"odds":170,"spread":-1.5},"bovada":{"odds":175,"spread":-1.5}},"3":{"fanduel":{"odds":146,"spread":-1.5},"williamhill_us":{"odds":143,"spread":-1.5},"draftkings":{"odds":144,"spread":-1.5},"bovada":{"odds":150,"spread":-1.5}},"4":{"fanduel":{"odds":-162,"spread":1.5},"williamhill_us":{"odds":-160,"spread":1.5},"bovada":{"odds":-160,"spread":1.5},"betmgm":{"odds":-165,"spread":1.5},"draftkings":{"odds":-162,"spread":1.5}},"5":{"fanduel":{"odds":168,"spread":-1.5},"williamhill_us":{"odds":170,"spread":-1.5},"draftkings":{"odds":165,"spread":-1.5},"betmgm":{"odds":170,"spread":-1.5},"bovada":{"odds":175,"spread":-1.5}},"6":{"fanduel":{"odds":-184,"spread":1.5},"williamhill_us":{"odds":-170,"spread":1.5},"draftkings":{"odds":-175,"spread":1.5},"betmgm":{"odds":-175,"spread":1.5},"bovada":{"odds":-175,"spread":1.5}},"7":{"fanduel":{"odds":146,"spread":-1.5},"williamhill_us":{"odds":140,"spread":-1.5},"draftkings":{"odds":136,"spread":-1.5},"betmgm":{"odds":135,"spread":-1.5},"bovada":{"odds":135,"spread":-1.5}},"8":{"fanduel":{"odds":168,"spread":-1.5},"williamhill_us":{"odds":158,"spread":-1.5},"draftkings":{"odds":158,"spread":-1.5},"betmgm":{"odds":155,"spread":-1.5},"bovada":{"odds":165,"spread":-1.5}},"9":{"fanduel":{"odds":-138,"spread":1.5},"williamhill_us":{"odds":-135,"spread":1.5},"draftkings":{"odds":-136,"spread":1.5},"betmgm":{"odds":-140,"spread":1.5},"bovada":{"odds":-125,"spread":1.5}},"10":{"fanduel":{"odds":-150,"spread":1.5},"williamhill_us":{"odds":-140,"spread":1.5},"draftkings":{"odds":-143,"spread":1.5},"betmgm":{"odds":-145,"spread":1.5},"bovada":{"odds":-140,"spread":1.5}},"11":{"fanduel":{"odds":-146,"spread":1.5},"williamhill_us":{"odds":-145,"spread":1.5},"draftkings":{"odds":-148,"spread":1.5},"betmgm":{"odds":-145,"spread":1.5}},"12":{"fanduel":{"odds":-126,"spread":1.5},"williamhill_us":{"odds":-125,"spread":1.5},"draftkings":{"odds":-126,"spread":1.5},"betmgm":{"odds":-125,"spread":1.5},"bovada":{"odds":-120,"spread":1.5}},"13":{"fanduel":{"odds":146,"spread":-1.5},"williamhill_us":{"odds":143,"spread":-1.5},"draftkings":{"odds":141,"spread":-1.5},"betmgm":{"odds":145,"spread":-1.5},"bovada":{"odds":145,"spread":-1.5}},"14":{"fanduel":{"odds":168,"spread":-1.5},"williamhill_us":{"odds":162,"spread":-1.5},"draftkings":{"odds":163,"spread":-1.5},"betmgm":{"odds":165,"spread":-1.5}}},"books_away":{"0":{"fanduel":{"odds":136,"spread":-1.5},"williamhill_us":{"odds":143,"spread":-1.5},"draftkings":{"odds":141,"spread":-1.5},"betmgm":{"odds":140,"spread":-1.5},"bovada":{"odds":135,"spread":-1.5}},"1":{"fanduel":{"odds":146,"spread":-1.5},"williamhill_us":{"odds":135,"spread":-1.5},"draftkings":{"odds":138,"spread":-1.5},"betmgm":{"odds":135,"spread":-1.5},"bovada":{"odds":135,"spread":-1.5}},"2":{"fanduel":{"odds":180,"spread":-1.5},"williamhill_us":{"odds":-210,"spread":1.5},"draftkings":{"odds":157,"spread":-1.5},"betmgm":{"odds":-225,"spread":1.5},"bovada":{"odds":-210,"spread":1.5}},"3":{"fanduel":{"odds":-178,"spread":1.5},"williamhill_us":{"odds":-170,"spread":1.5},"draftkings":{"odds":-175,"spread":1.5},"bovada":{"odds":-175,"spread":1.5}},"4":{"fanduel":{"odds":134,"spread":-1.5},"williamhill_us":{"odds":135,"spread":-1.5},"bovada":{"odds":135,"spread":-1.5},"betmgm":{"odds":135,"spread":-1.5},"draftkings":{"odds":134,"spread":-1.5}},"5":{"fanduel":{"odds":-205,"spread":1.5},"williamhill_us":{"odds":-205,"spread":1.5},"draftkings":{"odds":-201,"spread":1.5},"betmgm":{"odds":-210,"spread":1.5},"bovada":{"odds":-210,"spread":1.5}},"6":{"fanduel":{"odds":152,"spread":-1.5},"williamhill_us":{"odds":143,"spread":-1.5},"draftkings":{"odds":144,"spread":-1.5},"betmgm":{"odds":145,"spread":-1.5},"bovada":{"odds":150,"spread":-1.5}},"7":{"fanduel":{"odds":-178,"spread":1.5},"williamhill_us":{"odds":-165,"spread":1.5},"draftkings":{"odds":-164,"spread":1.5},"betmgm":{"odds":-165,"spread":1.5},"bovada":{"odds":-160,"spread":1.5}},"8":{"fanduel":{"odds":-205,"spread":1.5},"williamhill_us":{"odds":-190,"spread":1.5},"draftkings":{"odds":-193,"spread":1.5},"betmgm":{"odds":-190,"spread":1.5},"bovada":{"odds":-195,"spread":1.5}},"9":{"fanduel":{"odds":115,"spread":-1.5},"williamhill_us":{"odds":115,"spread":-1.5},"draftkings":{"odds":113,"spread":-1.5},"betmgm":{"odds":115,"spread":-1.5},"bovada":{"odds":105,"spread":-1.5}},"10":{"fanduel":{"odds":125,"spread":-1.5},"williamhill_us":{"odds":118,"spread":-1.5},"draftkings":{"odds":119,"spread":-1.5},"betmgm":{"odds":120,"spread":-1.5},"bovada":{"odds":120,"spread":-1.5}},"11":{"fanduel":{"odds":122,"spread":-1.5},"williamhill_us":{"odds":122,"spread":-1.5},"draftkings":{"odds":123,"spread":-1.5},"betmgm":{"odds":120,"spread":-1.5}},"12":{"fanduel":{"odds":105,"spread":-1.5},"williamhill_us":{"odds":105,"spread":-1.5},"draftkings":{"odds":104,"spread":-1.5},"betmgm":{"odds":105,"spread":-1.5},"bovada":{"odds":100,"spread":-1.5}},"13":{"fanduel":{"odds":-178,"spread":1.5},