{"game_id":{"0":"6493d60c5df2964d50009d111534865e","1":"b03e189e275017dfd8549bdf781bd2cc","2":"1f144a9853388d9cfff4f46b16fb544f","3":"74a9d15be6f7e75b97c7d220010253bd","4":"6dcbe8dd9b8e932306789135de65db46","5":"d4ba9e7cff72c10fef86a3d3e71b80cd","6":"6f91332c1c3d9d7efc30b8b5e5596da8","7":"6bd1412ad6a83bd72dfccfd3b52aba6b","8":"af718a14d01fafa34e924ea752814134","9":"e5eb0d0e2884807a04a7a39cb730639d","10":"2dcef2b58c37ee8ffd48e1d662c5ebda","11":"f7efadc6e4a428969fb12a38b1f5c343","12":"3f6bd3e4a5b58ebe56c5f3bd89470591","13":"0c4f44574b86346807453d2bfde5280e","14":"74b391c5a12588e6bdf6f98be072b920"},"home_team":{"0":"Miami Marlins","1":"New York Mets","2":"Chicago White Sox","3":"Colorado Rockies","4":"Los Angeles Angels","5":"Detroit Tigers","6":"Tampa Bay Rays","7":"Pittsburgh Pirates","8":"Washington Nationals","9":"Toronto Blue Jays","10":"Cincinnati Reds","11":"Minnesota Twins","12":"St. Louis Cardinals","13":"San Diego Padres","14":"San Francisco Giants"},"away_team":{"0":"Texas Rangers","1":"Chicago Cubs","2":"Cleveland Guardians","3":"Boston Red Sox","4":"Baltimore Orioles","5":"New York Yankees","6":"Kansas City Royals","7":"Seattle Mariners","8":"Philadelphia Phillies","9":"Houston Astros","10":"Milwaukee Brewers","11":"Los Angeles Dodgers","12":"Arizona Diamondbacks","13":"Atlanta Braves","14":"Athletics"},"home_spread":{"0":1.5,"1":1.5,"2":1.5,"3":1.5,"4":-1.5,"5":-1.5,"6":-1.5,"7":-1.5,"8":1.5,"9":-1.5,"10":1.5,"11":1.5,"12":-1.5,"13":1.5,"14":1.5},"away_spread":{"0":-1.5,"1":-1.5,"2":-1.5,"3":-1.5,"4":-1.5,"5":1.5,"6":1.5,"7":-1.5,"8":-1.5,"9":1.5,"10":-1.5,"11":-1.5,"12":-1.5,"13":-1.5,"14":-1.5},"best_home_odds":{"0":-164,"1":-140,"2":-160,"3":-105,"4":160,"5":150,"6":150,"7":180,"8":-140,"9":136,"10":-130,"11":-114,"12":170,"13":-149,"14":-155},"best_away_odds":{"0":150,"1":136,"2":146,"3":-105,"4":160,"5":-175,"6":-170,"7":168,"8":120,"9":-155,"10":114,"11":-102,"12":158,"13":130,"14":138},"home_cover_nv_prob":{"0":0.6083086053,"1":0.5792426367,"2":0.6022031824,"3":0.5,"4":0.5,"5":0.3859649123,"6":0.3884892086,"7":0.4890510949,"8":0.5620437956,"9":0.4107603093,"10":0.5474222747,"11":0.513376137,"12":0.4886363636,"13":0.5791786378,"14":0.591280654},"away_cover_nv_prob":{"0":0.3916913947,"1":0.4207573633,"2":0.3977968176,"3":0.5,"4":0.5,"5":0.6140350877,"6":0.6115107914,"7":0.5109489051,"8":0.4379562044,"9":0.5892396907,"10":0.4525777253,"11":0.486623863,"12":0.5113636364,"13":0.4208213622,"14":0.408719346},"books_home":{"0":{"fanduel":{"odds":-164,"spread":1.5},"williamhill_us":{"odds":-165,"spread":1.5},"draftkings":{"odds":-168,"spread":1.5},"betmgm":{"odds":-165,"spread":1.5},"bovada":{"odds":-175,"spread":1.5}},"1":{"fanduel":{"odds":-164,"spread":1.5},"bovada":{"odds":-140,"spread":1.5},"draftkings":{"odds":-143,"spread":1.5}},"2":{"fanduel":{"odds":-176,"spread":1.5},"draftkings":{"odds":-170,"spread":1.5},"williamhill_us":{"odds":-160,"spread":1.5},"betmgm":{"odds":-170,"spread":1.5},"bovada":{"odds":-170,"spread":1.5}},"3":{"fanduel":{"odds":-114,"spread":1.5},"draftkings":{"odds":-105,"spread":1.5},"williamhill_us":{"odds":-105,"spread":1.5},"betmgm":{"odds":-105,"spread":1.5},"bovada":{"odds":-105,"spread":1.5}},"4":{"fanduel":{"odds":-194,"spread":1.5},"williamhill_us":{"odds":158,"spread":-1.5},"draftkings":{"odds":158,"spread":-1.5},"betmgm":{"odds":155,"spread":-1.5},"bovada":{"odds":160,"spread":-1.5}},"5":{"fanduel":{"odds":146,"spread":-1.5},"draftkings":{"odds":149,"spread":-1.5},"williamhill_us":{"odds":150,"spread":-1.5},"betmgm":{"odds":150,"spread":-1.5},"bovada":{"odds":150,"spread":-1.5}},"6":{"fanduel":{"odds":146,"spread":-1.5},"draftkings":{"odds":141,"spread":-1.5},"williamhill_us":{"odds":143,"spread":-1.5},"betmgm":{"odds":140,"spread":-1.5},"bovada":{"odds":150,"spread":-1.5}},"7":{"fanduel":{"odds":-205,"spread":1.5},"draftkings":{"odds":-204,"spread":1.5},"williamhill_us":{"odds":175,"spread":-1.5},"betmgm":{"odds":165,"spread":-1.5},"bovada":{"odds":180,"spread":-1.5}},"8":{"fanduel":{"odds":-144,"spread":1.5},"draftkings":{"odds":-144,"spread":1.5},"williamhill_us":{"odds":-140,"spread":1.5},"betmgm":{"odds":-145,"spread":1.5},"bovada":{"odds":-140,"spread":1.5}},"9":{"fanduel":{"odds":136,"spread":-1.5},"draftkings":{"odds":131,"spread":-1.5},"williamhill_us":{"odds":135,"spread":-1.5},"betmgm":{"odds":125,"spread":-1.5},"bovada":{"odds":135,"spread":-1.5}},"10":{"fanduel":{"odds":-137,"spread":1.5},"draftkings":{"odds":-132,"spread":1.5},"williamhill_us":{"odds":-130,"spread":1.5},"betmgm":{"odds":-135,"spread":1.5},"bovada":{"odds":-130,"spread":1.5}},"11":{"fanduel":{"odds":-118,"spread":1.5},"williamhill_us":{"odds":-115,"spread":1.5},"draftkings":{"odds":-114,"spread":1.5},"bovada":{"odds":-115,"spread":1.5}},"12":{"fanduel":{"odds":-192,"spread":1.5},"williamhill_us":{"odds":170,"spread":-1.5},"draftkings":{"odds":-193,"spread":1.5},"betmgm":{"odds":-190,"spread":1.5},"bovada":{"odds":170,"spread":-1.5}},"13":{"fanduel":{"odds":-154,"spread":1.5},"draftkings":{"odds":-149,"spread":1.5},"williamhill_us":{"odds":-155,"spread":1.5},"betmgm":{"odds":-155,"spread":1.5},"bovada":{"odds":-150,"spread":1.5}},"14":{"fanduel":{"odds":-166,"spread":1.5},"draftkings":{"odds":-156,"spread":1.5},"williamhill_us":{"odds":-155,"spread":1.5},"betmgm":{"odds":-155,"spread":1.5},"bovada":{"odds":-160,"spread":1.5}}},"books_away":{"0":{"fanduel":{"odds":136,"spread":-1.5},"williamhill_us":{"odds":140,"spread":-1.5},"draftkings":{"odds":139,"spread":-1.5},"betmgm":{"odds":135,"spread":-1.5},"bovada":{"odds":150,"spread":-1.5}},"1":{"fanduel":{"odds":136,"spread":-1.5},"bovada":{"odds":120,"spread":-1.5},"draftkings":{"odds":119,"spread":-1.5}},"2":{"fanduel":{"odds":146,"spread":-1.5},"draftkings":{"odds":140,"spread":-1.5},"williamhill_us":{"odds":135,"spread":-1.5},"betmgm":{"odds":140,"spread":-1.5},"bovada":{"odds":145,"spread":-1.5}},"3":{"fanduel":{"odds":-105,"spread":-1.5},"draftkings":{"odds":-114,"spread":-1.5},"williamhill_us":{"odds":-115,"spread":-1.5},"betmgm":{"odds":-115,"spread":-1.5},"bovada":{"odds":-115,"spread":-1.5}},"4":{"fanduel":{"odds":160,"spread":-1.5},"williamhill_us":{"odds":-190,"spread":1.5},"draftkings":{"odds":-193,"spread":1.5},"betmgm":{"odds":-190,"spread":1.5},"bovada":{"odds":-185,"spread":1.5}},"5":{"fanduel":{"odds":-176,"spread":1.5},"draftkings":{"odds":-181,"spread":1.5},"williamhill_us":{"odds":-178,"spread":1.5},"betmgm":{"odds":-185,"spread":1.5},"bovada":{"odds":-175,"spread":1.5}},"6":{"fanduel":{"odds":-176,"spread":1.5},"draftkings":{"odds":-171,"spread":1.5},"williamhill_us":{"odds":-170,"spread":1.5},"betmgm":{"odds":-170,"spread":1.5},"bovada":{"odds":-175,"spread":1.5}},"7":{"fanduel":{"odds":168,"spread":-1.5},"draftkings":{"odds":167,"spread":-1.5},"williamhill_us":{"odds":-210,"spread":1.5},"betmgm":{"odds":-220,"spread":1.5},"bovada":{"odds":-220,"spread":1.5}},"8":{"fanduel":{"odds":120,"spread":-1.5},"draftkings":{"odds":119,"spread":-1.5},"williamhill_us":{"odds":118,"spread":-1.5},"betmgm":{"odds":118,"spread":-1.5},"bovada":{"odds":120,"spread":-1.5}},"9":{"fanduel":{"odds":-164,"spread":1.5},"draftkings":{"odds":-158,"spread":1.5},"williamhill_us":{"odds":-160,"spread":1.5},"betmgm":{"odds":-155,"spread":1.5},"bovada":{"odds":-160,"spread":1.5}},"10":{"fanduel":{"odds":114,"spread":-1.5},"draftkings":{"odds":109,"spread":-1.5},"williamhill_us":{"odds":110,"spread":-1.5},"betmgm":{"odds":110,"spread":-1.5},"bovada":{"odds":110,"spread":-1.5}},"11":{"fanduel":{"odds":-102,"spread":-1.5},"williamhill_us":{"odds":-105,"spread":-1.5},"draftkings":{"odds":-105,"spread":-1.5},"bovada":{"odds":-105,"spread":-1.5}},"12":{"fanduel":{"odds":158,"spread":-1.5},"williamhill_us":{"odds":-205,"spread":1.5},"draftkings":{"odds":158,"spread":-1.5},"betmgm":{"odds":155,"spread":-1.5},"bovada":{"odds":-200,"spread":1.5}},"13":{"fanduel":{"odds":128,"spread":-1.5},"draftkings":{"odds":124,"spread":-1.5},"williamhill_us":{"odds":130,"spread":-1.5},"betmgm":{"odds":125,