{"game_id":{"0":"8b80dbee1665ae5e68b02b12836273c5","1":"5e73a3b37ba9f2d7f8672112ad0b5d3a","2":"1d419a4245a0f02f79282579190123f2","3":"71e440d0877946408af692d321e7972b","4":"d414dc60c44b7705cece8354be2575d1","5":"bb14f988c4cc921c1b5286bf757183f6","6":"8d35e402aab765eeda746ea98f694dc6","7":"613fbf2d89b0e9cffb2d70ebdbe1f178","8":"203ad61a573433f885122e8811cd8350","9":"8cd9a8c51a76ba56fe6f4a174a01a9ee","10":"188966d9ba86d03383806bac10bc777c","11":"e8edd4604077b2fc638f1b2e3db08545","12":"1b110a61227c86ab2f069fb32d6720af","13":"cdafb9b5d32150ff1e65098271c992b2","14":"aa331215453a8e2dcfbcdcaa7cacecbe"},"home_team":{"0":"Cincinnati Reds","1":"Chicago Cubs","2":"Toronto Blue Jays","3":"Baltimore Orioles","4":"San Francisco Giants","5":"Philadelphia Phillies","6":"Atlanta Braves","7":"Boston Red Sox","8":"Kansas City Royals","9":"Miami Marlins","10":"Cincinnati Reds","11":"Milwaukee Brewers","12":"San Diego Padres","13":"Los Angeles Angels","14":"Arizona Diamondbacks"},"away_team":{"0":"St. Louis Cardinals","1":"Houston Astros","2":"Pittsburgh Pirates","3":"Detroit Tigers","4":"Chicago White Sox","5":"Cleveland Guardians","6":"Washington Nationals","7":"Minnesota Twins","8":"Seattle Mariners","9":"New York Mets","10":"St. Louis Cardinals","11":"Los Angeles Dodgers","12":"Athletics","13":"Texas Rangers","14":"Colorado Rockies"},"home_spread":{"0":1.5,"1":-1.5,"2":1.5,"3":-1.5,"4":-1.5,"5":-1.5,"6":-1.5,"7":-1.5,"8":1.5,"9":-1.5,"10":-1.5,"11":1.5,"12":1.5,"13":1.5,"14":-1.5},"away_spread":{"0":-1.5,"1":1.5,"2":-1.5,"3":-1.5,"4":-1.5,"5":1.5,"6":1.5,"7":-1.5,"8":-1.5,"9":-1.5,"10":-1.5,"11":-1.5,"12":-1.5,"13":-1.5,"14":1.5},"best_home_odds":{"0":-160,"1":146,"2":-134,"3":175,"4":168,"5":120,"6":110,"7":180,"8":-140,"9":180,"10":175,"11":-160,"12":-178,"13":-140,"14":115},"best_away_odds":{"0":146,"1":-165,"2":118,"3":170,"4":158,"5":-135,"6":-126,"7":164,"8":122,"9":165,"10":146,"11":135,"12":155,"13":128,"14":-135},"home_cover_nv_prob":{"0":0.6022031824,"1":0.3949918021,"2":0.5552345473,"3":0.495412844,"4":0.4904942966,"5":0.4417293233,"6":0.4606604158,"7":0.4852941176,"8":0.5642701525,"9":0.4862385321,"10":0.472168906,"11":0.5911949686,"12":0.6201666894,"13":0.5708154506,"14":0.4474059971},"away_cover_nv_prob":{"0":0.3977968176,"1":0.6050081979,"2":0.4447654527,"3":0.504587156,"4":0.5095057034,"5":0.5582706767,"6":0.5393395842,"7":0.5147058824,"8":0.4357298475,"9":0.5137614679,"10":0.527831094,"11":0.4088050314,"12":0.3798333106,"13":0.4291845494,"14":0.5525940029},"books_home":{"0":{"fanduel":{"odds":-178,"spread":1.5},"williamhill_us":{"odds":-160,"spread":1.5},"betmgm":{"odds":-170,"spread":1.5},"draftkings":{"odds":-168,"spread":1.5}},"1":{"fanduel":{"odds":146,"spread":-1.5},"draftkings":{"odds":141,"spread":-1.5},"williamhill_us":{"odds":143,"spread":-1.5},"betmgm":{"odds":140,"spread":-1.5},"bovada":{"odds":140,"spread":-1.5}},"2":{"fanduel":{"odds":-134,"spread":1.5},"williamhill_us":{"odds":-135,"spread":1.5},"betmgm":{"odds":-140,"spread":1.5},"draftkings":{"odds":-142,"spread":1.5},"bovada":{"odds":-135,"spread":1.5}},"3":{"fanduel":{"odds":-192,"spread":1.5},"draftkings":{"odds":-192,"spread":1.5},"williamhill_us":{"odds":175,"spread":-1.5},"betmgm":{"odds":-210,"spread":1.5},"bovada":{"odds":175,"spread":-1.5}},"4":{"fanduel":{"odds":168,"spread":-1.5},"draftkings":{"odds":-192,"spread":1.5},"williamhill_us":{"odds":162,"spread":-1.5},"betmgm":{"odds":160,"spread":-1.5},"bovada":{"odds":165,"spread":-1.5}},"5":{"fanduel":{"odds":114,"spread":-1.5},"draftkings":{"odds":114,"spread":-1.5},"williamhill_us":{"odds":115,"spread":-1.5},"betmgm":{"odds":115,"spread":-1.5},"bovada":{"odds":120,"spread":-1.5}},"6":{"fanduel":{"odds":105,"spread":-1.5},"draftkings":{"odds":108,"spread":-1.5},"williamhill_us":{"odds":110,"spread":-1.5},"betmgm":{"odds":110,"spread":-1.5},"bovada":{"odds":110,"spread":-1.5}},"7":{"fanduel":{"odds":-200,"spread":1.5},"williamhill_us":{"odds":170,"spread":-1.5},"draftkings":{"odds":-197,"spread":1.5},"bovada":{"odds":180,"spread":-1.5}},"8":{"fanduel":{"odds":-146,"spread":1.5},"draftkings":{"odds":-143,"spread":1.5},"williamhill_us":{"odds":-140,"spread":1.5},"betmgm":{"odds":-145,"spread":1.5},"bovada":{"odds":-140,"spread":1.5}},"9":{"fanduel":{"odds":-200,"spread":1.5},"draftkings":{"odds":-183,"spread":1.5},"williamhill_us":{"odds":175,"spread":-1.5},"betmgm":{"odds":-200,"spread":1.5},"bovada":{"odds":180,"spread":-1.5}},"10":{"fanduel":{"odds":-176,"spread":1.5},"draftkings":{"odds":-167,"spread":1.5},"williamhill_us":{"odds":175,"spread":-1.5},"betmgm":{"odds":-180,"spread":1.5}},"11":{"fanduel":{"odds":-162,"spread":1.5},"draftkings":{"odds":-161,"spread":1.5},"williamhill_us":{"odds":-160,"spread":1.5},"betmgm":{"odds":-165,"spread":1.5},"bovada":{"odds":-160,"spread":1.5}},"12":{"fanduel":{"odds":-184,"spread":1.5},"draftkings":{"odds":-182,"spread":1.5},"williamhill_us":{"odds":-178,"spread":1.5},"betmgm":{"odds":-185,"spread":1.5},"bovada":{"odds":-180,"spread":1.5}},"13":{"fanduel":{"odds":-154,"spread":1.5},"draftkings":{"odds":-149,"spread":1.5},"williamhill_us":{"odds":-145,"spread":1.5},"betmgm":{"odds":-155,"spread":1.5},"bovada":{"odds":-140,"spread":1.5}},"14":{"fanduel":{"odds":115,"spread":-1.5},"williamhill_us":{"odds":115,"spread":-1.5},"draftkings":{"odds":114,"spread":-1.5},"betmgm":{"odds":115,"spread":-1.5},"bovada":{"odds":115,"spread":-1.5}}},"books_away":{"0":{"fanduel":{"odds":146,"spread":-1.5},"williamhill_us":{"odds":135,"spread":-1.5},"betmgm":{"odds":140,"spread":-1.5},"draftkings":{"odds":139,"spread":-1.5}},"1":{"fanduel":{"odds":-178,"spread":1.5},"draftkings":{"odds":-171,"spread":1.5},"williamhill_us":{"odds":-170,"spread":1.5},"betmgm":{"odds":-170,"spread":1.5},"bovada":{"odds":-165,"spread":1.5}},"2":{"fanduel":{"odds":112,"spread":-1.5},"williamhill_us":{"odds":115,"spread":-1.5},"betmgm":{"odds":115,"spread":-1.5},"draftkings":{"odds":118,"spread":-1.5},"bovada":{"odds":115,"spread":-1.5}},"3":{"fanduel":{"odds":158,"spread":-1.5},"draftkings":{"odds":158,"spread":-1.5},"williamhill_us":{"odds":-210,"spread":1.5},"betmgm":{"odds":170,"spread":-1.5},"bovada":{"odds":-210,"spread":1.5}},"4":{"fanduel":{"odds":-205,"spread":1.5},"draftkings":{"odds":158,"spread":-1.5},"williamhill_us":{"odds":-195,"spread":1.5},"betmgm":{"odds":-210,"spread":1.5},"bovada":{"odds":-195,"spread":1.5}},"5":{"fanduel":{"odds":-137,"spread":1.5},"draftkings":{"odds":-137,"spread":1.5},"williamhill_us":{"odds":-135,"spread":1.5},"betmgm":{"odds":-140,"spread":1.5},"bovada":{"odds":-140,"spread":1.5}},"6":{"fanduel":{"odds":-126,"spread":1.5},"draftkings":{"odds":-130,"spread":1.5},"williamhill_us":{"odds":-130,"spread":1.5},"betmgm":{"odds":-135,"spread":1.5},"bovada":{"odds":-130,"spread":1.5}},"7":{"fanduel":{"odds":164,"spread":-1.5},"williamhill_us":{"odds":-205,"spread":1.5},"draftkings":{"odds":162,"spread":-1.5},"bovada":{"odds":-220,"spread":1.5}},"8":{"fanduel":{"odds":122,"spread":-1.5},"draftkings":{"odds":119,"spread":-1.5},"williamhill_us":{"odds":118,"spread":-1.5},"betmgm":{"odds":118,"spread":-1.5},"bovada":{"odds":120,"spread":-1.5}},"9":{"fanduel":{"odds":164,"spread":-1.5},"draftkings":{"odds":151,"spread":-1.5},"williamhill_us":{"odds":-210,"spread":1.5},"betmgm":{"odds":165,"spread":-1.5},"bovada":{"odds":-220,"spread":1.5}},"10":{"fanduel":{"odds":146,"spread":-1.5},"draftkings":{"odds":138,"spread":-1.5},"williamhill_us":{"odds":-210,"spread":1.5},"betmgm":{"odds":145,"spread":-1.5}},"11":{"fanduel":{"odds":134,"spread":-1.5},"draftkings":{"odds":133,"spread":-1.5},"williamhill_us":{"odds":135,"spread":-1.5},"betmgm":{"odds":135,"spread":-1.5},"bovada":{"odds":135,"spread":-1.5}},"12":{"fanduel":{"odds":152,"spread":-1.5},"draftkings":{"odds":150,"spread":-1.5},"williamhill_us":{"odds":150,"spread":-1.5},"betmgm":{"odds":150,"spread":-1.5},"bovada":{"odds":155,"spread":-1.5}},"13":{"fanduel":{"odds":128,"spread":-1.5},"draftkings":{"odds":124,"spread":-1.5},