{"game_id":{"0":"7446dc66dc13eb736b1b6a5a61b450e4","1":"9cabe1742d3e487a116781a9b61b41ce","2":"32eb2951f81d870c61eae4eb3afb7ea8","3":"fd0e4e074c09a0148b633ff72e4450d7","4":"07753111ee3b354abbe8fab4987bb817","5":"fe2a389f5cf40c61156a794804ec0fff","6":"44263373c8152cfeef60f3501f9f0cbc","7":"a154d97ebad5a9a06417fe7578e7402f","8":"161be820330ad3e3e7e2ab5b0add2ff4","9":"b4977d853e9f601495f2a4a03c741589","10":"16afd7bc765cb79fe5e887e2e28e0b20","11":"180ee18000bc994ba8c23c2ebc9ef746","12":"9d71a179d7d4dd618d4fae5516f00d95","13":"40ac03ae2d2b1dc11d41ced3f411f478","14":"f1d16b70bce98d0cea5eb7551dfbe37f"},"home_team":{"0":"Pittsburgh Pirates","1":"Baltimore Orioles","2":"Washington Nationals","3":"New York Mets","4":"Cincinnati Reds","5":"Miami Marlins","6":"Detroit Tigers","7":"Tampa Bay Rays","8":"Chicago White Sox","9":"Minnesota Twins","10":"St. Louis Cardinals","11":"Texas Rangers","12":"San Francisco Giants","13":"Los Angeles Dodgers","14":"San Diego Padres"},"away_team":{"0":"Milwaukee Brewers","1":"Kansas City Royals","2":"New York Yankees","3":"Boston Red Sox","4":"Chicago Cubs","5":"Cleveland Guardians","6":"Philadelphia Phillies","7":"Seattle Mariners","8":"Athletics","9":"Los Angeles Angels","10":"Atlanta Braves","11":"Houston Astros","12":"Colorado Rockies","13":"Arizona Diamondbacks","14":"Toronto Blue Jays"},"home_spread":{"0":-1.5,"1":-1.5,"2":1.5,"3":1.5,"4":1.5,"5":-1.5,"6":-1.5,"7":-1.5,"8":-1.5,"9":-1.5,"10":-1.5,"11":-1.5,"12":-1.5,"13":-1.5,"14":1.5},"away_spread":{"0":1.5,"1":1.5,"2":-1.5,"3":-1.5,"4":-1.5,"5":-1.5,"6":-1.5,"7":1.5,"8":1.5,"9":1.5,"10":1.5,"11":1.5,"12":1.5,"13":1.5,"14":-1.5},"best_home_odds":{"0":170,"1":138,"2":-165,"3":-156,"4":-144,"5":180,"6":190,"7":160,"8":168,"9":164,"10":168,"11":158,"12":146,"13":-102,"14":-155},"best_away_odds":{"0":-200,"1":-160,"2":145,"3":135,"4":128,"5":165,"6":180,"7":-185,"8":-185,"9":-170,"10":-190,"11":-180,"12":-170,"13":-105,"14":135},"home_cover_nv_prob":{"0":0.3571428571,"1":0.4057428215,"2":0.6040343668,"3":0.5888210729,"4":0.5736650825,"5":0.4862385321,"6":0.4912280702,"7":0.3720626632,"8":0.3650102459,"9":0.3756260434,"10":0.3628628629,"11":0.3761418592,"12":0.3923278117,"13":0.4964387464,"14":0.5882115462},"away_cover_nv_prob":{"0":0.6428571429,"1":0.5942571785,"2":0.3959656332,"3":0.4111789271,"4":0.4263349175,"5":0.5137614679,"6":0.5087719298,"7":0.6279373368,"8":0.6349897541,"9":0.6243739566,"10":0.6371371371,"11":0.6238581408,"12":0.6076721883,"13":0.5035612536,"14":0.4117884538},"books_home":{"0":{"fanduel":{"odds":168,"spread":-1.5},"draftkings":{"odds":167,"spread":-1.5},"williamhill_us":{"odds":170,"spread":-1.5},"betmgm":{"odds":165,"spread":-1.5},"bovada":{"odds":170,"spread":-1.5}},"1":{"fanduel":{"odds":138,"spread":-1.5},"draftkings":{"odds":134,"spread":-1.5},"williamhill_us":{"odds":135,"spread":-1.5},"betmgm":{"odds":135,"spread":-1.5},"bovada":{"odds":135,"spread":-1.5}},"2":{"fanduel":{"odds":-170,"spread":1.5},"bovada":{"odds":-165,"spread":1.5},"williamhill_us":{"odds":-165,"spread":1.5},"betmgm":{"odds":-180,"spread":1.5},"draftkings":{"odds":-171,"spread":1.5}},"3":{"fanduel":{"odds":-156,"spread":1.5},"bovada":{"odds":-160,"spread":1.5},"draftkings":{"odds":-162,"spread":1.5},"williamhill_us":{"odds":-160,"spread":1.5},"betmgm":{"odds":-165,"spread":1.5}},"4":{"fanduel":{"odds":-154,"spread":1.5},"draftkings":{"odds":-144,"spread":1.5},"williamhill_us":{"odds":-145,"spread":1.5},"betmgm":{"odds":-145,"spread":1.5},"bovada":{"odds":-145,"spread":1.5}},"5":{"fanduel":{"odds":-194,"spread":1.5},"draftkings":{"odds":-193,"spread":1.5},"williamhill_us":{"odds":180,"spread":-1.5},"bovada":{"odds":-185,"spread":1.5},"betmgm":{"odds":-200,"spread":1.5}},"6":{"fanduel":{"odds":-220,"spread":1.5},"draftkings":{"odds":-201,"spread":1.5},"williamhill_us":{"odds":180,"spread":-1.5},"betmgm":{"odds":-210,"spread":1.5},"bovada":{"odds":190,"spread":-1.5}},"7":{"fanduel":{"odds":160,"spread":-1.5},"draftkings":{"odds":153,"spread":-1.5},"williamhill_us":{"odds":158,"spread":-1.5},"betmgm":{"odds":155,"spread":-1.5},"bovada":{"odds":160,"spread":-1.5}},"8":{"fanduel":{"odds":168,"spread":-1.5},"draftkings":{"odds":161,"spread":-1.5},"williamhill_us":{"odds":158,"spread":-1.5},"betmgm":{"odds":155,"spread":-1.5},"bovada":{"odds":160,"spread":-1.5}},"9":{"fanduel":{"odds":164,"spread":-1.5},"draftkings":{"odds":148,"spread":-1.5},"williamhill_us":{"odds":143,"spread":-1.5},"betmgm":{"odds":145,"spread":-1.5},"bovada":{"odds":150,"spread":-1.5}},"10":{"fanduel":{"odds":168,"spread":-1.5},"draftkings":{"odds":158,"spread":-1.5},"williamhill_us":{"odds":158,"spread":-1.5},"bovada":{"odds":165,"spread":-1.5}},"11":{"fanduel":{"odds":150,"spread":-1.5},"williamhill_us":{"odds":158,"spread":-1.5},"draftkings":{"odds":150,"spread":-1.5},"betmgm":{"odds":150,"spread":-1.5},"bovada":{"odds":155,"spread":-1.5}},"12":{"fanduel":{"odds":146,"spread":-1.5},"draftkings":{"odds":142,"spread":-1.5},"williamhill_us":{"odds":143,"spread":-1.5},"betmgm":{"odds":140,"spread":-1.5},"bovada":{"odds":145,"spread":-1.5}},"13":{"fanduel":{"odds":-102,"spread":-1.5},"draftkings":{"odds":-114,"spread":-1.5},"williamhill_us":{"odds":-115,"spread":-1.5},"betmgm":{"odds":-115,"spread":-1.5},"bovada":{"odds":-110,"spread":-1.5}},"14":{"fanduel":{"odds":-162,"spread":1.5},"draftkings":{"odds":-158,"spread":1.5},"williamhill_us":{"odds":-155,"spread":1.5},"betmgm":{"odds":-155,"spread":1.5},"bovada":{"odds":-160,"spread":1.5}}},"books_away":{"0":{"fanduel":{"odds":-205,"spread":1.5},"draftkings":{"odds":-204,"spread":1.5},"williamhill_us":{"odds":-205,"spread":1.5},"betmgm":{"odds":-200,"spread":1.5},"bovada":{"odds":-200,"spread":1.5}},"1":{"fanduel":{"odds":-166,"spread":1.5},"draftkings":{"odds":-162,"spread":1.5},"williamhill_us":{"odds":-160,"spread":1.5},"betmgm":{"odds":-165,"spread":1.5},"bovada":{"odds":-160,"spread":1.5}},"2":{"fanduel":{"odds":140,"spread":-1.5},"bovada":{"odds":140,"spread":-1.5},"williamhill_us":{"odds":140,"spread":-1.5},"betmgm":{"odds":145,"spread":-1.5},"draftkings":{"odds":141,"spread":-1.5}},"3":{"fanduel":{"odds":130,"spread":-1.5},"bovada":{"odds":135,"spread":-1.5},"draftkings":{"odds":134,"spread":-1.5},"williamhill_us":{"odds":135,"spread":-1.5},"betmgm":{"odds":135,"spread":-1.5}},"4":{"fanduel":{"odds":128,"spread":-1.5},"draftkings":{"odds":119,"spread":-1.5},"williamhill_us":{"odds":122,"spread":-1.5},"betmgm":{"odds":120,"spread":-1.5},"bovada":{"odds":125,"spread":-1.5}},"5":{"fanduel":{"odds":160,"spread":-1.5},"draftkings":{"odds":158,"spread":-1.5},"williamhill_us":{"odds":-220,"spread":1.5},"bovada":{"odds":160,"spread":-1.5},"betmgm":{"odds":165,"spread":-1.5}},"6":{"fanduel":{"odds":180,"spread":-1.5},"draftkings":{"odds":164,"spread":-1.5},"williamhill_us":{"odds":-220,"spread":1.5},"betmgm":{"odds":170,"spread":-1.5},"bovada":{"odds":-230,"spread":1.5}},"7":{"fanduel":{"odds":-194,"spread":1.5},"draftkings":{"odds":-186,"spread":1.5},"williamhill_us":{"odds":-190,"spread":1.5},"betmgm":{"odds":-190,"spread":1.5},"bovada":{"odds":-185,"spread":1.5}},"8":{"fanduel":{"odds":-205,"spread":1.5},"draftkings":{"odds":-196,"spread":1.5},"williamhill_us":{"odds":-190,"spread":1.5},"betmgm":{"odds":-190,"spread":1.5},"bovada":{"odds":-185,"spread":1.5}},"9":{"fanduel":{"odds":-200,"spread":1.5},"draftkings":{"odds":-180,"spread":1.5},"williamhill_us":{"odds":-170,"spread":1.5},"betmgm":{"odds":-180,"spread":1.5},"bovada":{"odds":-175,"spread":1.5}},"10":{"fanduel":{"odds":-205,"spread":1.5},"draftkings":{"odds":-193,"spread":1.5},"williamhill_us":{"odds":-190,"spread":1.5},"bovada":{"odds":-195,"spread":1.5}},"11":{"fanduel":{"odds":-182,"spread":1.5},"williamhill_us":{"odds":-190,"spread":1.5},"draftkings":{"odds":-182,"spread":1.5},"betmgm":{"odds":-185,"spread":1.5},"bovada":{"odds":-180,"spread":1.5}},"12":{"fanduel":{"odds":-178,"spread":1.5},"draftkings":{"odds":-172,"spread":1.5},"williamhill_us":{"odds":-170,"spread":1.5},"betmgm":{"odds":-170,