{"game_id":{"0":"2fa5ef491316d397d3641327715fc999","1":"d8f8c8a1937664863c010e3ed30af57c","2":"0bdd39d18462b55a70fafde517bc6ca1","3":"3d2680b101156644bd740ee00cddcd46","4":"738208242f58cba159d52d334814af73","5":"e451f91d5136c67ae9baf916ea5c9039","6":"9934c1a26e4ea8fd52a5c95fd4b8265f","7":"ccb347397333b0c30d985a020c0953ac","8":"ebca3c98273fd731f8092f851e3fb56b","9":"8f9a46bf21cc1c96a58597c21485a1b2","10":"83ffce787c60a2fcb9c044c111a88c98","11":"4f38f470bd9dc6ce580de50246cf1ede","12":"9ee9abd5a130bbc1df0aa293e85fa86f","13":"d35c4e7b67d33e51216fcf0a6a4c59cd","14":"9e3c4b483a958d796d22ec1a44585e9d"},"home_team":{"0":"Atlanta Braves","1":"New York Yankees","2":"Philadelphia Phillies","3":"Toronto Blue Jays","4":"Detroit Tigers","5":"Miami Marlins","6":"Houston Astros","7":"Minnesota Twins","8":"St. Louis Cardinals","9":"Texas Rangers","10":"Colorado Rockies","11":"Arizona Diamondbacks","12":"Los Angeles Dodgers","13":"San Diego Padres","14":"Chicago Cubs"},"away_team":{"0":"Pittsburgh Pirates","1":"Boston Red Sox","2":"Chicago White Sox","3":"Baltimore Orioles","4":"Seattle Mariners","5":"Tampa Bay Rays","6":"Athletics","7":"Kansas City Royals","8":"Cincinnati Reds","9":"Cleveland Guardians","10":"Milwaukee Brewers","11":"Washington Nationals","12":"Los Angeles Angels","13":"New York Mets","14":"San Francisco Giants"},"home_spread":{"0":-1.5,"1":-1.5,"2":-1.5,"3":-1.5,"4":-1.5,"5":1.5,"6":-1.5,"7":1.5,"8":-1.5,"9":-1.5,"10":1.5,"11":-1.5,"12":-1.5,"13":1.5,"14":-1.5},"away_spread":{"0":1.5,"1":1.5,"2":1.5,"3":1.5,"4":-1.5,"5":-1.5,"6":-1.5,"7":-1.5,"8":1.5,"9":1.5,"10":-1.5,"11":1.5,"12":1.5,"13":-1.5,"14":1.5},"best_home_odds":{"0":130,"1":130,"2":120,"3":160,"4":190,"5":-170,"6":175,"7":-170,"8":152,"9":160,"10":105,"11":164,"12":102,"13":-185,"14":180},"best_away_odds":{"0":-145,"1":-146,"2":-140,"3":-178,"4":158,"5":150,"6":154,"7":150,"8":-175,"9":-178,"10":-115,"11":-185,"12":-115,"13":160,"14":-205},"home_cover_nv_prob":{"0":0.4235090752,"1":0.4228257133,"2":0.4379562044,"3":0.3752699784,"4":0.4708029197,"5":0.6115107914,"6":0.4801512287,"7":0.6115107914,"8":0.3840782123,"9":0.3752699784,"10":0.4769828064,"11":0.3685027153,"12":0.4806617483,"13":0.6279373368,"14":0.3469852105},"away_cover_nv_prob":{"0":0.5764909248,"1":0.5771742867,"2":0.5620437956,"3":0.6247300216,"4":0.5291970803,"5":0.3884892086,"6":0.5198487713,"7":0.3884892086,"8":0.6159217877,"9":0.6247300216,"10":0.5230171936,"11":0.6314972847,"12":0.5193382517,"13":0.3720626632,"14":0.6530147895},"books_home":{"0":{"fanduel":{"odds":130,"spread":-1.5},"williamhill_us":{"odds":122,"spread":-1.5},"bovada":{"odds":130,"spread":-1.5},"betmgm":{"odds":125,"spread":-1.5},"draftkings":{"odds":124,"spread":-1.5}},"1":{"fanduel":{"odds":122,"spread":-1.5},"williamhill_us":{"odds":130,"spread":-1.5},"bovada":{"odds":130,"spread":-1.5},"betmgm":{"odds":125,"spread":-1.5},"draftkings":{"odds":128,"spread":-1.5}},"2":{"fanduel":{"odds":118,"spread":-1.5},"bovada":{"odds":120,"spread":-1.5},"williamhill_us":{"odds":118,"spread":-1.5},"betmgm":{"odds":118,"spread":-1.5},"draftkings":{"odds":119,"spread":-1.5}},"3":{"fanduel":{"odds":155,"spread":-1.5},"williamhill_us":{"odds":150,"spread":-1.5},"bovada":{"odds":160,"spread":-1.5},"betmgm":{"odds":150,"spread":-1.5},"draftkings":{"odds":153,"spread":-1.5}},"4":{"fanduel":{"odds":-192,"spread":1.5},"bovada":{"odds":190,"spread":-1.5},"williamhill_us":{"odds":-178,"spread":1.5},"betmgm":{"odds":-190,"spread":1.5},"draftkings":{"odds":-182,"spread":1.5}},"5":{"fanduel":{"odds":-182,"spread":1.5},"bovada":{"odds":-175,"spread":1.5},"williamhill_us":{"odds":-170,"spread":1.5},"betmgm":{"odds":-170,"spread":1.5},"draftkings":{"odds":-174,"spread":1.5}},"6":{"fanduel":{"odds":-182,"spread":1.5},"williamhill_us":{"odds":175,"spread":-1.5},"bovada":{"odds":-175,"spread":1.5},"betmgm":{"odds":-190,"spread":1.5},"draftkings":{"odds":-171,"spread":1.5}},"7":{"fanduel":{"odds":-182,"spread":1.5},"bovada":{"odds":-175,"spread":1.5},"williamhill_us":{"odds":-170,"spread":1.5},"draftkings":{"odds":-175,"spread":1.5}},"8":{"fanduel":{"odds":152,"spread":-1.5},"williamhill_us":{"odds":150,"spread":-1.5},"bovada":{"odds":150,"spread":-1.5},"betmgm":{"odds":145,"spread":-1.5},"draftkings":{"odds":148,"spread":-1.5}},"9":{"fanduel":{"odds":150,"spread":-1.5},"bovada":{"odds":160,"spread":-1.5},"williamhill_us":{"odds":150,"spread":-1.5},"betmgm":{"odds":150,"spread":-1.5},"draftkings":{"odds":149,"spread":-1.5}},"10":{"fanduel":{"odds":-104,"spread":1.5},"williamhill_us":{"odds":105,"spread":1.5},"bovada":{"odds":-105,"spread":1.5},"betmgm":{"odds":105,"spread":1.5},"draftkings":{"odds":105,"spread":1.5}},"11":{"fanduel":{"odds":164,"spread":-1.5},"williamhill_us":{"odds":158,"spread":-1.5},"bovada":{"odds":160,"spread":-1.5},"betmgm":{"odds":155,"spread":-1.5},"draftkings":{"odds":157,"spread":-1.5}},"12":{"fanduel":{"odds":102,"spread":-1.5},"williamhill_us":{"odds":-105,"spread":-1.5},"bovada":{"odds":100,"spread":-1.5},"betmgm":{"odds":-102,"spread":-1.5},"draftkings":{"odds":-101,"spread":-1.5}},"13":{"fanduel":{"odds":-192,"spread":1.5},"bovada":{"odds":-185,"spread":1.5},"draftkings":{"odds":-192,"spread":1.5},"williamhill_us":{"odds":-190,"spread":1.5},"betmgm":{"odds":-185,"spread":1.5}},"14":{"fanduel":{"odds":180,"spread":-1.5},"bovada":{"odds":175,"spread":-1.5},"williamhill_us":{"odds":170,"spread":-1.5},"draftkings":{"odds":170,"spread":-1.5},"betmgm":{"odds":170,"spread":-1.5}}},"books_away":{"0":{"fanduel":{"odds":-156,"spread":1.5},"williamhill_us":{"odds":-145,"spread":1.5},"bovada":{"odds":-150,"spread":1.5},"betmgm":{"odds":-150,"spread":1.5},"draftkings":{"odds":-149,"spread":1.5}},"1":{"fanduel":{"odds":-146,"spread":1.5},"williamhill_us":{"odds":-155,"spread":1.5},"bovada":{"odds":-150,"spread":1.5},"betmgm":{"odds":-150,"spread":1.5},"draftkings":{"odds":-155,"spread":1.5}},"2":{"fanduel":{"odds":-142,"spread":1.5},"bovada":{"odds":-140,"spread":1.5},"williamhill_us":{"odds":-140,"spread":1.5},"betmgm":{"odds":-145,"spread":1.5},"draftkings":{"odds":-143,"spread":1.5}},"3":{"fanduel":{"odds":-188,"spread":1.5},"williamhill_us":{"odds":-178,"spread":1.5},"bovada":{"odds":-185,"spread":1.5},"betmgm":{"odds":-185,"spread":1.5},"draftkings":{"odds":-186,"spread":1.5}},"4":{"fanduel":{"odds":158,"spread":-1.5},"bovada":{"odds":-230,"spread":1.5},"williamhill_us":{"odds":150,"spread":-1.5},"betmgm":{"odds":155,"spread":-1.5},"draftkings":{"odds":150,"spread":-1.5}},"5":{"fanduel":{"odds":150,"spread":-1.5},"bovada":{"odds":150,"spread":-1.5},"williamhill_us":{"odds":143,"spread":-1.5},"betmgm":{"odds":140,"spread":-1.5},"draftkings":{"odds":143,"spread":-1.5}},"6":{"fanduel":{"odds":150,"spread":-1.5},"williamhill_us":{"odds":-210,"spread":1.5},"bovada":{"odds":150,"spread":-1.5},"betmgm":{"odds":154,"spread":-1.5},"draftkings":{"odds":141,"spread":-1.5}},"7":{"fanduel":{"odds":150,"spread":-1.5},"bovada":{"odds":150,"spread":-1.5},"williamhill_us":{"odds":143,"spread":-1.5},"draftkings":{"odds":144,"spread":-1.5}},"8":{"fanduel":{"odds":-184,"spread":1.5},"williamhill_us":{"odds":-178,"spread":1.5},"bovada":{"odds":-175,"spread":1.5},"betmgm":{"odds":-180,"spread":1.5},"draftkings":{"odds":-180,"spread":1.5}},"9":{"fanduel":{"odds":-182,"spread":1.5},"bovada":{"odds":-185,"spread":1.5},"williamhill_us":{"odds":-178,"spread":1.5},"betmgm":{"odds":-185,"spread":1.5},"draftkings":{"odds":-181,"spread":1.5}},"10":{"fanduel":{"odds":-115,"spread":-1.5},"williamhill_us":{"odds":-125,"spread":-1.5},"bovada":{"odds":-115,"spread":-1.5},"betmgm":{"odds":-130,"spread":-1.5},"draftkings":{"odds":-126,"spread":-1.5}},"11":{"fanduel":{"odds":-200,"spread":1.5},"williamhill_us":{"odds":-190,"spread":1.5},"bovada":{"odds":-185,"spread":1.5},"betmgm":{"odds":-190,"spread":1.5},"draftkings":{"odds":-191,"spread":1.5}},"12":{"fanduel":{"odds":-122,"spread":1.5},"williamhill_us":{"odds":-115,"spread":1.5},"bovada":{"odds":-120,"spread":1.5},"betmgm":{"odds":-118,