{"game_id":{"0":"f42b041996f1eb07d2f5372685863588","1":"23f579057c07153cd0fc94f5986b5182","2":"42e0046642eb115deabbf499117c8534","3":"8039217c4e7279df26ad2bbd8d8a3ca0","4":"fde5a00c9e07284677e2086060505663","5":"39a0ae7c44c6cccf57ea26ef0948ff20","6":"b8b97be2c6361ef8c7839ad60c57adc3","7":"726827eb314c5b9295dc278e7a0ca37c","8":"eff6484dd3596abf15d8ee0f27b5e9ba","9":"af16b3a5b13ea6dff32c681b29262f9e","10":"cba7f4f927e5e141eef8113b0ae66a4b","11":"36591f5636cf3c3e62dda6b7e8fb3440","12":"59f40327564ee4d08604733d721958f5","13":"a75e638966e5f1f6faed34c459043f44","14":"e346f0bf21a45185de1dcf8a928deedf"},"home_team":{"0":"Chicago Cubs","1":"Philadelphia Phillies","2":"Detroit Tigers","3":"Cincinnati Reds","4":"Toronto Blue Jays","5":"New York Mets","6":"Tampa Bay Rays","7":"Atlanta Braves","8":"Baltimore Orioles","9":"Kansas City Royals","10":"Milwaukee Brewers","11":"St. Louis Cardinals","12":"San Diego Padres","13":"Seattle Mariners","14":"Los Angeles Dodgers"},"away_team":{"0":"Pittsburgh Pirates","1":"Arizona Diamondbacks","2":"Miami Marlins","3":"Los Angeles Angels","4":"Minnesota Twins","5":"Athletics","6":"New York Yankees","7":"Cleveland Guardians","8":"San Francisco Giants","9":"Chicago White Sox","10":"Washington Nationals","11":"Boston Red Sox","12":"Colorado Rockies","13":"Houston Astros","14":"Texas Rangers"},"home_spread":{"0":-1.5,"1":-1.5,"2":-1.5,"3":-1.5,"4":-1.5,"5":-1.5,"6":1.5,"7":-1.5,"8":-1.5,"9":-1.5,"10":-1.5,"11":1.5,"12":-1.5,"13":-1.5,"14":-1.5},"away_spread":{"0":1.5,"1":1.5,"2":1.5,"3":1.5,"4":1.5,"5":1.5,"6":-1.5,"7":1.5,"8":-1.5,"9":1.5,"10":1.5,"11":-1.5,"12":1.5,"13":1.5,"14":1.5},"best_home_odds":{"0":155,"1":115,"2":140,"3":115,"4":145,"5":145,"6":-135,"7":155,"8":170,"9":125,"10":110,"11":-140,"12":120,"13":158,"14":-110},"best_away_odds":{"0":-172,"1":-132,"2":-160,"3":-128,"4":-165,"5":-160,"6":125,"7":-178,"8":153,"9":-138,"10":-120,"11":125,"12":-135,"13":-180,"14":-105},"home_cover_nv_prob":{"0":0.3827751196,"1":0.449786739,"2":0.4037267081,"3":0.453100159,"4":0.3959656332,"5":0.3987730061,"6":0.5638051044,"7":0.3798333106,"8":0.4837476099,"9":0.4339106655,"10":0.4661016949,"11":0.5675675676,"12":0.4417293233,"13":0.3761418592,"14":0.5056053812},"away_cover_nv_prob":{"0":0.6172248804,"1":0.550213261,"2":0.5962732919,"3":0.546899841,"4":0.6040343668,"5":0.6012269939,"6":0.4361948956,"7":0.6201666894,"8":0.5162523901,"9":0.5660893345,"10":0.5338983051,"11":0.4324324324,"12":0.5582706767,"13":0.6238581408,"14":0.4943946188},"books_home":{"0":{"fanduel":{"odds":142,"spread":-1.5},"williamhill_us":{"odds":150,"spread":-1.5},"draftkings":{"odds":149,"spread":-1.5},"betmgm":{"odds":150,"spread":-1.5},"bovada":{"odds":155,"spread":-1.5}},"1":{"fanduel":{"odds":110,"spread":-1.5},"draftkings":{"odds":113,"spread":-1.5},"williamhill_us":{"odds":115,"spread":-1.5},"betmgm":{"odds":110,"spread":-1.5},"bovada":{"odds":115,"spread":-1.5}},"2":{"fanduel":{"odds":136,"spread":-1.5},"williamhill_us":{"odds":135,"spread":-1.5},"draftkings":{"odds":135,"spread":-1.5},"betmgm":{"odds":140,"spread":-1.5},"bovada":{"odds":135,"spread":-1.5}},"3":{"fanduel":{"odds":106,"spread":-1.5},"williamhill_us":{"odds":110,"spread":-1.5},"draftkings":{"odds":109,"spread":-1.5},"betmgm":{"odds":110,"spread":-1.5},"bovada":{"odds":115,"spread":-1.5}},"4":{"fanduel":{"odds":140,"spread":-1.5},"williamhill_us":{"odds":140,"spread":-1.5},"draftkings":{"odds":139,"spread":-1.5},"bovada":{"odds":145,"spread":-1.5}},"5":{"fanduel":{"odds":134,"spread":-1.5},"williamhill_us":{"odds":135,"spread":-1.5},"draftkings":{"odds":135,"spread":-1.5},"betmgm":{"odds":145,"spread":-1.5},"bovada":{"odds":135,"spread":-1.5}},"6":{"fanduel":{"odds":-150,"spread":1.5},"williamhill_us":{"odds":-135,"spread":1.5},"draftkings":{"odds":-136,"spread":1.5},"betmgm":{"odds":-145,"spread":1.5},"bovada":{"odds":-140,"spread":1.5}},"7":{"fanduel":{"odds":152,"spread":-1.5},"williamhill_us":{"odds":150,"spread":-1.5},"draftkings":{"odds":149,"spread":-1.5},"betmgm":{"odds":155,"spread":-1.5},"bovada":{"odds":155,"spread":-1.5}},"8":{"fanduel":{"odds":160,"spread":-1.5},"williamhill_us":{"odds":170,"spread":-1.5},"draftkings":{"odds":-186,"spread":1.5},"betmgm":{"odds":165,"spread":-1.5},"bovada":{"odds":170,"spread":-1.5}},"9":{"fanduel":{"odds":115,"spread":-1.5},"williamhill_us":{"odds":122,"spread":-1.5},"draftkings":{"odds":123,"spread":-1.5},"betmgm":{"odds":125,"spread":-1.5},"bovada":{"odds":125,"spread":-1.5}},"10":{"fanduel":{"odds":105,"spread":-1.5},"williamhill_us":{"odds":105,"spread":-1.5},"draftkings":{"odds":104,"spread":-1.5},"betmgm":{"odds":110,"spread":-1.5},"bovada":{"odds":100,"spread":-1.5}},"11":{"fanduel":{"odds":-142,"spread":1.5},"williamhill_us":{"odds":-140,"spread":1.5},"draftkings":{"odds":-143,"spread":1.5},"betmgm":{"odds":-150,"spread":1.5},"bovada":{"odds":-145,"spread":1.5}},"12":{"fanduel":{"odds":114,"spread":-1.5},"williamhill_us":{"odds":115,"spread":-1.5},"draftkings":{"odds":113,"spread":-1.5},"betmgm":{"odds":115,"spread":-1.5},"bovada":{"odds":120,"spread":-1.5}},"13":{"fanduel":{"odds":158,"spread":-1.5},"williamhill_us":{"odds":158,"spread":-1.5},"draftkings":{"odds":153,"spread":-1.5},"betmgm":{"odds":155,"spread":-1.5},"bovada":{"odds":155,"spread":-1.5}},"14":{"fanduel":{"odds":-113,"spread":-1.5},"williamhill_us":{"odds":-115,"spread":-1.5},"draftkings":{"odds":-115,"spread":-1.5},"betmgm":{"odds":-110,"spread":-1.5},"bovada":{"odds":-110,"spread":-1.5}}},"books_away":{"0":{"fanduel":{"odds":-172,"spread":1.5},"williamhill_us":{"odds":-178,"spread":1.5},"draftkings":{"odds":-181,"spread":1.5},"betmgm":{"odds":-185,"spread":1.5},"bovada":{"odds":-180,"spread":1.5}},"1":{"fanduel":{"odds":-132,"spread":1.5},"draftkings":{"odds":-136,"spread":1.5},"williamhill_us":{"odds":-135,"spread":1.5},"betmgm":{"odds":-135,"spread":1.5},"bovada":{"odds":-135,"spread":1.5}},"2":{"fanduel":{"odds":-164,"spread":1.5},"williamhill_us":{"odds":-160,"spread":1.5},"draftkings":{"odds":-163,"spread":1.5},"betmgm":{"odds":-170,"spread":1.5},"bovada":{"odds":-160,"spread":1.5}},"3":{"fanduel":{"odds":-128,"spread":1.5},"williamhill_us":{"odds":-130,"spread":1.5},"draftkings":{"odds":-131,"spread":1.5},"betmgm":{"odds":-135,"spread":1.5},"bovada":{"odds":-135,"spread":1.5}},"4":{"fanduel":{"odds":-170,"spread":1.5},"williamhill_us":{"odds":-165,"spread":1.5},"draftkings":{"odds":-168,"spread":1.5},"bovada":{"odds":-170,"spread":1.5}},"5":{"fanduel":{"odds":-162,"spread":1.5},"williamhill_us":{"odds":-160,"spread":1.5},"draftkings":{"odds":-163,"spread":1.5},"betmgm":{"odds":-180,"spread":1.5},"bovada":{"odds":-160,"spread":1.5}},"6":{"fanduel":{"odds":125,"spread":-1.5},"williamhill_us":{"odds":115,"spread":-1.5},"draftkings":{"odds":113,"spread":-1.5},"betmgm":{"odds":118,"spread":-1.5},"bovada":{"odds":120,"spread":-1.5}},"7":{"fanduel":{"odds":-184,"spread":1.5},"williamhill_us":{"odds":-178,"spread":1.5},"draftkings":{"odds":-181,"spread":1.5},"betmgm":{"odds":-190,"spread":1.5},"bovada":{"odds":-180,"spread":1.5}},"8":{"fanduel":{"odds":-194,"spread":1.5},"williamhill_us":{"odds":-205,"spread":1.5},"draftkings":{"odds":153,"spread":-1.5},"betmgm":{"odds":-220,"spread":1.5},"bovada":{"odds":-200,"spread":1.5}},"9":{"fanduel":{"odds":-138,"spread":1.5},"williamhill_us":{"odds":-145,"spread":1.5},"draftkings":{"odds":-149,"spread":1.5},"betmgm":{"odds":-150,"spread":1.5},"bovada":{"odds":-145,"spread":1.5}},"10":{"fanduel":{"odds":-126,"spread":1.5},"williamhill_us":{"odds":-125,"spread":1.5},"draftkings":{"odds":-126,"spread":1.5},"betmgm":{"odds":-130,"spread":1.5},"bovada":{"odds":-120,"spread":1.5}},"11":{"fanduel":{"odds":118,"spread":-1.5},"williamhill_us":{"odds":118,"spread":-1.5},"draftkings":{"odds":119,"spread":-1.5},"betmgm":{"odds":125,"spread":-1.5},"bovada":{"odds":125,"spread":-1.5}},"12":{"fanduel":{"odds":-137,"spread":1.5},"williamhill_us":{"odds":-135,"spread":1.5},"draftkings":{"odds":-136,"spread":1.5},"betmgm":{"odds":-140,