{"game_id":{"0":"507ec1a59ca1a2aa1386a2dbe2fbfa7b","1":"74f3bd29e00a7932dfcd53369f030251","2":"0aecf375a07f34755e00a1ba7fb63c16","3":"7b042ea490ee94f3a5fae88a241e0c70","4":"286c7b1ca015708320800e8f2a9bf4de","5":"996682744f55836e619953bc8cfd16ef","6":"d151ae8d551dafc26e657e34d0b4cff3","7":"6c525054ef6bbee384a6400f05a7ef19","8":"28a4a80f7b04c4d03f249c8cb82ad092","9":"748fa098c21c17715ebec1653befb6c2","10":"7303b906ec24908bb3cff071bf340eec","11":"e73fadc7fb7502608603de6dfce34fac","12":"8e66855f2231ccc68e5ba0ad7f2091a5","13":"4ff70f42672aed275f8d6a3a5c9f5321","14":"2fa44becfc394386d661eff0256111d3"},"home_team":{"0":"Tampa Bay Rays","1":"Philadelphia Phillies","2":"Boston Red Sox","3":"Washington Nationals","4":"New York Yankees","5":"Cincinnati Reds","6":"Atlanta Braves","7":"Minnesota Twins","8":"Milwaukee Brewers","9":"St. Louis Cardinals","10":"Chicago Cubs","11":"Houston Astros","12":"Los Angeles Angels","13":"Arizona Diamondbacks","14":"Seattle Mariners"},"away_team":{"0":"Detroit Tigers","1":"San Diego Padres","2":"Baltimore Orioles","3":"Miami Marlins","4":"Cleveland Guardians","5":"Kansas City Royals","6":"Toronto Blue Jays","7":"Chicago White Sox","8":"San Francisco Giants","9":"Texas Rangers","10":"Athletics","11":"Pittsburgh Pirates","12":"Colorado Rockies","13":"Los Angeles Dodgers","14":"New York Mets"},"home_spread":{"0":-1.5,"1":-1.5,"2":-1.5,"3":-1.5,"4":-1.5,"5":-1.5,"6":-1.5,"7":1.5,"8":-1.5,"9":1.5,"10":-1.5,"11":-1.5,"12":-1.5,"13":1.5,"14":-1.5},"away_spread":{"0":1.5,"1":1.5,"2":1.5,"3":-1.5,"4":1.5,"5":-1.5,"6":1.5,"7":-1.5,"8":1.5,"9":-1.5,"10":-1.5,"11":-1.5,"12":1.5,"13":-1.5,"14":1.5},"best_home_odds":{"0":145,"1":160,"2":155,"3":170,"4":-108,"5":165,"6":168,"7":-165,"8":105,"9":-178,"10":165,"11":175,"12":135,"13":-146,"14":145},"best_away_odds":{"0":-165,"1":-185,"2":-170,"3":162,"4":-108,"5":168,"6":-190,"7":140,"8":-110,"9":160,"10":162,"11":160,"12":-155,"13":135,"14":-170},"home_cover_nv_prob":{"0":0.3959656332,"1":0.3720626632,"2":0.3837953092,"3":0.492481203,"4":0.5,"5":0.5028142589,"6":0.3628628629,"7":0.5990922844,"8":0.4822043628,"9":0.6247300216,"10":0.4971537002,"11":0.4859813084,"12":0.4117884538,"13":0.5824138516,"14":0.3932993445},"away_cover_nv_prob":{"0":0.6040343668,"1":0.6279373368,"2":0.6162046908,"3":0.507518797,"4":0.5,"5":0.4971857411,"6":0.6371371371,"7":0.4009077156,"8":0.5177956372,"9":0.3752699784,"10":0.5028462998,"11":0.5140186916,"12":0.5882115462,"13":0.4175861484,"14":0.6067006555},"books_home":{"0":{"fanduel":{"odds":138,"spread":-1.5},"williamhill_us":{"odds":140,"spread":-1.5},"draftkings":{"odds":139,"spread":-1.5},"betmgm":{"odds":140,"spread":-1.5},"bovada":{"odds":145,"spread":-1.5}},"1":{"fanduel":{"odds":155,"spread":-1.5},"williamhill_us":{"odds":158,"spread":-1.5},"draftkings":{"odds":153,"spread":-1.5},"betmgm":{"odds":155,"spread":-1.5},"bovada":{"odds":160,"spread":-1.5}},"2":{"fanduel":{"odds":150,"spread":-1.5},"williamhill_us":{"odds":143,"spread":-1.5},"draftkings":{"odds":145,"spread":-1.5},"betmgm":{"odds":145,"spread":-1.5},"bovada":{"odds":155,"spread":-1.5}},"3":{"fanduel":{"odds":-196,"spread":1.5},"draftkings":{"odds":-182,"spread":1.5},"williamhill_us":{"odds":170,"spread":-1.5},"betmgm":{"odds":-190,"spread":1.5},"bovada":{"odds":170,"spread":-1.5}},"4":{"fanduel":{"odds":-111,"spread":-1.5},"williamhill_us":{"odds":-110,"spread":-1.5},"draftkings":{"odds":-108,"spread":-1.5},"betmgm":{"odds":-110,"spread":-1.5},"bovada":{"odds":-110,"spread":-1.5}},"5":{"fanduel":{"odds":-205,"spread":1.5},"draftkings":{"odds":153,"spread":-1.5},"williamhill_us":{"odds":158,"spread":-1.5},"bovada":{"odds":165,"spread":-1.5},"betmgm":{"odds":155,"spread":-1.5}},"6":{"fanduel":{"odds":168,"spread":-1.5},"williamhill_us":{"odds":158,"spread":-1.5},"draftkings":{"odds":160,"spread":-1.5},"betmgm":{"odds":165,"spread":-1.5},"bovada":{"odds":165,"spread":-1.5}},"7":{"fanduel":{"odds":-170,"spread":1.5},"williamhill_us":{"odds":-165,"spread":1.5},"draftkings":{"odds":-168,"spread":1.5},"bovada":{"odds":-165,"spread":1.5}},"8":{"fanduel":{"odds":105,"spread":-1.5},"williamhill_us":{"odds":-110,"spread":-1.5},"draftkings":{"odds":-102,"spread":-1.5},"betmgm":{"odds":-105,"spread":-1.5},"bovada":{"odds":105,"spread":-1.5}},"9":{"fanduel":{"odds":-192,"spread":1.5},"williamhill_us":{"odds":-178,"spread":1.5},"draftkings":{"odds":-186,"spread":1.5},"betmgm":{"odds":-185,"spread":1.5},"bovada":{"odds":-185,"spread":1.5}},"10":{"fanduel":{"odds":-196,"spread":1.5},"williamhill_us":{"odds":158,"spread":-1.5},"draftkings":{"odds":159,"spread":-1.5},"betmgm":{"odds":155,"spread":-1.5},"bovada":{"odds":165,"spread":-1.5}},"11":{"fanduel":{"odds":-194,"spread":1.5},"williamhill_us":{"odds":170,"spread":-1.5},"draftkings":{"odds":-175,"spread":1.5},"betmgm":{"odds":-190,"spread":1.5},"bovada":{"odds":175,"spread":-1.5}},"12":{"fanduel":{"odds":134,"spread":-1.5},"williamhill_us":{"odds":130,"spread":-1.5},"draftkings":{"odds":130,"spread":-1.5},"betmgm":{"odds":125,"spread":-1.5},"bovada":{"odds":135,"spread":-1.5}},"13":{"fanduel":{"odds":-146,"spread":1.5},"williamhill_us":{"odds":-155,"spread":1.5},"draftkings":{"odds":-156,"spread":1.5},"betmgm":{"odds":-155,"spread":1.5},"bovada":{"odds":-160,"spread":1.5}},"14":{"fanduel":{"odds":140,"spread":-1.5},"draftkings":{"odds":142,"spread":-1.5},"williamhill_us":{"odds":143,"spread":-1.5},"bovada":{"odds":145,"spread":-1.5},"betmgm":{"odds":140,"spread":-1.5}}},"books_away":{"0":{"fanduel":{"odds":-166,"spread":1.5},"williamhill_us":{"odds":-165,"spread":1.5},"draftkings":{"odds":-168,"spread":1.5},"betmgm":{"odds":-170,"spread":1.5},"bovada":{"odds":-170,"spread":1.5}},"1":{"fanduel":{"odds":-188,"spread":1.5},"williamhill_us":{"odds":-190,"spread":1.5},"draftkings":{"odds":-186,"spread":1.5},"betmgm":{"odds":-190,"spread":1.5},"bovada":{"odds":-185,"spread":1.5}},"2":{"fanduel":{"odds":-182,"spread":1.5},"williamhill_us":{"odds":-170,"spread":1.5},"draftkings":{"odds":-176,"spread":1.5},"betmgm":{"odds":-175,"spread":1.5},"bovada":{"odds":-180,"spread":1.5}},"3":{"fanduel":{"odds":162,"spread":-1.5},"draftkings":{"odds":150,"spread":-1.5},"williamhill_us":{"odds":-205,"spread":1.5},"betmgm":{"odds":155,"spread":-1.5},"bovada":{"odds":-200,"spread":1.5}},"4":{"fanduel":{"odds":-108,"spread":1.5},"williamhill_us":{"odds":-110,"spread":1.5},"draftkings":{"odds":-111,"spread":1.5},"betmgm":{"odds":-110,"spread":1.5},"bovada":{"odds":-110,"spread":1.5}},"5":{"fanduel":{"odds":168,"spread":-1.5},"draftkings":{"odds":-186,"spread":1.5},"williamhill_us":{"odds":-190,"spread":1.5},"bovada":{"odds":-195,"spread":1.5},"betmgm":{"odds":-190,"spread":1.5}},"6":{"fanduel":{"odds":-205,"spread":1.5},"williamhill_us":{"odds":-190,"spread":1.5},"draftkings":{"odds":-195,"spread":1.5},"betmgm":{"odds":-200,"spread":1.5},"bovada":{"odds":-195,"spread":1.5}},"7":{"fanduel":{"odds":140,"spread":-1.5},"williamhill_us":{"odds":140,"spread":-1.5},"draftkings":{"odds":139,"spread":-1.5},"bovada":{"odds":140,"spread":-1.5}},"8":{"fanduel":{"odds":-126,"spread":1.5},"williamhill_us":{"odds":-110,"spread":1.5},"draftkings":{"odds":-119,"spread":1.5},"betmgm":{"odds":-115,"spread":1.5},"bovada":{"odds":-125,"spread":1.5}},"9":{"fanduel":{"odds":158,"spread":-1.5},"williamhill_us":{"odds":150,"spread":-1.5},"draftkings":{"odds":153,"spread":-1.5},"betmgm":{"odds":150,"spread":-1.5},"bovada":{"odds":160,"spread":-1.5}},"10":{"fanduel":{"odds":162,"spread":-1.5},"williamhill_us":{"odds":-190,"spread":1.5},"draftkings":{"odds":-194,"spread":1.5},"betmgm":{"odds":-190,"spread":1.5},"bovada":{"odds":-195,"spread":1.5}},"11":{"fanduel":{"odds":160,"spread":-1.5},"williamhill_us":{"odds":-205,"spread":1.5},"draftkings":{"odds":144,"spread":-1.5},"betmgm":{"odds":154,"spread":-1.5},"bovada":{"odds":-210,"spread":1.5}},"12":{"fanduel":{"odds":-162,"spread":1.5},"williamhill_us":{"odds":-155,"spread":1.5},"draftkings":{"odds":-157,"spread":1.5},"betmgm":{"odds":-155,"spread":1.5},