{"game_id":{"0":"07cd090c6a690c5a8478fc3834d0421b","1":"8c78facf9134823f8b8caaecab733fe5","2":"56f5691dc9526c1284405c8be014cd55","3":"011a0f191f610c90c293fdadb7e987f6","4":"e94284827b5744a1519040f323631cda","5":"70d5dc9048e8c374d09b9848b71eeea5","6":"bc69f749f6c99f6d4bfe0f276b216404","7":"74ffd45f125fe46746cf345bf6c2758b","8":"7123a44993110990cac606ecf9dd4292","9":"c6ff6f73bf527a17ffd4a0fad2e61698","10":"8fb262f6c182cf0135648235b653fcdc","11":"664888c720cda0a13b39fa74f0032e0e","12":"e03d047a725cd7870eb6b6eaf8b23942"},"home_team":{"0":"Baltimore Orioles","1":"Pittsburgh Pirates","2":"Chicago White Sox","3":"Milwaukee Brewers","4":"Kansas City Royals","5":"New York Mets","6":"San Francisco Giants","7":"Cleveland Guardians","8":"San Diego Padres","9":"Texas Rangers","10":"Toronto Blue Jays","11":"Los Angeles Dodgers","12":"Athletics"},"away_team":{"0":"Tampa Bay Rays","1":"Chicago Cubs","2":"Minnesota Twins","3":"St. Louis Cardinals","4":"New York Yankees","5":"Cincinnati Reds","6":"Arizona Diamondbacks","7":"Washington Nationals","8":"Philadelphia Phillies","9":"Houston Astros","10":"Miami Marlins","11":"Colorado Rockies","12":"Seattle Mariners"},"home_spread":{"0":1.5,"1":1.5,"2":1.5,"3":-1.5,"4":1.5,"5":-1.5,"6":-1.5,"7":-1.5,"8":1.5,"9":-1.5,"10":-1.5,"11":-2.5,"12":1.5},"away_spread":{"0":-1.5,"1":-1.5,"2":-1.5,"3":1.5,"4":-1.5,"5":1.5,"6":1.5,"7":1.5,"8":-1.5,"9":1.5,"10":1.5,"11":1.5,"12":-1.5},"best_home_odds":{"0":-145,"1":-160,"2":-170,"3":100,"4":-135,"5":140,"6":160,"7":122,"8":-156,"9":158,"10":132,"11":105,"12":-150},"best_away_odds":{"0":135,"1":140,"2":152,"3":-110,"4":118,"5":-164,"6":-182,"7":-140,"8":140,"9":-178,"10":-150,"11":130,"12":135},"home_cover_nv_prob":{"0":0.5817328212,"1":0.5962732919,"2":0.6134020619,"3":0.488372093,"4":0.5560173814,"5":0.401459854,"6":0.3734110169,"7":0.4357298475,"8":0.5939086294,"9":0.37708209,"10":0.4180602007,"11":0.5287356322,"12":0.5850622407},"away_cover_nv_prob":{"0":0.4182671788,"1":0.4037267081,"2":0.3865979381,"3":0.511627907,"4":0.4439826186,"5":0.598540146,"6":0.6265889831,"7":0.5642701525,"8":0.4060913706,"9":0.62291791,"10":0.5819397993,"11":0.4712643678,"12":0.4149377593},"books_home":{"0":{"fanduel":{"odds":-160,"spread":1.5},"draftkings":{"odds":-156,"spread":1.5},"williamhill_us":{"odds":-160,"spread":1.5},"betmgm":{"odds":-160,"spread":1.5},"bovada":{"odds":-145,"spread":1.5}},"1":{"fanduel":{"odds":-164,"spread":1.5},"williamhill_us":{"odds":-165,"spread":1.5},"draftkings":{"odds":-163,"spread":1.5},"betmgm":{"odds":-170,"spread":1.5},"bovada":{"odds":-160,"spread":1.5}},"2":{"fanduel":{"odds":-184,"spread":1.5},"williamhill_us":{"odds":-170,"spread":1.5},"draftkings":{"odds":-175,"spread":1.5},"betmgm":{"odds":-175,"spread":1.5},"bovada":{"odds":-170,"spread":1.5}},"3":{"fanduel":{"odds":100,"spread":-1.5},"williamhill_us":{"odds":-110,"spread":-1.5},"draftkings":{"odds":-107,"spread":-1.5},"betmgm":{"odds":-110,"spread":-1.5},"bovada":{"odds":-110,"spread":-1.5}},"4":{"fanduel":{"odds":-137,"spread":1.5},"draftkings":{"odds":-136,"spread":1.5},"williamhill_us":{"odds":-135,"spread":1.5},"betmgm":{"odds":-145,"spread":1.5},"bovada":{"odds":-135,"spread":1.5}},"5":{"fanduel":{"odds":138,"spread":-1.5},"draftkings":{"odds":136,"spread":-1.5},"williamhill_us":{"odds":140,"spread":-1.5},"betmgm":{"odds":135,"spread":-1.5},"bovada":{"odds":140,"spread":-1.5}},"6":{"fanduel":{"odds":150,"spread":-1.5},"williamhill_us":{"odds":158,"spread":-1.5},"draftkings":{"odds":152,"spread":-1.5},"betmgm":{"odds":155,"spread":-1.5},"bovada":{"odds":160,"spread":-1.5}},"7":{"fanduel":{"odds":122,"spread":-1.5},"draftkings":{"odds":119,"spread":-1.5},"williamhill_us":{"odds":118,"spread":-1.5},"betmgm":{"odds":120,"spread":-1.5},"bovada":{"odds":120,"spread":-1.5}},"8":{"fanduel":{"odds":-156,"spread":1.5},"draftkings":{"odds":-167,"spread":1.5},"williamhill_us":{"odds":-165,"spread":1.5},"betmgm":{"odds":-165,"spread":1.5},"bovada":{"odds":-165,"spread":1.5}},"9":{"fanduel":{"odds":158,"spread":-1.5},"draftkings":{"odds":148,"spread":-1.5},"williamhill_us":{"odds":150,"spread":-1.5},"betmgm":{"odds":150,"spread":-1.5},"bovada":{"odds":155,"spread":-1.5}},"10":{"fanduel":{"odds":132,"spread":-1.5},"draftkings":{"odds":129,"spread":-1.5},"williamhill_us":{"odds":130,"spread":-1.5},"betmgm":{"odds":125,"spread":-1.5},"bovada":{"odds":130,"spread":-1.5}},"11":{"fanduel":{"odds":-152,"spread":-1.5},"draftkings":{"odds":-154,"spread":-1.5},"williamhill_us":{"odds":-155,"spread":-1.5},"betmgm":{"odds":105,"spread":-2.5},"bovada":{"odds":-150,"spread":-1.5}},"12":{"fanduel":{"odds":-156,"spread":1.5},"draftkings":{"odds":-162,"spread":1.5},"williamhill_us":{"odds":-160,"spread":1.5},"betmgm":{"odds":-165,"spread":1.5},"bovada":{"odds":-150,"spread":1.5}}},"books_away":{"0":{"fanduel":{"odds":132,"spread":-1.5},"draftkings":{"odds":129,"spread":-1.5},"williamhill_us":{"odds":135,"spread":-1.5},"betmgm":{"odds":135,"spread":-1.5},"bovada":{"odds":125,"spread":-1.5}},"1":{"fanduel":{"odds":136,"spread":-1.5},"williamhill_us":{"odds":140,"spread":-1.5},"draftkings":{"odds":135,"spread":-1.5},"betmgm":{"odds":140,"spread":-1.5},"bovada":{"odds":135,"spread":-1.5}},"2":{"fanduel":{"odds":152,"spread":-1.5},"williamhill_us":{"odds":143,"spread":-1.5},"draftkings":{"odds":144,"spread":-1.5},"betmgm":{"odds":145,"spread":-1.5},"bovada":{"odds":145,"spread":-1.5}},"3":{"fanduel":{"odds":-120,"spread":1.5},"williamhill_us":{"odds":-110,"spread":1.5},"draftkings":{"odds":-112,"spread":1.5},"betmgm":{"odds":-110,"spread":1.5},"bovada":{"odds":-110,"spread":1.5}},"4":{"fanduel":{"odds":114,"spread":-1.5},"draftkings":{"odds":113,"spread":-1.5},"williamhill_us":{"odds":115,"spread":-1.5},"betmgm":{"odds":118,"spread":-1.5},"bovada":{"odds":115,"spread":-1.5}},"5":{"fanduel":{"odds":-166,"spread":1.5},"draftkings":{"odds":-164,"spread":1.5},"williamhill_us":{"odds":-165,"spread":1.5},"betmgm":{"odds":-165,"spread":1.5},"bovada":{"odds":-165,"spread":1.5}},"6":{"fanduel":{"odds":-182,"spread":1.5},"williamhill_us":{"odds":-190,"spread":1.5},"draftkings":{"odds":-185,"spread":1.5},"betmgm":{"odds":-190,"spread":1.5},"bovada":{"odds":-185,"spread":1.5}},"7":{"fanduel":{"odds":-146,"spread":1.5},"draftkings":{"odds":-144,"spread":1.5},"williamhill_us":{"odds":-140,"spread":1.5},"betmgm":{"odds":-145,"spread":1.5},"bovada":{"odds":-140,"spread":1.5}},"8":{"fanduel":{"odds":130,"spread":-1.5},"draftkings":{"odds":137,"spread":-1.5},"williamhill_us":{"odds":140,"spread":-1.5},"betmgm":{"odds":135,"spread":-1.5},"bovada":{"odds":140,"spread":-1.5}},"9":{"fanduel":{"odds":-192,"spread":1.5},"draftkings":{"odds":-180,"spread":1.5},"williamhill_us":{"odds":-178,"spread":1.5},"betmgm":{"odds":-185,"spread":1.5},"bovada":{"odds":-180,"spread":1.5}},"10":{"fanduel":{"odds":-160,"spread":1.5},"draftkings":{"odds":-156,"spread":1.5},"williamhill_us":{"odds":-155,"spread":1.5},"betmgm":{"odds":-155,"spread":1.5},"bovada":{"odds":-150,"spread":1.5}},"11":{"fanduel":{"odds":126,"spread":1.5},"draftkings":{"odds":128,"spread":1.5},"williamhill_us":{"odds":130,"spread":1.5},"betmgm":{"odds":-130,"spread":2.5},"bovada":{"odds":130,"spread":1.5}},"12":{"fanduel":{"odds":130,"spread":-1.5},"draftkings":{"odds":134,"spread":-1.5},"williamhill_us":{"odds":135,"spread":-1.5},"betmgm":{"odds":135,"spread":-1.5},"bovada":{"odds":130,"spread":-1.5}}}}