{"game_id":{"0":"7493ee494cdbb239513b5032bd1d2702","1":"640970e11703be5ad9c5087e476eecc7","2":"302b4128aeb5c50b679d20539e8816c4","3":"b780a77331a7f24c19a612abf1b71f30","4":"1285603c30d60465769201640920f04e","5":"0ead2ddb81bd23c5cf3c8bf29237af4b","6":"8cc66b3ce898ffcf08e40f6acbdb82d8","7":"cb56684da584f70f8c48dec3ad5bdb7c","8":"a263feaf763c1299324e6d7fc4f5f5c5","9":"2f906e6f0a0b0f77103ad3de874d8d6c","10":"a482d9f2b799c59df8b639db5cce02e5","11":"27331c71f78dcb268af96a5483952ca2","12":"b9044eb7a2798e7b9c463104de35f476","13":"24e5dec72a26c2b5304dda6d4fc9b9d4","14":"4f499b3c97433774d26ebe998b1e9c54"},"home_team":{"0":"Kansas City Royals","1":"Baltimore Orioles","2":"Miami Marlins","3":"Cincinnati Reds","4":"Philadelphia Phillies","5":"Toronto Blue Jays","6":"Atlanta Braves","7":"Chicago Cubs","8":"Milwaukee Brewers","9":"St. Louis Cardinals","10":"Houston Astros","11":"Seattle Mariners","12":"San Diego Padres","13":"Arizona Diamondbacks","14":"Los Angeles Dodgers"},"away_team":{"0":"Minnesota Twins","1":"Texas Rangers","2":"Chicago White Sox","3":"Pittsburgh Pirates","4":"Washington Nationals","5":"Colorado Rockies","6":"Athletics","7":"Los Angeles Angels","8":"Tampa Bay Rays","9":"New York Mets","10":"Boston Red Sox","11":"New York Yankees","12":"San Francisco Giants","13":"Detroit Tigers","14":"Cleveland Guardians"},"home_spread":{"0":-1.5,"1":-1.5,"2":-1.5,"3":-1.5,"4":-1.5,"5":-1.5,"6":-1.5,"7":-1.5,"8":-1.5,"9":1.5,"10":1.5,"11":1.5,"12":-1.5,"13":-1.5,"14":-1.5},"away_spread":{"0":1.5,"1":-1.5,"2":1.5,"3":1.5,"4":1.5,"5":1.5,"6":1.5,"7":1.5,"8":1.5,"9":-1.5,"10":-1.5,"11":-1.5,"12":-1.5,"13":-1.5,"14":1.5},"best_home_odds":{"0":125,"1":165,"2":165,"3":172,"4":125,"5":-125,"6":146,"7":115,"8":150,"9":-130,"10":-165,"11":-181,"12":175,"13":175,"14":112},"best_away_odds":{"0":-140,"1":155,"2":-178,"3":-186,"4":-135,"5":115,"6":-170,"7":-122,"8":-165,"9":115,"10":146,"11":160,"12":168,"13":150,"14":-120},"home_cover_nv_prob":{"0":0.4324324324,"1":0.4903846154,"2":0.3708149927,"3":0.3611475907,"4":0.4361948956,"5":0.5443037975,"6":0.3923278117,"7":0.4583935577,"8":0.3911439114,"9":0.5485770363,"10":0.6050081979,"11":0.6261309207,"12":0.4935543278,"13":0.4761904762,"14":0.4637436762},"away_cover_nv_prob":{"0":0.5675675676,"1":0.5096153846,"2":0.6291850073,"3":0.6388524093,"4":0.5638051044,"5":0.4556962025,"6":0.6076721883,"7":0.5416064423,"8":0.6088560886,"9":0.4514229637,"10":0.3949918021,"11":0.3738690793,"12":0.5064456722,"13":0.5238095238,"14":0.5362563238},"books_home":{"0":{"fanduel":{"odds":122,"spread":-1.5},"draftkings":{"odds":119,"spread":-1.5},"williamhill_us":{"odds":118,"spread":-1.5},"bovada":{"odds":125,"spread":-1.5}},"1":{"fanduel":{"odds":152,"spread":-1.5},"draftkings":{"odds":-185,"spread":1.5},"williamhill_us":{"odds":158,"spread":-1.5},"betmgm":{"odds":-190,"spread":1.5},"bovada":{"odds":165,"spread":-1.5}},"2":{"fanduel":{"odds":162,"spread":-1.5},"draftkings":{"odds":149,"spread":-1.5},"williamhill_us":{"odds":150,"spread":-1.5},"betmgm":{"odds":165,"spread":-1.5},"bovada":{"odds":155,"spread":-1.5}},"3":{"fanduel":{"odds":172,"spread":-1.5},"draftkings":{"odds":153,"spread":-1.5},"williamhill_us":{"odds":158,"spread":-1.5},"betmgm":{"odds":165,"spread":-1.5},"bovada":{"odds":165,"spread":-1.5}},"4":{"fanduel":{"odds":116,"spread":-1.5},"draftkings":{"odds":113,"spread":-1.5},"williamhill_us":{"odds":115,"spread":-1.5},"betmgm":{"odds":125,"spread":-1.5},"bovada":{"odds":120,"spread":-1.5}},"5":{"fanduel":{"odds":-125,"spread":-1.5},"draftkings":{"odds":-131,"spread":-1.5},"williamhill_us":{"odds":-130,"spread":-1.5},"betmgm":{"odds":-135,"spread":-1.5},"bovada":{"odds":-125,"spread":-1.5}},"6":{"fanduel":{"odds":146,"spread":-1.5},"draftkings":{"odds":144,"spread":-1.5},"williamhill_us":{"odds":143,"spread":-1.5},"betmgm":{"odds":145,"spread":-1.5},"bovada":{"odds":145,"spread":-1.5}},"7":{"fanduel":{"odds":102,"spread":-1.5},"draftkings":{"odds":104,"spread":-1.5},"williamhill_us":{"odds":105,"spread":-1.5},"betmgm":{"odds":115,"spread":-1.5},"bovada":{"odds":110,"spread":-1.5}},"8":{"fanduel":{"odds":146,"spread":-1.5},"draftkings":{"odds":141,"spread":-1.5},"williamhill_us":{"odds":143,"spread":-1.5},"betmgm":{"odds":150,"spread":-1.5},"bovada":{"odds":140,"spread":-1.5}},"9":{"fanduel":{"odds":-134,"spread":1.5},"draftkings":{"odds":-131,"spread":1.5},"williamhill_us":{"odds":-130,"spread":1.5},"betmgm":{"odds":-135,"spread":1.5},"bovada":{"odds":-135,"spread":1.5}},"10":{"fanduel":{"odds":-178,"spread":1.5},"draftkings":{"odds":-168,"spread":1.5},"williamhill_us":{"odds":-165,"spread":1.5},"betmgm":{"odds":-175,"spread":1.5},"bovada":{"odds":-165,"spread":1.5}},"11":{"fanduel":{"odds":-188,"spread":1.5},"draftkings":{"odds":-181,"spread":1.5},"williamhill_us":{"odds":-190,"spread":1.5},"betmgm":{"odds":-190,"spread":1.5},"bovada":{"odds":-185,"spread":1.5}},"12":{"fanduel":{"odds":-205,"spread":1.5},"draftkings":{"odds":-183,"spread":1.5},"williamhill_us":{"odds":175,"spread":-1.5},"betmgm":{"odds":-190,"spread":1.5},"bovada":{"odds":175,"spread":-1.5}},"13":{"fanduel":{"odds":-182,"spread":1.5},"draftkings":{"odds":-179,"spread":1.5},"williamhill_us":{"odds":170,"spread":-1.5},"betmgm":{"odds":-185,"spread":1.5},"bovada":{"odds":175,"spread":-1.5}},"14":{"fanduel":{"odds":112,"spread":-1.5},"draftkings":{"odds":109,"spread":-1.5},"williamhill_us":{"odds":110,"spread":-1.5},"betmgm":{"odds":100,"spread":-1.5},"bovada":{"odds":110,"spread":-1.5}}},"books_away":{"0":{"fanduel":{"odds":-146,"spread":1.5},"draftkings":{"odds":-143,"spread":1.5},"williamhill_us":{"odds":-140,"spread":1.5},"bovada":{"odds":-145,"spread":1.5}},"1":{"fanduel":{"odds":-184,"spread":1.5},"draftkings":{"odds":152,"spread":-1.5},"williamhill_us":{"odds":-190,"spread":1.5},"betmgm":{"odds":155,"spread":-1.5},"bovada":{"odds":-195,"spread":1.5}},"2":{"fanduel":{"odds":-196,"spread":1.5},"draftkings":{"odds":-181,"spread":1.5},"williamhill_us":{"odds":-178,"spread":1.5},"betmgm":{"odds":-200,"spread":1.5},"bovada":{"odds":-180,"spread":1.5}},"3":{"fanduel":{"odds":-210,"spread":1.5},"draftkings":{"odds":-186,"spread":1.5},"williamhill_us":{"odds":-190,"spread":1.5},"betmgm":{"odds":-200,"spread":1.5},"bovada":{"odds":-195,"spread":1.5}},"4":{"fanduel":{"odds":-140,"spread":1.5},"draftkings":{"odds":-136,"spread":1.5},"williamhill_us":{"odds":-135,"spread":1.5},"betmgm":{"odds":-150,"spread":1.5},"bovada":{"odds":-140,"spread":1.5}},"5":{"fanduel":{"odds":104,"spread":1.5},"draftkings":{"odds":109,"spread":1.5},"williamhill_us":{"odds":110,"spread":1.5},"betmgm":{"odds":115,"spread":1.5},"bovada":{"odds":105,"spread":1.5}},"6":{"fanduel":{"odds":-178,"spread":1.5},"draftkings":{"odds":-175,"spread":1.5},"williamhill_us":{"odds":-170,"spread":1.5},"betmgm":{"odds":-175,"spread":1.5},"bovada":{"odds":-170,"spread":1.5}},"7":{"fanduel":{"odds":-122,"spread":1.5},"draftkings":{"odds":-126,"spread":1.5},"williamhill_us":{"odds":-125,"spread":1.5},"betmgm":{"odds":-140,"spread":1.5},"bovada":{"odds":-130,"spread":1.5}},"8":{"fanduel":{"odds":-178,"spread":1.5},"draftkings":{"odds":-171,"spread":1.5},"williamhill_us":{"odds":-170,"spread":1.5},"betmgm":{"odds":-185,"spread":1.5},"bovada":{"odds":-165,"spread":1.5}},"9":{"fanduel":{"odds":112,"spread":-1.5},"draftkings":{"odds":109,"spread":-1.5},"williamhill_us":{"odds":110,"spread":-1.5},"betmgm":{"odds":110,"spread":-1.5},"bovada":{"odds":115,"spread":-1.5}},"10":{"fanduel":{"odds":146,"spread":-1.5},"draftkings":{"odds":139,"spread":-1.5},"williamhill_us":{"odds":140,"spread":-1.5},"betmgm":{"odds":145,"spread":-1.5},"bovada":{"odds":140,"spread":-1.5}},"11":{"fanduel":{"odds":155,"spread":-1.5},"draftkings":{"odds":149,"spread":-1.5},"williamhill_us":{"odds":158,"spread":-1.5},"betmgm":{"odds":155,"spread":-1.5},"bovada":{"odds":160,"spread":-1.5}},"12":{"fanduel":{"odds":168,"spread":-1.5},"draftkings":{"odds":151,"spread":-1.5},"williamhill_us":{"odds":-210,"spread":1.5},"betmgm":{"odds":155,