{"game_id":{"0":"0d018935d27849176c88ca1dae8a8da8","1":"2bbaa286b732c0af8947d273e164f15e","2":"bf902b3b8ba731d8cf4b422470319439","3":"6f7b9d64e494097e8646d88ca4c33577","4":"a0e93fcad5a057f362a048be909d86c8","5":"e01b5de283d3047c0c1bc73082a2d67a","6":"63d068d292e5a379ba2a1d669c979313","7":"283444f773ee82cae9a5977e9266baac","8":"ae95cd98700fec55791774682d6b0b06"},"home_team":{"0":"Philadelphia Phillies","1":"Milwaukee Brewers","2":"Colorado Rockies","3":"Cleveland Guardians","4":"Atlanta Braves","5":"Kansas City Royals","6":"Texas Rangers","7":"Seattle Mariners","8":"Los Angeles Dodgers"},"away_team":{"0":"Pittsburgh Pirates","1":"Cincinnati Reds","2":"Miami Marlins","3":"Chicago White Sox","4":"St. Louis Cardinals","5":"Tampa Bay Rays","6":"Detroit Tigers","7":"Los Angeles Angels","8":"San Diego Padres"},"home_spread":{"0":-1.5,"1":-1.5,"2":1.5,"3":1.5,"4":-1.5,"5":1.5,"6":-1.5,"7":-1.5,"8":-1.5},"away_spread":{"0":1.5,"1":1.5,"2":-1.5,"3":-1.5,"4":-1.5,"5":-1.5,"6":-1.5,"7":1.5,"8":1.5},"best_home_odds":{"0":158,"1":125,"2":-135,"3":-160,"4":170,"5":-145,"6":170,"7":110,"8":110},"best_away_odds":{"0":-175,"1":-135,"2":122,"3":140,"4":160,"5":130,"6":164,"7":-120,"8":-125},"home_cover_nv_prob":{"0":0.3785271851,"1":0.4361948956,"2":0.5605012156,"3":0.5962732919,"4":0.4905660377,"5":0.5764909248,"6":0.4943820225,"7":0.4661016949,"8":0.4615384615},"away_cover_nv_prob":{"0":0.6214728149,"1":0.5638051044,"2":0.4394987844,"3":0.4037267081,"4":0.5094339623,"5":0.4235090752,"6":0.5056179775,"7":0.5338983051,"8":0.5384615385},"books_home":{"0":{"fanduel":{"odds":152,"spread":-1.5},"betmgm":{"odds":155,"spread":-1.5},"draftkings":{"odds":149,"spread":-1.5},"williamhill_us":{"odds":158,"spread":-1.5},"bovada":{"odds":150,"spread":-1.5}},"1":{"fanduel":{"odds":125,"spread":-1.5},"betmgm":{"odds":118,"spread":-1.5},"draftkings":{"odds":119,"spread":-1.5},"williamhill_us":{"odds":115,"spread":-1.5},"bovada":{"odds":115,"spread":-1.5}},"2":{"fanduel":{"odds":-146,"spread":1.5},"draftkings":{"odds":-143,"spread":1.5},"williamhill_us":{"odds":-140,"spread":1.5},"betmgm":{"odds":-145,"spread":1.5},"bovada":{"odds":-135,"spread":1.5}},"3":{"fanduel":{"odds":-164,"spread":1.5},"betmgm":{"odds":-170,"spread":1.5},"draftkings":{"odds":-163,"spread":1.5},"williamhill_us":{"odds":-160,"spread":1.5},"bovada":{"odds":-165,"spread":1.5}},"4":{"fanduel":{"odds":-182,"spread":1.5},"williamhill_us":{"odds":170,"spread":-1.5},"draftkings":{"odds":-182,"spread":1.5},"bovada":{"odds":-185,"spread":1.5}},"5":{"fanduel":{"odds":-154,"spread":1.5},"draftkings":{"odds":-149,"spread":1.5},"williamhill_us":{"odds":-155,"spread":1.5},"betmgm":{"odds":-155,"spread":1.5},"bovada":{"odds":-145,"spread":1.5}},"6":{"fanduel":{"odds":-200,"spread":1.5},"betmgm":{"odds":165,"spread":-1.5},"draftkings":{"odds":167,"spread":-1.5},"williamhill_us":{"odds":162,"spread":-1.5},"bovada":{"odds":170,"spread":-1.5}},"7":{"fanduel":{"odds":110,"spread":-1.5},"betmgm":{"odds":110,"spread":-1.5},"draftkings":{"odds":102,"spread":-1.5},"williamhill_us":{"odds":100,"spread":-1.5},"bovada":{"odds":110,"spread":-1.5}},"8":{"fanduel":{"odds":106,"spread":-1.5},"williamhill_us":{"odds":105,"spread":-1.5},"bovada":{"odds":110,"spread":-1.5},"betmgm":{"odds":105,"spread":-1.5},"draftkings":{"odds":105,"spread":-1.5}}},"books_away":{"0":{"fanduel":{"odds":-184,"spread":1.5},"betmgm":{"odds":-190,"spread":1.5},"draftkings":{"odds":-181,"spread":1.5},"williamhill_us":{"odds":-190,"spread":1.5},"bovada":{"odds":-175,"spread":1.5}},"1":{"fanduel":{"odds":-150,"spread":1.5},"betmgm":{"odds":-145,"spread":1.5},"draftkings":{"odds":-143,"spread":1.5},"williamhill_us":{"odds":-135,"spread":1.5},"bovada":{"odds":-135,"spread":1.5}},"2":{"fanduel":{"odds":122,"spread":-1.5},"draftkings":{"odds":119,"spread":-1.5},"williamhill_us":{"odds":118,"spread":-1.5},"betmgm":{"odds":118,"spread":-1.5},"bovada":{"odds":115,"spread":-1.5}},"3":{"fanduel":{"odds":136,"spread":-1.5},"betmgm":{"odds":140,"spread":-1.5},"draftkings":{"odds":135,"spread":-1.5},"williamhill_us":{"odds":135,"spread":-1.5},"bovada":{"odds":140,"spread":-1.5}},"4":{"fanduel":{"odds":150,"spread":-1.5},"williamhill_us":{"odds":-205,"spread":1.5},"draftkings":{"odds":150,"spread":-1.5},"bovada":{"odds":160,"spread":-1.5}},"5":{"fanduel":{"odds":128,"spread":-1.5},"draftkings":{"odds":124,"spread":-1.5},"williamhill_us":{"odds":130,"spread":-1.5},"betmgm":{"odds":125,"spread":-1.5},"bovada":{"odds":125,"spread":-1.5}},"6":{"fanduel":{"odds":164,"spread":-1.5},"betmgm":{"odds":-200,"spread":1.5},"draftkings":{"odds":-204,"spread":1.5},"williamhill_us":{"odds":-195,"spread":1.5},"bovada":{"odds":-200,"spread":1.5}},"7":{"fanduel":{"odds":-132,"spread":1.5},"betmgm":{"odds":-135,"spread":1.5},"draftkings":{"odds":-123,"spread":1.5},"williamhill_us":{"odds":-120,"spread":1.5},"bovada":{"odds":-130,"spread":1.5}},"8":{"fanduel":{"odds":-128,"spread":1.5},"williamhill_us":{"odds":-125,"spread":1.5},"bovada":{"odds":-130,"spread":1.5},"betmgm":{"odds":-125,"spread":1.5},"draftkings":{"odds":-126,"spread":1.5}}}}