{"game_id":{"0":"60ea4be5f7a9bd97fd35cbbbe9e208fa","1":"5d7782b4079153d44f30c8b3b9ccf495","2":"0659b2fd47b200a2c0fe612b8a32e5b1","3":"6990aa317792d95bc36b258c5662a9b4","4":"8bf07e3c1ae5450be5661196332a989f","5":"13038bc4537d05af00935232c7a96b21","6":"82ca2e0ae47260f1183ee3abf8a69169","7":"a18a19981ef7d4e6c9f6244dc08e597a","8":"42fd4ebc22c3536132b84d9c0a55ef29","9":"13c307bac70250bed56ce2a649cc492e","10":"a8e5153e31f262e9df1bef1566519c3f","11":"daf39ff0f5f85b7da76274b743b1ab1f","12":"14c70bb665938baff9719079a82cbb93","13":"d98976061eadebf5d9ba5c0632212976"},"home_team":{"0":"Miami Marlins","1":"Tampa Bay Rays","2":"Philadelphia Phillies","3":"Detroit Tigers","4":"Washington Nationals","5":"New York Yankees","6":"Kansas City Royals","7":"Chicago Cubs","8":"Minnesota Twins","9":"Colorado Rockies","10":"Los Angeles Angels","11":"Arizona Diamondbacks","12":"Seattle Mariners","13":"San Diego Padres"},"away_team":{"0":"Atlanta Braves","1":"Baltimore Orioles","2":"Cincinnati Reds","3":"Cleveland Guardians","4":"New York Mets","5":"Toronto Blue Jays","6":"Boston Red Sox","7":"Milwaukee Brewers","8":"Houston Astros","9":"Texas Rangers","10":"Athletics","11":"San Francisco Giants","12":"Chicago White Sox","13":"Los Angeles Dodgers"},"home_spread":{"0":-1.5,"1":-1.5,"2":-1.5,"3":-1.5,"4":1.5,"5":-1.5,"6":-1.5,"7":-1.5,"8":-1.5,"9":1.5,"10":1.5,"11":-1.5,"12":-1.5,"13":1.5},"away_spread":{"0":-1.5,"1":1.5,"2":-1.5,"3":1.5,"4":-1.5,"5":1.5,"6":-1.5,"7":1.5,"8":-1.5,"9":-1.5,"10":-1.5,"11":1.5,"12":1.5,"13":-1.5},"best_home_odds":{"0":185,"1":146,"2":165,"3":145,"4":-130,"5":105,"6":180,"7":125,"8":170,"9":-123,"10":-145,"11":146,"12":135,"13":-130},"best_away_odds":{"0":158,"1":-160,"2":153,"3":-164,"4":115,"5":-115,"6":146,"7":-130,"8":150,"9":105,"10":130,"11":-170,"12":-154,"13":120},"home_cover_nv_prob":{"0":0.4751381215,"1":0.3977968176,"2":0.4884169884,"3":0.3965154701,"4":0.5485770363,"5":0.4769828064,"6":0.4676806084,"7":0.4401913876,"8":0.4807692308,"9":0.5306745238,"10":0.5764909248,"11":0.3923278117,"12":0.4124046111,"13":0.5542635659},"away_cover_nv_prob":{"0":0.5248618785,"1":0.6022031824,"2":0.5115830116,"3":0.6034845299,"4":0.4514229637,"5":0.5230171936,"6":0.5323193916,"7":0.5598086124,"8":0.5192307692,"9":0.4693254762,"10":0.4235090752,"11":0.6076721883,"12":0.5875953889,"13":0.4457364341},"books_home":{"0":{"fanduel":{"odds":-192,"spread":1.5},"draftkings":{"odds":-171,"spread":1.5},"williamhill_us":{"odds":180,"spread":-1.5},"betmgm":{"odds":-190,"spread":1.5},"bovada":{"odds":185,"spread":-1.5}},"1":{"fanduel":{"odds":146,"spread":-1.5},"draftkings":{"odds":134,"spread":-1.5},"williamhill_us":{"odds":140,"spread":-1.5},"betmgm":{"odds":135,"spread":-1.5},"bovada":{"odds":135,"spread":-1.5}},"2":{"fanduel":{"odds":164,"spread":-1.5},"draftkings":{"odds":-186,"spread":1.5},"williamhill_us":{"odds":158,"spread":-1.5},"betmgm":{"odds":155,"spread":-1.5},"bovada":{"odds":165,"spread":-1.5}},"3":{"fanduel":{"odds":136,"spread":-1.5},"draftkings":{"odds":141,"spread":-1.5},"williamhill_us":{"odds":143,"spread":-1.5},"betmgm":{"odds":140,"spread":-1.5},"bovada":{"odds":145,"spread":-1.5}},"4":{"fanduel":{"odds":-134,"spread":1.5},"williamhill_us":{"odds":-130,"spread":1.5},"draftkings":{"odds":-130,"spread":1.5},"betmgm":{"odds":-135,"spread":1.5},"bovada":{"odds":-135,"spread":1.5}},"5":{"fanduel":{"odds":-102,"spread":-1.5},"williamhill_us":{"odds":-105,"spread":-1.5},"draftkings":{"odds":-102,"spread":-1.5},"betmgm":{"odds":-102,"spread":-1.5},"bovada":{"odds":105,"spread":-1.5}},"6":{"fanduel":{"odds":-176,"spread":1.5},"draftkings":{"odds":-172,"spread":1.5},"williamhill_us":{"odds":-170,"spread":1.5},"betmgm":{"odds":-175,"spread":1.5},"bovada":{"odds":180,"spread":-1.5}},"7":{"fanduel":{"odds":118,"spread":-1.5},"draftkings":{"odds":114,"spread":-1.5},"williamhill_us":{"odds":110,"spread":-1.5},"betmgm":{"odds":110,"spread":-1.5},"bovada":{"odds":125,"spread":-1.5}},"8":{"fanduel":{"odds":-182,"spread":1.5},"williamhill_us":{"odds":170,"spread":-1.5},"draftkings":{"odds":-174,"spread":1.5},"bovada":{"odds":170,"spread":-1.5}},"9":{"fanduel":{"odds":-125,"spread":1.5},"draftkings":{"odds":-123,"spread":1.5},"williamhill_us":{"odds":-125,"spread":1.5},"betmgm":{"odds":-125,"spread":1.5},"bovada":{"odds":-125,"spread":1.5}},"10":{"fanduel":{"odds":-152,"spread":1.5},"draftkings":{"odds":-149,"spread":1.5},"williamhill_us":{"odds":-145,"spread":1.5},"betmgm":{"odds":-150,"spread":1.5},"bovada":{"odds":-150,"spread":1.5}},"11":{"fanduel":{"odds":146,"spread":-1.5},"draftkings":{"odds":144,"spread":-1.5},"williamhill_us":{"odds":143,"spread":-1.5},"betmgm":{"odds":145,"spread":-1.5},"bovada":{"odds":145,"spread":-1.5}},"12":{"fanduel":{"odds":128,"spread":-1.5},"williamhill_us":{"odds":135,"spread":-1.5},"draftkings":{"odds":131,"spread":-1.5},"betmgm":{"odds":135,"spread":-1.5},"bovada":{"odds":135,"spread":-1.5}},"13":{"fanduel":{"odds":-134,"spread":1.5},"draftkings":{"odds":-137,"spread":1.5},"betmgm":{"odds":-130,"spread":1.5},"bovada":{"odds":-140,"spread":1.5},"williamhill_us":{"odds":-135,"spread":1.5}}},"books_away":{"0":{"fanduel":{"odds":158,"spread":-1.5},"draftkings":{"odds":141,"spread":-1.5},"williamhill_us":{"odds":-220,"spread":1.5},"betmgm":{"odds":155,"spread":-1.5},"bovada":{"odds":-225,"spread":1.5}},"1":{"fanduel":{"odds":-178,"spread":1.5},"draftkings":{"odds":-162,"spread":1.5},"williamhill_us":{"odds":-165,"spread":1.5},"betmgm":{"odds":-165,"spread":1.5},"bovada":{"odds":-160,"spread":1.5}},"2":{"fanduel":{"odds":-200,"spread":1.5},"draftkings":{"odds":153,"spread":-1.5},"williamhill_us":{"odds":-190,"spread":1.5},"betmgm":{"odds":-190,"spread":1.5},"bovada":{"odds":-195,"spread":1.5}},"3":{"fanduel":{"odds":-164,"spread":1.5},"draftkings":{"odds":-171,"spread":1.5},"williamhill_us":{"odds":-170,"spread":1.5},"betmgm":{"odds":-170,"spread":1.5},"bovada":{"odds":-170,"spread":1.5}},"4":{"fanduel":{"odds":112,"spread":-1.5},"williamhill_us":{"odds":110,"spread":-1.5},"draftkings":{"odds":108,"spread":-1.5},"betmgm":{"odds":110,"spread":-1.5},"bovada":{"odds":115,"spread":-1.5}},"5":{"fanduel":{"odds":-118,"spread":1.5},"williamhill_us":{"odds":-115,"spread":1.5},"draftkings":{"odds":-118,"spread":1.5},"betmgm":{"odds":-118,"spread":1.5},"bovada":{"odds":-125,"spread":1.5}},"6":{"fanduel":{"odds":146,"spread":-1.5},"draftkings":{"odds":142,"spread":-1.5},"williamhill_us":{"odds":143,"spread":-1.5},"betmgm":{"odds":145,"spread":-1.5},"bovada":{"odds":-220,"spread":1.5}},"7":{"fanduel":{"odds":-142,"spread":1.5},"draftkings":{"odds":-137,"spread":1.5},"williamhill_us":{"odds":-130,"spread":1.5},"betmgm":{"odds":-130,"spread":1.5},"bovada":{"odds":-145,"spread":1.5}},"8":{"fanduel":{"odds":150,"spread":-1.5},"williamhill_us":{"odds":-205,"spread":1.5},"draftkings":{"odds":144,"spread":-1.5},"bovada":{"odds":-200,"spread":1.5}},"9":{"fanduel":{"odds":104,"spread":-1.5},"draftkings":{"odds":102,"spread":-1.5},"williamhill_us":{"odds":105,"spread":-1.5},"betmgm":{"odds":105,"spread":-1.5},"bovada":{"odds":105,"spread":-1.5}},"10":{"fanduel":{"odds":126,"spread":-1.5},"draftkings":{"odds":123,"spread":-1.5},"williamhill_us":{"odds":122,"spread":-1.5},"betmgm":{"odds":125,"spread":-1.5},"bovada":{"odds":130,"spread":-1.5}},"11":{"fanduel":{"odds":-176,"spread":1.5},"draftkings":{"odds":-175,"spread":1.5},"williamhill_us":{"odds":-170,"spread":1.5},"betmgm":{"odds":-175,"spread":1.5},"bovada":{"odds":-170,"spread":1.5}},"12":{"fanduel":{"odds":-154,"spread":1.5},"williamhill_us":{"odds":-160,"spread":1.5},"draftkings":{"odds":-158,"spread":1.5},"betmgm":{"odds":-160,"spread":1.5},"bovada":{"odds":-160,"spread":1.5}},"13":{"fanduel":{"odds":112,"spread":-1.5},"draftkings":{"odds":114,"spread":-1.5},"betmgm":{"odds":110,"spread":-1.5},"bovada":{"odds":120,"spread":-1.5},"williamhill_us":{"odds":115,"spread":-1.5}}}}