{"game_id":{"0":"82cf57a7eb3eb607b4974df6f4e91d9a","1":"a23f07d17eae739724cce22627234e9d","2":"52944578139d1cc9d53affce8af65768","3":"f3793a945f583ad6ff12a5b062c5f3f7","4":"ff2eed0425501f8822f495d136bacbb3","5":"e1a3281e16fe3ecc561ab59a2150f324","6":"0e8be2dcf9f09a0e06d78026cce411cc","7":"a0e79d40ffa34443e7b94247edbd9363","8":"760efdb51921a34fbd7c8547eafcb545","9":"5242327588eadc6af4c8050a32d92f63","10":"07dae97a577c9f8fc2d464d68dfba8ed","11":"8d82bf3147f99fc93e30a28642eb19c1","12":"5205127abeb3d8f956e9e3201fd85f68","13":"56e59f81876d8980be713a90fbef9a3d","14":"ead7229cac20dbbe3dbf60560e0434bb"},"home_team":{"0":"Philadelphia Phillies","1":"Detroit Tigers","2":"Chicago Cubs","3":"Toronto Blue Jays","4":"New York Mets","5":"Kansas City Royals","6":"Cincinnati Reds","7":"Tampa Bay Rays","8":"Milwaukee Brewers","9":"Atlanta Braves","10":"Baltimore Orioles","11":"St. Louis Cardinals","12":"San Diego Padres","13":"Los Angeles Dodgers","14":"Seattle Mariners"},"away_team":{"0":"Arizona Diamondbacks","1":"Miami Marlins","2":"Pittsburgh Pirates","3":"Minnesota Twins","4":"Athletics","5":"Chicago White Sox","6":"Los Angeles Angels","7":"New York Yankees","8":"Washington Nationals","9":"Cleveland Guardians","10":"San Francisco Giants","11":"Boston Red Sox","12":"Colorado Rockies","13":"Texas Rangers","14":"Houston Astros"},"home_spread":{"0":-1.5,"1":-1.5,"2":-1.5,"3":-1.5,"4":-1.5,"5":-1.5,"6":-1.5,"7":1.5,"8":-1.5,"9":-1.5,"10":1.5,"11":1.5,"12":-1.5,"13":-1.5,"14":-1.5},"away_spread":{"0":1.5,"1":1.5,"2":1.5,"3":-1.5,"4":1.5,"5":1.5,"6":1.5,"7":-1.5,"8":1.5,"9":-1.5,"10":-1.5,"11":-1.5,"12":1.5,"13":1.5,"14":1.5},"best_home_odds":{"0":155,"1":160,"2":160,"3":180,"4":140,"5":110,"6":150,"7":-108,"8":130,"9":180,"10":-170,"11":-140,"12":130,"13":114,"14":150},"best_away_odds":{"0":-170,"1":-185,"2":-181,"3":165,"4":-150,"5":-125,"6":-170,"7":-105,"8":-140,"9":158,"10":145,"11":125,"12":-150,"13":-130,"14":-170},"home_cover_nv_prob":{"0":0.3837953092,"1":0.3720626632,"2":0.3738690793,"3":0.4862385321,"4":0.4098360656,"5":0.4615384615,"6":0.3884892086,"7":0.5034106412,"8":0.4270462633,"9":0.4795539033,"10":0.6067006555,"11":0.5675675676,"12":0.4201680672,"13":0.4525777253,"14":0.3884892086},"away_cover_nv_prob":{"0":0.6162046908,"1":0.6279373368,"2":0.6261309207,"3":0.5137614679,"4":0.5901639344,"5":0.5384615385,"6":0.6115107914,"7":0.4965893588,"8":0.5729537367,"9":0.5204460967,"10":0.3932993445,"11":0.4324324324,"12":0.5798319328,"13":0.5474222747,"14":0.6115107914},"books_home":{"0":{"fanduel":{"odds":142,"spread":-1.5},"draftkings":{"odds":144,"spread":-1.5},"williamhill_us":{"odds":143,"spread":-1.5},"betmgm":{"odds":155,"spread":-1.5},"bovada":{"odds":150,"spread":-1.5}},"1":{"fanduel":{"odds":158,"spread":-1.5},"draftkings":{"odds":153,"spread":-1.5},"williamhill_us":{"odds":158,"spread":-1.5},"betmgm":{"odds":155,"spread":-1.5},"bovada":{"odds":160,"spread":-1.5}},"2":{"fanduel":{"odds":152,"spread":-1.5},"draftkings":{"odds":149,"spread":-1.5},"williamhill_us":{"odds":158,"spread":-1.5},"betmgm":{"odds":155,"spread":-1.5},"bovada":{"odds":160,"spread":-1.5}},"3":{"fanduel":{"odds":-196,"spread":1.5},"draftkings":{"odds":-186,"spread":1.5},"williamhill_us":{"odds":180,"spread":-1.5},"betmgm":{"odds":-200,"spread":1.5},"bovada":{"odds":180,"spread":-1.5}},"4":{"fanduel":{"odds":136,"spread":-1.5},"draftkings":{"odds":135,"spread":-1.5},"williamhill_us":{"odds":140,"spread":-1.5},"betmgm":{"odds":140,"spread":-1.5},"bovada":{"odds":130,"spread":-1.5}},"5":{"fanduel":{"odds":104,"spread":-1.5},"draftkings":{"odds":109,"spread":-1.5},"williamhill_us":{"odds":110,"spread":-1.5},"betmgm":{"odds":110,"spread":-1.5},"bovada":{"odds":110,"spread":-1.5}},"6":{"fanduel":{"odds":150,"spread":-1.5},"draftkings":{"odds":144,"spread":-1.5},"williamhill_us":{"odds":143,"spread":-1.5},"betmgm":{"odds":145,"spread":-1.5},"bovada":{"odds":150,"spread":-1.5}},"7":{"fanduel":{"odds":-110,"spread":1.5},"draftkings":{"odds":-108,"spread":1.5},"williamhill_us":{"odds":-110,"spread":1.5},"betmgm":{"odds":-115,"spread":1.5},"bovada":{"odds":-110,"spread":1.5}},"8":{"fanduel":{"odds":116,"spread":-1.5},"draftkings":{"odds":119,"spread":-1.5},"williamhill_us":{"odds":118,"spread":-1.5},"betmgm":{"odds":125,"spread":-1.5},"bovada":{"odds":130,"spread":-1.5}},"9":{"fanduel":{"odds":-194,"spread":1.5},"draftkings":{"odds":-184,"spread":1.5},"williamhill_us":{"odds":180,"spread":-1.5},"bovada":{"odds":180,"spread":-1.5}},"10":{"fanduel":{"odds":-176,"spread":1.5},"draftkings":{"odds":-171,"spread":1.5},"williamhill_us":{"odds":-170,"spread":1.5},"betmgm":{"odds":-175,"spread":1.5},"bovada":{"odds":-170,"spread":1.5}},"11":{"fanduel":{"odds":-146,"spread":1.5},"draftkings":{"odds":-143,"spread":1.5},"williamhill_us":{"odds":-140,"spread":1.5},"betmgm":{"odds":-145,"spread":1.5},"bovada":{"odds":-145,"spread":1.5}},"12":{"fanduel":{"odds":130,"spread":-1.5},"draftkings":{"odds":129,"spread":-1.5},"williamhill_us":{"odds":130,"spread":-1.5},"betmgm":{"odds":125,"spread":-1.5},"bovada":{"odds":130,"spread":-1.5}},"13":{"fanduel":{"odds":114,"spread":-1.5},"draftkings":{"odds":109,"spread":-1.5},"williamhill_us":{"odds":110,"spread":-1.5},"betmgm":{"odds":110,"spread":-1.5},"bovada":{"odds":110,"spread":-1.5}},"14":{"fanduel":{"odds":140,"spread":-1.5},"williamhill_us":{"odds":143,"spread":-1.5},"draftkings":{"odds":144,"spread":-1.5},"betmgm":{"odds":150,"spread":-1.5},"bovada":{"odds":150,"spread":-1.5}}},"books_away":{"0":{"fanduel":{"odds":-172,"spread":1.5},"draftkings":{"odds":-175,"spread":1.5},"williamhill_us":{"odds":-170,"spread":1.5},"betmgm":{"odds":-190,"spread":1.5},"bovada":{"odds":-175,"spread":1.5}},"1":{"fanduel":{"odds":-192,"spread":1.5},"draftkings":{"odds":-186,"spread":1.5},"williamhill_us":{"odds":-190,"spread":1.5},"betmgm":{"odds":-190,"spread":1.5},"bovada":{"odds":-185,"spread":1.5}},"2":{"fanduel":{"odds":-184,"spread":1.5},"draftkings":{"odds":-181,"spread":1.5},"williamhill_us":{"odds":-190,"spread":1.5},"betmgm":{"odds":-190,"spread":1.5},"bovada":{"odds":-185,"spread":1.5}},"3":{"fanduel":{"odds":162,"spread":-1.5},"draftkings":{"odds":153,"spread":-1.5},"williamhill_us":{"odds":-220,"spread":1.5},"betmgm":{"odds":165,"spread":-1.5},"bovada":{"odds":-220,"spread":1.5}},"4":{"fanduel":{"odds":-164,"spread":1.5},"draftkings":{"odds":-163,"spread":1.5},"williamhill_us":{"odds":-165,"spread":1.5},"betmgm":{"odds":-165,"spread":1.5},"bovada":{"odds":-150,"spread":1.5}},"5":{"fanduel":{"odds":-125,"spread":1.5},"draftkings":{"odds":-131,"spread":1.5},"williamhill_us":{"odds":-130,"spread":1.5},"betmgm":{"odds":-130,"spread":1.5},"bovada":{"odds":-130,"spread":1.5}},"6":{"fanduel":{"odds":-182,"spread":1.5},"draftkings":{"odds":-175,"spread":1.5},"williamhill_us":{"odds":-170,"spread":1.5},"betmgm":{"odds":-175,"spread":1.5},"bovada":{"odds":-175,"spread":1.5}},"7":{"fanduel":{"odds":-110,"spread":-1.5},"draftkings":{"odds":-112,"spread":-1.5},"williamhill_us":{"odds":-110,"spread":-1.5},"betmgm":{"odds":-105,"spread":-1.5},"bovada":{"odds":-110,"spread":-1.5}},"8":{"fanduel":{"odds":-140,"spread":1.5},"draftkings":{"odds":-143,"spread":1.5},"williamhill_us":{"odds":-140,"spread":1.5},"betmgm":{"odds":-150,"spread":1.5},"bovada":{"odds":-150,"spread":1.5}},"9":{"fanduel":{"odds":158,"spread":-1.5},"draftkings":{"odds":152,"spread":-1.5},"williamhill_us":{"odds":-220,"spread":1.5},"bovada":{"odds":-220,"spread":1.5}},"10":{"fanduel":{"odds":142,"spread":-1.5},"draftkings":{"odds":141,"spread":-1.5},"williamhill_us":{"odds":143,"spread":-1.5},"betmgm":{"odds":145,"spread":-1.5},"bovada":{"odds":145,"spread":-1.5}},"11":{"fanduel":{"odds":122,"spread":-1.5},"draftkings":{"odds":119,"spread":-1.5},"williamhill_us":{"odds":118,"spread":-1.5},"betmgm":{"odds":120,"spread":-1.5},"bovada":{"odds":125,"spread":-1.5}},"12":{"fanduel":{"odds":-156,"spread":1.5},"draftkings":{"odds":-156,"spread":1.5},"williamhill_us":{"odds":-155,"spread":1.5},"betmgm":{"odds":-150,