{"game_id":{"0":"6b2d5ebb90ade419f4d5c59b95c1b301","1":"f1f5588e7499f45638568bb30db784a3","2":"e794b5b54765be45db1d4e7681c62e39","3":"cc7b9980605dd66040b354031b4491c8","4":"2638aded4f2e2359a902072c9d2fba22","5":"c0881b4a195ada00f7db5d84c6cef8b7","6":"8cb0cf3de3f70a1993a155d8d3cfef98","7":"4b228f8e92985dcf7be730bd8e8c2c5d","8":"58b1dff480365011b5d7ad2e1c40baae","9":"a5e515bbcd25515bb500f052064aa31d","10":"ca5e359ff82548cecbaa7a8695e9fbf0","11":"c53d7080fd560dbde65770d1a7facbfd","12":"d89740dbc48f3d782b0e473629494f6b","13":"a6224f9c00c2799d9f58de009bf48393","14":"8c4164a5b90b37ee80487fbe77607394"},"home_team":{"0":"Detroit Tigers","1":"St. Louis Cardinals","2":"Colorado Rockies","3":"Washington Nationals","4":"Pittsburgh Pirates","5":"Tampa Bay Rays","6":"Cleveland Guardians","7":"Chicago White Sox","8":"Houston Astros","9":"Minnesota Twins","10":"Atlanta Braves","11":"New York Mets","12":"Seattle Mariners","13":"Los Angeles Angels","14":"Athletics"},"away_team":{"0":"Toronto Blue Jays","1":"Kansas City Royals","2":"Arizona Diamondbacks","3":"Baltimore Orioles","4":"Philadelphia Phillies","5":"Miami Marlins","6":"Cincinnati Reds","7":"Chicago Cubs","8":"Texas Rangers","9":"Milwaukee Brewers","10":"Boston Red Sox","11":"New York Yankees","12":"San Diego Padres","13":"Los Angeles Dodgers","14":"San Francisco Giants"},"home_spread":{"0":-1.5,"1":-1.5,"2":1.5,"3":-1.5,"4":1.5,"5":-1.5,"6":-1.5,"7":-1.5,"8":1.5,"9":1.5,"10":-1.5,"11":1.5,"12":-1.5,"13":1.5,"14":-1.5},"away_spread":{"0":1.5,"1":-1.5,"2":-1.5,"3":-1.5,"4":-1.5,"5":1.5,"6":1.5,"7":-1.5,"8":-1.5,"9":-1.5,"10":1.5,"11":-1.5,"12":1.5,"13":-1.5,"14":1.5},"best_home_odds":{"0":165,"1":165,"2":-120,"3":175,"4":-115,"5":155,"6":125,"7":180,"8":-137,"9":-155,"10":150,"11":-145,"12":135,"13":-140,"14":150},"best_away_odds":{"0":-180,"1":164,"2":112,"3":144,"4":100,"5":-178,"6":-140,"7":152,"8":120,"9":135,"10":-165,"11":130,"12":-150,"13":122,"14":-170},"home_cover_nv_prob":{"0":0.3698811096,"1":0.4990548204,"2":0.5362563238,"3":0.4701348748,"4":0.5168539326,"5":0.3798333106,"6":0.4324324324,"7":0.4736842105,"8":0.5598068351,"9":0.5882115462,"10":0.3911439114,"11":0.5764909248,"12":0.4149377593,"13":0.5642701525,"14":0.3884892086},"away_cover_nv_prob":{"0":0.6301188904,"1":0.5009451796,"2":0.4637436762,"3":0.5298651252,"4":0.4831460674,"5":0.6201666894,"6":0.5675675676,"7":0.5263157895,"8":0.4401931649,"9":0.4117884538,"10":0.6088560886,"11":0.4235090752,"12":0.5850622407,"13":0.4357298475,"14":0.6115107914},"books_home":{"0":{"fanduel":{"odds":158,"spread":-1.5},"betmgm":{"odds":165,"spread":-1.5},"williamhill_us":{"odds":158,"spread":-1.5},"draftkings":{"odds":161,"spread":-1.5},"bovada":{"odds":155,"spread":-1.5}},"1":{"fanduel":{"odds":-200,"spread":1.5},"williamhill_us":{"odds":162,"spread":-1.5},"draftkings":{"odds":-192,"spread":1.5},"betmgm":{"odds":-190,"spread":1.5},"bovada":{"odds":165,"spread":-1.5}},"2":{"fanduel":{"odds":-134,"spread":1.5},"williamhill_us":{"odds":-125,"spread":1.5},"draftkings":{"odds":-126,"spread":1.5},"betmgm":{"odds":-120,"spread":1.5},"bovada":{"odds":-120,"spread":1.5}},"3":{"fanduel":{"odds":-172,"spread":1.5},"williamhill_us":{"odds":-165,"spread":1.5},"draftkings":{"odds":-175,"spread":1.5},"betmgm":{"odds":-170,"spread":1.5},"bovada":{"odds":175,"spread":-1.5}},"4":{"fanduel":{"odds":-115,"spread":1.5},"williamhill_us":{"odds":-115,"spread":1.5},"draftkings":{"odds":-118,"spread":1.5},"betmgm":{"odds":-120,"spread":1.5},"bovada":{"odds":-120,"spread":1.5}},"5":{"fanduel":{"odds":152,"spread":-1.5},"williamhill_us":{"odds":150,"spread":-1.5},"draftkings":{"odds":152,"spread":-1.5},"betmgm":{"odds":150,"spread":-1.5},"bovada":{"odds":155,"spread":-1.5}},"6":{"fanduel":{"odds":122,"spread":-1.5},"williamhill_us":{"odds":118,"spread":-1.5},"draftkings":{"odds":119,"spread":-1.5},"betmgm":{"odds":118,"spread":-1.5},"bovada":{"odds":125,"spread":-1.5}},"7":{"fanduel":{"odds":-184,"spread":1.5},"williamhill_us":{"odds":-170,"spread":1.5},"draftkings":{"odds":-181,"spread":1.5},"betmgm":{"odds":-180,"spread":1.5},"bovada":{"odds":180,"spread":-1.5}},"8":{"fanduel":{"odds":-137,"spread":1.5},"williamhill_us":{"odds":-140,"spread":1.5},"draftkings":{"odds":-144,"spread":1.5},"betmgm":{"odds":-140,"spread":1.5},"bovada":{"odds":-140,"spread":1.5}},"9":{"fanduel":{"odds":-162,"spread":1.5},"williamhill_us":{"odds":-155,"spread":1.5},"draftkings":{"odds":-155,"spread":1.5},"bovada":{"odds":-160,"spread":1.5}},"10":{"fanduel":{"odds":138,"spread":-1.5},"williamhill_us":{"odds":140,"spread":-1.5},"draftkings":{"odds":139,"spread":-1.5},"betmgm":{"odds":140,"spread":-1.5},"bovada":{"odds":150,"spread":-1.5}},"11":{"fanduel":{"odds":-146,"spread":1.5},"betmgm":{"odds":-150,"spread":1.5},"draftkings":{"odds":-149,"spread":1.5},"williamhill_us":{"odds":-145,"spread":1.5},"bovada":{"odds":-150,"spread":1.5}},"12":{"fanduel":{"odds":125,"spread":-1.5},"betmgm":{"odds":135,"spread":-1.5},"williamhill_us":{"odds":135,"spread":-1.5},"draftkings":{"odds":133,"spread":-1.5},"bovada":{"odds":135,"spread":-1.5}},"13":{"fanduel":{"odds":-146,"spread":1.5},"williamhill_us":{"odds":-140,"spread":1.5},"draftkings":{"odds":-143,"spread":1.5},"betmgm":{"odds":-145,"spread":1.5},"bovada":{"odds":-140,"spread":1.5}},"14":{"fanduel":{"odds":150,"spread":-1.5},"williamhill_us":{"odds":143,"spread":-1.5},"draftkings":{"odds":144,"spread":-1.5},"betmgm":{"odds":145,"spread":-1.5},"bovada":{"odds":150,"spread":-1.5}}},"books_away":{"0":{"fanduel":{"odds":-194,"spread":1.5},"betmgm":{"odds":-200,"spread":1.5},"williamhill_us":{"odds":-190,"spread":1.5},"draftkings":{"odds":-197,"spread":1.5},"bovada":{"odds":-180,"spread":1.5}},"1":{"fanduel":{"odds":164,"spread":-1.5},"williamhill_us":{"odds":-195,"spread":1.5},"draftkings":{"odds":158,"spread":-1.5},"betmgm":{"odds":155,"spread":-1.5},"bovada":{"odds":-195,"spread":1.5}},"2":{"fanduel":{"odds":112,"spread":-1.5},"williamhill_us":{"odds":105,"spread":-1.5},"draftkings":{"odds":105,"spread":-1.5},"betmgm":{"odds":100,"spread":-1.5},"bovada":{"odds":100,"spread":-1.5}},"3":{"fanduel":{"odds":142,"spread":-1.5},"williamhill_us":{"odds":140,"spread":-1.5},"draftkings":{"odds":144,"spread":-1.5},"betmgm":{"odds":140,"spread":-1.5},"bovada":{"odds":-210,"spread":1.5}},"4":{"fanduel":{"odds":-104,"spread":-1.5},"williamhill_us":{"odds":-105,"spread":-1.5},"draftkings":{"odds":-102,"spread":-1.5},"betmgm":{"odds":100,"spread":-1.5},"bovada":{"odds":100,"spread":-1.5}},"5":{"fanduel":{"odds":-184,"spread":1.5},"williamhill_us":{"odds":-178,"spread":1.5},"draftkings":{"odds":-185,"spread":1.5},"betmgm":{"odds":-180,"spread":1.5},"bovada":{"odds":-180,"spread":1.5}},"6":{"fanduel":{"odds":-146,"spread":1.5},"williamhill_us":{"odds":-140,"spread":1.5},"draftkings":{"odds":-143,"spread":1.5},"betmgm":{"odds":-140,"spread":1.5},"bovada":{"odds":-145,"spread":1.5}},"7":{"fanduel":{"odds":152,"spread":-1.5},"williamhill_us":{"odds":143,"spread":-1.5},"draftkings":{"odds":149,"spread":-1.5},"betmgm":{"odds":150,"spread":-1.5},"bovada":{"odds":-220,"spread":1.5}},"8":{"fanduel":{"odds":114,"spread":-1.5},"williamhill_us":{"odds":118,"spread":-1.5},"draftkings":{"odds":119,"spread":-1.5},"betmgm":{"odds":118,"spread":-1.5},"bovada":{"odds":120,"spread":-1.5}},"9":{"fanduel":{"odds":134,"spread":-1.5},"williamhill_us":{"odds":130,"spread":-1.5},"draftkings":{"odds":129,"spread":-1.5},"bovada":{"odds":135,"spread":-1.5}},"10":{"fanduel":{"odds":-166,"spread":1.5},"williamhill_us":{"odds":-165,"spread":1.5},"draftkings":{"odds":-169,"spread":1.5},"betmgm":{"odds":-170,"spread":1.5},"bovada":{"odds":-175,"spread":1.5}},"11":{"fanduel":{"odds":122,"spread":-1.5},"betmgm":{"odds":125,"spread":-1.5},"draftkings":{"odds":123,"spread":-1.5},"williamhill_us":{"odds":122,"spread":-1.5},"bovada":{"odds":130,"spread":-1.5}},"12":{"fanduel":{"odds":-150,"spread":1.5},"betmgm":{"odds":-160,"spread":1.5},"williamhill_us":{"odds":-160,"spread":1.5},"draftkings":{"odds":-161,