{"game_id":{"0":"73486391be3ca754c34d1a20ca7fbf6c","1":"d1a33cbd30c6a1734e919a36c80b83b5","2":"bee59a7dbd5441cad240f0571973b255","3":"9e7ec8d783bb18b8a2775b32d91e9824","4":"31eba8fe40243a3e0e029a8b9949d756","5":"3ca053166f16be8d40c5adfe1a2bd8aa","6":"859f56a081b813c2f16240bc2687f241","7":"682766eb5df9e22bd3689cd7ae59899b","8":"7440e18762df663a2c7e8fe443772540","9":"2b93a316b12e1dddfcb752bed7aa43d6","10":"9fc40cd3ea77063176a73e678395da73","11":"54b22c486dccf3bc503a2b33ec17f157","12":"0823b4e80b16060db3aba85b41348d18","13":"fef20c017b9718b5324615b7ba93f173","14":"f8b638ebe3a01e645658b4699fd18198"},"home_team":{"0":"Washington Nationals","1":"Tampa Bay Rays","2":"Minnesota Twins","3":"Seattle Mariners","4":"Philadelphia Phillies","5":"Boston Red Sox","6":"New York Yankees","7":"Cincinnati Reds","8":"Atlanta Braves","9":"Milwaukee Brewers","10":"St. Louis Cardinals","11":"Chicago Cubs","12":"Houston Astros","13":"Los Angeles Angels","14":"Arizona Diamondbacks"},"away_team":{"0":"Miami Marlins","1":"Detroit Tigers","2":"Chicago White Sox","3":"New York Mets","4":"San Diego Padres","5":"Baltimore Orioles","6":"Cleveland Guardians","7":"Kansas City Royals","8":"Toronto Blue Jays","9":"San Francisco Giants","10":"Texas Rangers","11":"Athletics","12":"Pittsburgh Pirates","13":"Colorado Rockies","14":"Los Angeles Dodgers"},"home_spread":{"0":1.5,"1":-1.5,"2":-1.5,"3":-1.5,"4":-1.5,"5":-1.5,"6":-1.5,"7":-1.5,"8":-1.5,"9":-1.5,"10":-1.5,"11":-1.5,"12":1.5,"13":-1.5,"14":1.5},"away_spread":{"0":-1.5,"1":1.5,"2":1.5,"3":1.5,"4":1.5,"5":1.5,"6":1.5,"7":1.5,"8":1.5,"9":1.5,"10":-1.5,"11":-1.5,"12":-1.5,"13":1.5,"14":-1.5},"best_home_odds":{"0":-170,"1":146,"2":135,"3":160,"4":105,"5":135,"6":136,"7":135,"8":142,"9":146,"10":175,"11":158,"12":-125,"13":135,"14":-104},"best_away_odds":{"0":155,"1":-165,"2":-158,"3":-184,"4":-110,"5":-160,"6":-158,"7":-160,"8":-160,"9":-155,"10":158,"11":164,"12":110,"13":-156,"14":-114},"home_cover_nv_prob":{"0":0.6162046908,"1":0.3949918021,"2":0.4099793421,"3":0.3725078699,"4":0.4822043628,"5":0.4088050314,"6":0.4089525742,"7":0.4088050314,"8":0.4017305315,"9":0.4007543612,"10":0.4840525328,"11":0.5057471264,"12":0.5384615385,"13":0.4111789271,"14":0.4890138864},"away_cover_nv_prob":{"0":0.3837953092,"1":0.6050081979,"2":0.5900206579,"3":0.6274921301,"4":0.5177956372,"5":0.5911949686,"6":0.5910474258,"7":0.5911949686,"8":0.5982694685,"9":0.5992456388,"10":0.5159474672,"11":0.4942528736,"12":0.4615384615,"13":0.5888210729,"14":0.5109861136},"books_home":{"0":{"fanduel":{"odds":-184,"spread":1.5},"draftkings":{"odds":-184,"spread":1.5},"williamhill_us":{"odds":-170,"spread":1.5},"bovada":{"odds":-180,"spread":1.5},"betmgm":{"odds":-185,"spread":1.5}},"1":{"fanduel":{"odds":146,"spread":-1.5},"draftkings":{"odds":139,"spread":-1.5},"williamhill_us":{"odds":143,"spread":-1.5},"bovada":{"odds":140,"spread":-1.5},"betmgm":{"odds":140,"spread":-1.5}},"2":{"fanduel":{"odds":134,"spread":-1.5},"draftkings":{"odds":131,"spread":-1.5},"williamhill_us":{"odds":135,"spread":-1.5},"bovada":{"odds":135,"spread":-1.5},"betmgm":{"odds":135,"spread":-1.5}},"3":{"fanduel":{"odds":152,"spread":-1.5},"draftkings":{"odds":153,"spread":-1.5},"williamhill_us":{"odds":158,"spread":-1.5},"bovada":{"odds":160,"spread":-1.5},"betmgm":{"odds":150,"spread":-1.5}},"4":{"fanduel":{"odds":-110,"spread":-1.5},"draftkings":{"odds":102,"spread":-1.5},"williamhill_us":{"odds":105,"spread":-1.5},"bovada":{"odds":105,"spread":-1.5},"betmgm":{"odds":105,"spread":-1.5}},"5":{"fanduel":{"odds":134,"spread":-1.5},"draftkings":{"odds":135,"spread":-1.5},"williamhill_us":{"odds":135,"spread":-1.5},"bovada":{"odds":135,"spread":-1.5},"betmgm":{"odds":135,"spread":-1.5}},"6":{"fanduel":{"odds":136,"spread":-1.5},"draftkings":{"odds":131,"spread":-1.5},"williamhill_us":{"odds":135,"spread":-1.5},"bovada":{"odds":135,"spread":-1.5},"betmgm":{"odds":135,"spread":-1.5}},"7":{"draftkings":{"odds":135,"spread":-1.5},"williamhill_us":{"odds":135,"spread":-1.5},"bovada":{"odds":135,"spread":-1.5},"betmgm":{"odds":135,"spread":-1.5},"fanduel":{"odds":134,"spread":-1.5}},"8":{"fanduel":{"odds":142,"spread":-1.5},"draftkings":{"odds":139,"spread":-1.5},"williamhill_us":{"odds":135,"spread":-1.5},"bovada":{"odds":140,"spread":-1.5},"betmgm":{"odds":135,"spread":-1.5}},"9":{"draftkings":{"odds":135,"spread":-1.5},"williamhill_us":{"odds":130,"spread":-1.5},"betmgm":{"odds":135,"spread":-1.5},"fanduel":{"odds":146,"spread":-1.5},"bovada":{"odds":135,"spread":-1.5}},"10":{"fanduel":{"odds":-192,"spread":1.5},"draftkings":{"odds":-187,"spread":1.5},"williamhill_us":{"odds":175,"spread":-1.5},"bovada":{"odds":-180,"spread":1.5},"betmgm":{"odds":-190,"spread":1.5}},"11":{"fanduel":{"odds":-200,"spread":1.5},"draftkings":{"odds":158,"spread":-1.5},"williamhill_us":{"odds":158,"spread":-1.5},"bovada":{"odds":-185,"spread":1.5},"betmgm":{"odds":155,"spread":-1.5}},"12":{"fanduel":{"odds":-125,"spread":1.5},"draftkings":{"odds":-132,"spread":1.5},"williamhill_us":{"odds":-130,"spread":1.5},"bovada":{"odds":-130,"spread":1.5},"betmgm":{"odds":-135,"spread":1.5}},"13":{"fanduel":{"odds":130,"spread":-1.5},"draftkings":{"odds":131,"spread":-1.5},"williamhill_us":{"odds":135,"spread":-1.5},"bovada":{"odds":135,"spread":-1.5},"betmgm":{"odds":135,"spread":-1.5}},"14":{"fanduel":{"odds":-104,"spread":1.5},"draftkings":{"odds":-105,"spread":1.5},"williamhill_us":{"odds":-105,"spread":1.5},"bovada":{"odds":-105,"spread":1.5},"betmgm":{"odds":-105,"spread":1.5}}},"books_away":{"0":{"fanduel":{"odds":152,"spread":-1.5},"draftkings":{"odds":151,"spread":-1.5},"williamhill_us":{"odds":143,"spread":-1.5},"bovada":{"odds":155,"spread":-1.5},"betmgm":{"odds":150,"spread":-1.5}},"1":{"fanduel":{"odds":-176,"spread":1.5},"draftkings":{"odds":-169,"spread":1.5},"williamhill_us":{"odds":-170,"spread":1.5},"bovada":{"odds":-165,"spread":1.5},"betmgm":{"odds":-170,"spread":1.5}},"2":{"fanduel":{"odds":-162,"spread":1.5},"draftkings":{"odds":-158,"spread":1.5},"williamhill_us":{"odds":-160,"spread":1.5},"bovada":{"odds":-160,"spread":1.5},"betmgm":{"odds":-160,"spread":1.5}},"3":{"fanduel":{"odds":-184,"spread":1.5},"draftkings":{"odds":-186,"spread":1.5},"williamhill_us":{"odds":-190,"spread":1.5},"bovada":{"odds":-185,"spread":1.5},"betmgm":{"odds":-185,"spread":1.5}},"4":{"fanduel":{"odds":-110,"spread":1.5},"draftkings":{"odds":-122,"spread":1.5},"williamhill_us":{"odds":-125,"spread":1.5},"bovada":{"odds":-125,"spread":1.5},"betmgm":{"odds":-125,"spread":1.5}},"5":{"fanduel":{"odds":-162,"spread":1.5},"draftkings":{"odds":-163,"spread":1.5},"williamhill_us":{"odds":-160,"spread":1.5},"bovada":{"odds":-160,"spread":1.5},"betmgm":{"odds":-165,"spread":1.5}},"6":{"fanduel":{"odds":-164,"spread":1.5},"draftkings":{"odds":-158,"spread":1.5},"williamhill_us":{"odds":-160,"spread":1.5},"bovada":{"odds":-160,"spread":1.5},"betmgm":{"odds":-160,"spread":1.5}},"7":{"draftkings":{"odds":-163,"spread":1.5},"williamhill_us":{"odds":-160,"spread":1.5},"bovada":{"odds":-160,"spread":1.5},"betmgm":{"odds":-165,"spread":1.5},"fanduel":{"odds":-162,"spread":1.5}},"8":{"fanduel":{"odds":-172,"spread":1.5},"draftkings":{"odds":-168,"spread":1.5},"williamhill_us":{"odds":-160,"spread":1.5},"bovada":{"odds":-165,"spread":1.5},"betmgm":{"odds":-165,"spread":1.5}},"9":{"draftkings":{"odds":-163,"spread":1.5},"williamhill_us":{"odds":-155,"spread":1.5},"betmgm":{"odds":-160,"spread":1.5},"fanduel":{"odds":-178,"spread":1.5},"bovada":{"odds":-160,"spread":1.5}},"10":{"fanduel":{"odds":158,"spread":-1.5},"draftkings":{"odds":154,"spread":-1.5},"williamhill_us":{"odds":-210,"spread":1.5},"bovada":{"odds":155,"spread":-1.5},"betmgm":{"odds":155,"spread":-1.5}},"11":{"fanduel":{"odds":164,"spread":-1.5},"draftkings":{"odds":-193,"spread":1.5},"williamhill_us":{"odds":-190,"spread":1.5},"bovada":{"odds":160,"spread":-1.5},"betmgm":{"odds":-190,"spread":1.5}},"12":{"fanduel":{"odds":104,"spread":-1.5},"draftkings":{"odds":110,"spread":-1.5},