{"game_id":{"0":"b0255c634de25907419670a9c90426df","1":"87558be021f78a36a8dcb85a79893dce","2":"aacad21e4cf94bd96bfde87b691ba8d1","3":"fe4a6df006bf19b0c063b0188fa7361b","4":"2db8cf8a50192fbf63e1f9018a3c1ec9","5":"5c40929fe0ca745e1c3103242f9f25de","6":"572962f6837758b62d98ab379bcbe3c5","7":"1c106a5918ccf59c350e476c157af1fe"},"home_team":{"0":"Baltimore Orioles","1":"Tampa Bay Rays","2":"Cleveland Guardians","3":"Toronto Blue Jays","4":"Los Angeles Angels","5":"San Diego Padres","6":"San Francisco Giants","7":"Athletics"},"away_team":{"0":"Seattle Mariners","1":"Boston Red Sox","2":"New York Yankees","3":"Philadelphia Phillies","4":"Houston Astros","5":"Cincinnati Reds","6":"Washington Nationals","7":"Milwaukee Brewers"},"home_spread":{"0":1.5,"1":1.5,"2":-1.5,"3":1.5,"4":1.5,"5":-1.5,"6":-1.5,"7":1.5},"away_spread":{"0":-1.5,"1":-1.5,"2":-1.5,"3":-1.5,"4":-1.5,"5":1.5,"6":1.5,"7":-1.5},"best_home_odds":{"0":-145,"1":-170,"2":180,"3":-110,"4":-145,"5":160,"6":135,"7":-110},"best_away_odds":{"0":135,"1":145,"2":170,"3":-105,"4":125,"5":-185,"6":-150,"7":-106},"home_cover_nv_prob":{"0":0.5817328212,"1":0.6067006555,"2":0.4909090909,"3":0.5056053812,"4":0.5711159737,"5":0.3720626632,"6":0.4149377593,"7":0.5044523598},"away_cover_nv_prob":{"0":0.4182671788,"1":0.3932993445,"2":0.5090909091,"3":0.4943946188,"4":0.4288840263,"5":0.6279373368,"6":0.5850622407,"7":0.4955476402},"books_home":{"0":{"fanduel":{"odds":-146,"spread":1.5},"bovada":{"odds":-145,"spread":1.5},"draftkings":{"odds":-156,"spread":1.5},"williamhill_us":{"odds":-160,"spread":1.5},"betmgm":{"odds":-155,"spread":1.5}},"1":{"fanduel":{"odds":-172,"spread":1.5},"bovada":{"odds":-170,"spread":1.5},"draftkings":{"odds":-171,"spread":1.5},"williamhill_us":{"odds":-170,"spread":1.5},"betmgm":{"odds":-170,"spread":1.5}},"2":{"fanduel":{"odds":-200,"spread":1.5},"bovada":{"odds":-200,"spread":1.5},"williamhill_us":{"odds":180,"spread":-1.5},"draftkings":{"odds":-200,"spread":1.5},"betmgm":{"odds":170,"spread":-1.5}},"3":{"fanduel":{"odds":-114,"spread":1.5},"bovada":{"odds":-115,"spread":1.5},"williamhill_us":{"odds":-110,"spread":1.5},"draftkings":{"odds":-111,"spread":1.5},"betmgm":{"odds":-110,"spread":1.5}},"4":{"fanduel":{"odds":-146,"spread":1.5},"bovada":{"odds":-145,"spread":1.5},"draftkings":{"odds":-148,"spread":1.5},"williamhill_us":{"odds":-145,"spread":1.5},"betmgm":{"odds":-155,"spread":1.5}},"5":{"fanduel":{"odds":155,"spread":-1.5},"bovada":{"odds":160,"spread":-1.5},"williamhill_us":{"odds":158,"spread":-1.5},"draftkings":{"odds":153,"spread":-1.5},"betmgm":{"odds":150,"spread":-1.5}},"6":{"fanduel":{"odds":132,"spread":-1.5},"bovada":{"odds":135,"spread":-1.5},"draftkings":{"odds":125,"spread":-1.5},"williamhill_us":{"odds":130,"spread":-1.5},"betmgm":{"odds":125,"spread":-1.5}},"7":{"fanduel":{"odds":-113,"spread":1.5},"bovada":{"odds":-110,"spread":1.5},"williamhill_us":{"odds":-110,"spread":1.5},"draftkings":{"odds":-112,"spread":1.5},"betmgm":{"odds":-110,"spread":1.5}}},"books_away":{"0":{"fanduel":{"odds":122,"spread":-1.5},"bovada":{"odds":125,"spread":-1.5},"draftkings":{"odds":129,"spread":-1.5},"williamhill_us":{"odds":135,"spread":-1.5},"betmgm":{"odds":125,"spread":-1.5}},"1":{"fanduel":{"odds":142,"spread":-1.5},"bovada":{"odds":145,"spread":-1.5},"draftkings":{"odds":141,"spread":-1.5},"williamhill_us":{"odds":143,"spread":-1.5},"betmgm":{"odds":140,"spread":-1.5}},"2":{"fanduel":{"odds":164,"spread":-1.5},"bovada":{"odds":170,"spread":-1.5},"williamhill_us":{"odds":-220,"spread":1.5},"draftkings":{"odds":164,"spread":-1.5},"betmgm":{"odds":-210,"spread":1.5}},"3":{"fanduel":{"odds":-105,"spread":-1.5},"bovada":{"odds":-105,"spread":-1.5},"williamhill_us":{"odds":-110,"spread":-1.5},"draftkings":{"odds":-108,"spread":-1.5},"betmgm":{"odds":-110,"spread":-1.5}},"4":{"fanduel":{"odds":122,"spread":-1.5},"bovada":{"odds":125,"spread":-1.5},"draftkings":{"odds":123,"spread":-1.5},"williamhill_us":{"odds":122,"spread":-1.5},"betmgm":{"odds":125,"spread":-1.5}},"5":{"fanduel":{"odds":-188,"spread":1.5},"bovada":{"odds":-185,"spread":1.5},"williamhill_us":{"odds":-190,"spread":1.5},"draftkings":{"odds":-186,"spread":1.5},"betmgm":{"odds":-185,"spread":1.5}},"6":{"fanduel":{"odds":-160,"spread":1.5},"bovada":{"odds":-160,"spread":1.5},"draftkings":{"odds":-150,"spread":1.5},"williamhill_us":{"odds":-155,"spread":1.5},"betmgm":{"odds":-155,"spread":1.5}},"7":{"fanduel":{"odds":-106,"spread":-1.5},"bovada":{"odds":-110,"spread":-1.5},"williamhill_us":{"odds":-110,"spread":-1.5},"draftkings":{"odds":-107,"spread":-1.5},"betmgm":{"odds":-110,"spread":-1.5}}}}