{"game_id":{"0":"471b2b7bb19f52be5e618aec359cd8e5","1":"14423828314cc83167d6c7ce88323746","2":"0a7769461d3b3126c2e4bb98b8cee225","3":"6a7d6767bd4da0f044ab6d250c233769","4":"b854e09aa9677136666533dc8d2459ff","5":"02a01af3575ee92bb974caaf28f76911","6":"3bf177f10d546535921fa6be841880f7","7":"f0e24a50674443856bff31b645ff5572","8":"10e96b5a6a3e81aac49e9771082a5bea","9":"5434f34b7e8232a7091f0e3efdd4a175","10":"bb4dc431a7347100e9781696b2bcf256","11":"0341580e2426c65b63d7fb929214eb65","12":"90671747520f496e2e8e3b667c7c4286"},"home_team":{"0":"Chicago Cubs","1":"Washington Nationals","2":"New York Yankees","3":"Cincinnati Reds","4":"Cleveland Guardians","5":"Atlanta Braves","6":"Colorado Rockies","7":"Houston Astros","8":"Los Angeles Angels","9":"Athletics","10":"Arizona Diamondbacks","11":"Los Angeles Dodgers","12":"Seattle Mariners"},"away_team":{"0":"St. Louis Cardinals","1":"Pittsburgh Pirates","2":"Minnesota Twins","3":"Baltimore Orioles","4":"Chicago White Sox","5":"New York Mets","6":"San Francisco Giants","7":"Tampa Bay Rays","8":"Boston Red Sox","9":"Miami Marlins","10":"Milwaukee Brewers","11":"San Diego Padres","12":"Toronto Blue Jays"},"home_spread":{"0":-1.5,"1":-1.5,"2":-1.5,"3":1.5,"4":-1.5,"5":-1.5,"6":1.5,"7":-1.5,"8":-1.5,"9":-1.5,"10":1.5,"11":-1.5,"12":1.5},"away_spread":{"0":1.5,"1":1.5,"2":1.5,"3":-1.5,"4":1.5,"5":-1.5,"6":-1.5,"7":-1.5,"8":-1.5,"9":1.5,"10":-1.5,"11":1.5,"12":-1.5},"best_home_odds":{"0":155,"1":143,"2":110,"3":-146,"4":160,"5":175,"6":-120,"7":185,"8":190,"9":160,"10":-120,"11":-110,"12":-162},"best_away_odds":{"0":-170,"1":-165,"2":-125,"3":130,"4":-178,"5":155,"6":101,"7":152,"8":165,"9":-178,"10":105,"11":100,"12":141},"home_cover_nv_prob":{"0":0.3837953092,"1":0.3979277724,"2":0.4615384615,"3":0.5771742867,"4":0.3752699784,"5":0.4811320755,"6":0.5229835212,"7":0.469273743,"8":0.4774774775,"9":0.3752699784,"10":0.5278969957,"11":0.511627907,"12":0.5984181969},"away_cover_nv_prob":{"0":0.6162046908,"1":0.6020722276,"2":0.5384615385,"3":0.4228257133,"4":0.6247300216,"5":0.5188679245,"6":0.4770164788,"7":0.530726257,"8":0.5225225225,"9":0.6247300216,"10":0.4721030043,"11":0.488372093,"12":0.4015818031},"books_home":{"0":{"fanduel":{"odds":146,"spread":-1.5},"draftkings":{"odds":144,"spread":-1.5},"williamhill_us":{"odds":143,"spread":-1.5},"bovada":{"odds":155,"spread":-1.5},"betmgm":{"odds":145,"spread":-1.5}},"1":{"fanduel":{"odds":142,"spread":-1.5},"williamhill_us":{"odds":143,"spread":-1.5},"draftkings":{"odds":143,"spread":-1.5},"bovada":{"odds":140,"spread":-1.5},"betmgm":{"odds":140,"spread":-1.5}},"2":{"fanduel":{"odds":110,"spread":-1.5},"draftkings":{"odds":108,"spread":-1.5},"williamhill_us":{"odds":105,"spread":-1.5},"bovada":{"odds":110,"spread":-1.5}},"3":{"fanduel":{"odds":-146,"spread":1.5},"williamhill_us":{"odds":-155,"spread":1.5},"draftkings":{"odds":-155,"spread":1.5},"bovada":{"odds":-150,"spread":1.5},"betmgm":{"odds":-155,"spread":1.5}},"4":{"fanduel":{"odds":146,"spread":-1.5},"williamhill_us":{"odds":158,"spread":-1.5},"draftkings":{"odds":157,"spread":-1.5},"bovada":{"odds":160,"spread":-1.5},"betmgm":{"odds":155,"spread":-1.5}},"5":{"fanduel":{"odds":-178,"spread":1.5},"williamhill_us":{"odds":158,"spread":-1.5},"draftkings":{"odds":-188,"spread":1.5},"bovada":{"odds":175,"spread":-1.5}},"6":{"fanduel":{"odds":-120,"spread":1.5},"williamhill_us":{"odds":-120,"spread":1.5},"draftkings":{"odds":-122,"spread":1.5},"bovada":{"odds":-120,"spread":1.5},"betmgm":{"odds":-120,"spread":1.5}},"7":{"fanduel":{"odds":-184,"spread":1.5},"williamhill_us":{"odds":185,"spread":-1.5},"betmgm":{"odds":-185,"spread":1.5},"draftkings":{"odds":-175,"spread":1.5},"bovada":{"odds":-175,"spread":1.5}},"8":{"fanduel":{"odds":-184,"spread":1.5},"williamhill_us":{"odds":185,"spread":-1.5},"betmgm":{"odds":-200,"spread":1.5},"draftkings":{"odds":-189,"spread":1.5},"bovada":{"odds":190,"spread":-1.5}},"9":{"fanduel":{"odds":152,"spread":-1.5},"williamhill_us":{"odds":150,"spread":-1.5},"draftkings":{"odds":149,"spread":-1.5},"bovada":{"odds":160,"spread":-1.5},"betmgm":{"odds":150,"spread":-1.5}},"10":{"fanduel":{"odds":-126,"spread":1.5},"williamhill_us":{"odds":-120,"spread":1.5},"draftkings":{"odds":-122,"spread":1.5},"bovada":{"odds":-125,"spread":1.5},"betmgm":{"odds":-120,"spread":1.5}},"11":{"fanduel":{"odds":-114,"spread":-1.5},"williamhill_us":{"odds":-120,"spread":-1.5},"draftkings":{"odds":-117,"spread":-1.5},"bovada":{"odds":-110,"spread":-1.5},"betmgm":{"odds":-118,"spread":-1.5}},"12":{"fanduel":{"odds":-162,"spread":1.5},"draftkings":{"odds":-171,"spread":1.5},"williamhill_us":{"odds":-165,"spread":1.5},"bovada":{"odds":-165,"spread":1.5},"betmgm":{"odds":-170,"spread":1.5}}},"books_away":{"0":{"fanduel":{"odds":-178,"spread":1.5},"draftkings":{"odds":-175,"spread":1.5},"williamhill_us":{"odds":-170,"spread":1.5},"bovada":{"odds":-180,"spread":1.5},"betmgm":{"odds":-180,"spread":1.5}},"1":{"fanduel":{"odds":-172,"spread":1.5},"williamhill_us":{"odds":-170,"spread":1.5},"draftkings":{"odds":-174,"spread":1.5},"bovada":{"odds":-165,"spread":1.5},"betmgm":{"odds":-170,"spread":1.5}},"2":{"fanduel":{"odds":-132,"spread":1.5},"draftkings":{"odds":-130,"spread":1.5},"williamhill_us":{"odds":-125,"spread":1.5},"bovada":{"odds":-130,"spread":1.5}},"3":{"fanduel":{"odds":122,"spread":-1.5},"williamhill_us":{"odds":130,"spread":-1.5},"draftkings":{"odds":128,"spread":-1.5},"bovada":{"odds":130,"spread":-1.5},"betmgm":{"odds":125,"spread":-1.5}},"4":{"fanduel":{"odds":-178,"spread":1.5},"williamhill_us":{"odds":-190,"spread":1.5},"draftkings":{"odds":-192,"spread":1.5},"bovada":{"odds":-185,"spread":1.5},"betmgm":{"odds":-190,"spread":1.5}},"5":{"fanduel":{"odds":146,"spread":-1.5},"williamhill_us":{"odds":-190,"spread":1.5},"draftkings":{"odds":155,"spread":-1.5},"bovada":{"odds":-210,"spread":1.5}},"6":{"fanduel":{"odds":100,"spread":-1.5},"williamhill_us":{"odds":100,"spread":-1.5},"draftkings":{"odds":101,"spread":-1.5},"bovada":{"odds":100,"spread":-1.5},"betmgm":{"odds":100,"spread":-1.5}},"7":{"fanduel":{"odds":152,"spread":-1.5},"williamhill_us":{"odds":-225,"spread":1.5},"betmgm":{"odds":150,"spread":-1.5},"draftkings":{"odds":144,"spread":-1.5},"bovada":{"odds":150,"spread":-1.5}},"8":{"fanduel":{"odds":152,"spread":-1.5},"williamhill_us":{"odds":-225,"spread":1.5},"betmgm":{"odds":165,"spread":-1.5},"draftkings":{"odds":155,"spread":-1.5},"bovada":{"odds":-230,"spread":1.5}},"9":{"fanduel":{"odds":-184,"spread":1.5},"williamhill_us":{"odds":-178,"spread":1.5},"draftkings":{"odds":-182,"spread":1.5},"bovada":{"odds":-185,"spread":1.5},"betmgm":{"odds":-185,"spread":1.5}},"10":{"fanduel":{"odds":105,"spread":-1.5},"williamhill_us":{"odds":100,"spread":-1.5},"draftkings":{"odds":101,"spread":-1.5},"bovada":{"odds":105,"spread":-1.5},"betmgm":{"odds":100,"spread":-1.5}},"11":{"fanduel":{"odds":-105,"spread":1.5},"williamhill_us":{"odds":100,"spread":1.5},"draftkings":{"odds":-103,"spread":1.5},"bovada":{"odds":-110,"spread":1.5},"betmgm":{"odds":-102,"spread":1.5}},"12":{"fanduel":{"odds":134,"spread":-1.5},"draftkings":{"odds":141,"spread":-1.5},"williamhill_us":{"odds":140,"spread":-1.5},"bovada":{"odds":140,"spread":-1.5},"betmgm":{"odds":140,"spread":-1.5}}}}