{"game_id":{"0":"6f0fa1db67e69c8f534003061fdedee9","1":"e7bb88c6da50433a86db985ff3c21afe","2":"ff0f58dec0d0f4a36d53233a99151d06","3":"29749cde930adfaf1cbc374908eeac88","4":"8ea201bdda2a6a63bd3a6bc19250e4a0","5":"5aed324537c72e3b3cd7d1f3e3905db5","6":"4dea73f21196e43153d6355e7f5d1266","7":"12eaa8dfb716d6ed545a6e1fed88cc2a","8":"1dea84746e977d3a57b78a0a47ba6935","9":"acc7a54706d2d24e201d069a00e76d50","10":"a2dde9d9ca56dc238d564ace87b244f0","11":"5fb0c67a8c660b822db6b5a2a9d75125","12":"2cf5f7fa6ed79ae90ee9f6aa70ceb1e2","13":"2991d31eedcff470d7105f7237e66e03","14":"0351ac13f45c028104c1b860422817ef"},"home_team":{"0":"Atlanta Braves","1":"Washington Nationals","2":"Cincinnati Reds","3":"New York Yankees","4":"Cleveland Guardians","5":"Chicago Cubs","6":"Kansas City Royals","7":"Texas Rangers","8":"Houston Astros","9":"Arizona Diamondbacks","10":"Colorado Rockies","11":"Athletics","12":"Seattle Mariners","13":"Los Angeles Dodgers","14":"Los Angeles Angels"},"away_team":{"0":"New York Mets","1":"Pittsburgh Pirates","2":"Baltimore Orioles","3":"Minnesota Twins","4":"Chicago White Sox","5":"St. Louis Cardinals","6":"Philadelphia Phillies","7":"Detroit Tigers","8":"Tampa Bay Rays","9":"Milwaukee Brewers","10":"San Francisco Giants","11":"Miami Marlins","12":"Toronto Blue Jays","13":"San Diego Padres","14":"Boston Red Sox"},"home_spread":{"0":-1.5,"1":-1.5,"2":1.5,"3":-1.5,"4":-1.5,"5":-1.5,"6":1.5,"7":1.5,"8":1.5,"9":1.5,"10":1.5,"11":-1.5,"12":-1.5,"13":-1.5,"14":1.5},"away_spread":{"0":-1.5,"1":1.5,"2":-1.5,"3":1.5,"4":1.5,"5":1.5,"6":-1.5,"7":-1.5,"8":-1.5,"9":-1.5,"10":-1.5,"11":-1.5,"12":1.5,"13":1.5,"14":-1.5},"best_home_odds":{"0":165,"1":150,"2":-165,"3":160,"4":140,"5":150,"6":-135,"7":-170,"8":-152,"9":-140,"10":-140,"11":165,"12":168,"13":-105,"14":-125},"best_away_odds":{"0":164,"1":-170,"2":145,"3":-185,"4":-165,"5":-165,"6":115,"7":150,"8":140,"9":136,"10":120,"11":162,"12":-190,"13":-110,"14":106},"home_cover_nv_prob":{"0":0.4990548204,"1":0.3884892086,"2":0.6040343668,"3":0.3720626632,"4":0.4009077156,"5":0.3911439114,"6":0.5525940029,"7":0.6115107914,"8":0.5914396887,"9":0.5792426367,"10":0.5620437956,"11":0.4971537002,"12":0.3628628629,"13":0.4943946188,"14":0.5336787565},"away_cover_nv_prob":{"0":0.5009451796,"1":0.6115107914,"2":0.3959656332,"3":0.6279373368,"4":0.5990922844,"5":0.6088560886,"6":0.4474059971,"7":0.3884892086,"8":0.4085603113,"9":0.4207573633,"10":0.4379562044,"11":0.5028462998,"12":0.6371371371,"13":0.5056053812,"14":0.4663212435},"books_home":{"0":{"draftkings":{"odds":-195,"spread":1.5},"williamhill_us":{"odds":162,"spread":-1.5},"fanduel":{"odds":-200,"spread":1.5},"bovada":{"odds":165,"spread":-1.5}},"1":{"fanduel":{"odds":146,"spread":-1.5},"draftkings":{"odds":144,"spread":-1.5},"williamhill_us":{"odds":143,"spread":-1.5},"betmgm":{"odds":145,"spread":-1.5},"bovada":{"odds":150,"spread":-1.5}},"2":{"draftkings":{"odds":-174,"spread":1.5},"fanduel":{"odds":-170,"spread":1.5},"williamhill_us":{"odds":-170,"spread":1.5},"betmgm":{"odds":-175,"spread":1.5},"bovada":{"odds":-165,"spread":1.5}},"3":{"draftkings":{"odds":154,"spread":-1.5},"fanduel":{"odds":158,"spread":-1.5},"williamhill_us":{"odds":158,"spread":-1.5},"bovada":{"odds":160,"spread":-1.5}},"4":{"draftkings":{"odds":139,"spread":-1.5},"fanduel":{"odds":140,"spread":-1.5},"williamhill_us":{"odds":140,"spread":-1.5},"betmgm":{"odds":135,"spread":-1.5},"bovada":{"odds":140,"spread":-1.5}},"5":{"draftkings":{"odds":138,"spread":-1.5},"williamhill_us":{"odds":140,"spread":-1.5},"fanduel":{"odds":150,"spread":-1.5},"betmgm":{"odds":135,"spread":-1.5},"bovada":{"odds":145,"spread":-1.5}},"6":{"fanduel":{"odds":-137,"spread":1.5},"williamhill_us":{"odds":-135,"spread":1.5},"draftkings":{"odds":-136,"spread":1.5},"betmgm":{"odds":-140,"spread":1.5},"bovada":{"odds":-135,"spread":1.5}},"7":{"fanduel":{"odds":-178,"spread":1.5},"draftkings":{"odds":-175,"spread":1.5},"williamhill_us":{"odds":-178,"spread":1.5},"betmgm":{"odds":-185,"spread":1.5},"bovada":{"odds":-170,"spread":1.5}},"8":{"fanduel":{"odds":-152,"spread":1.5},"draftkings":{"odds":-163,"spread":1.5},"williamhill_us":{"odds":-160,"spread":1.5},"betmgm":{"odds":-170,"spread":1.5}},"9":{"draftkings":{"odds":-155,"spread":1.5},"williamhill_us":{"odds":-140,"spread":1.5},"fanduel":{"odds":-164,"spread":1.5},"betmgm":{"odds":-155,"spread":1.5},"bovada":{"odds":-160,"spread":1.5}},"10":{"draftkings":{"odds":-142,"spread":1.5},"fanduel":{"odds":-140,"spread":1.5},"williamhill_us":{"odds":-140,"spread":1.5},"betmgm":{"odds":-145,"spread":1.5},"bovada":{"odds":-140,"spread":1.5}},"11":{"fanduel":{"odds":-200,"spread":1.5},"draftkings":{"odds":-192,"spread":1.5},"williamhill_us":{"odds":158,"spread":-1.5},"betmgm":{"odds":-190,"spread":1.5},"bovada":{"odds":165,"spread":-1.5}},"12":{"draftkings":{"odds":159,"spread":-1.5},"fanduel":{"odds":168,"spread":-1.5},"williamhill_us":{"odds":158,"spread":-1.5},"betmgm":{"odds":155,"spread":-1.5},"bovada":{"odds":165,"spread":-1.5}},"13":{"fanduel":{"odds":-105,"spread":-1.5},"draftkings":{"odds":-109,"spread":-1.5},"williamhill_us":{"odds":-105,"spread":-1.5},"betmgm":{"odds":-105,"spread":-1.5},"bovada":{"odds":-105,"spread":-1.5}},"14":{"fanduel":{"odds":-128,"spread":1.5},"draftkings":{"odds":-126,"spread":1.5},"williamhill_us":{"odds":-125,"spread":1.5},"betmgm":{"odds":-125,"spread":1.5},"bovada":{"odds":-125,"spread":1.5}}},"books_away":{"0":{"draftkings":{"odds":160,"spread":-1.5},"williamhill_us":{"odds":-195,"spread":1.5},"fanduel":{"odds":164,"spread":-1.5},"bovada":{"odds":-195,"spread":1.5}},"1":{"fanduel":{"odds":-176,"spread":1.5},"draftkings":{"odds":-175,"spread":1.5},"williamhill_us":{"odds":-170,"spread":1.5},"betmgm":{"odds":-175,"spread":1.5},"bovada":{"odds":-175,"spread":1.5}},"2":{"draftkings":{"odds":143,"spread":-1.5},"fanduel":{"odds":140,"spread":-1.5},"williamhill_us":{"odds":143,"spread":-1.5},"betmgm":{"odds":145,"spread":-1.5},"bovada":{"odds":140,"spread":-1.5}},"3":{"draftkings":{"odds":-188,"spread":1.5},"fanduel":{"odds":-192,"spread":1.5},"williamhill_us":{"odds":-190,"spread":1.5},"bovada":{"odds":-185,"spread":1.5}},"4":{"draftkings":{"odds":-168,"spread":1.5},"fanduel":{"odds":-170,"spread":1.5},"williamhill_us":{"odds":-165,"spread":1.5},"betmgm":{"odds":-165,"spread":1.5},"bovada":{"odds":-165,"spread":1.5}},"5":{"draftkings":{"odds":-167,"spread":1.5},"williamhill_us":{"odds":-165,"spread":1.5},"fanduel":{"odds":-182,"spread":1.5},"betmgm":{"odds":-165,"spread":1.5},"bovada":{"odds":-170,"spread":1.5}},"6":{"fanduel":{"odds":114,"spread":-1.5},"williamhill_us":{"odds":115,"spread":-1.5},"draftkings":{"odds":113,"spread":-1.5},"betmgm":{"odds":115,"spread":-1.5},"bovada":{"odds":115,"spread":-1.5}},"7":{"fanduel":{"odds":146,"spread":-1.5},"draftkings":{"odds":144,"spread":-1.5},"williamhill_us":{"odds":150,"spread":-1.5},"betmgm":{"odds":150,"spread":-1.5},"bovada":{"odds":145,"spread":-1.5}},"8":{"fanduel":{"odds":126,"spread":-1.5},"draftkings":{"odds":135,"spread":-1.5},"williamhill_us":{"odds":135,"spread":-1.5},"betmgm":{"odds":140,"spread":-1.5}},"9":{"draftkings":{"odds":129,"spread":-1.5},"williamhill_us":{"odds":118,"spread":-1.5},"fanduel":{"odds":136,"spread":-1.5},"betmgm":{"odds":125,"spread":-1.5},"bovada":{"odds":135,"spread":-1.5}},"10":{"draftkings":{"odds":118,"spread":-1.5},"fanduel":{"odds":116,"spread":-1.5},"williamhill_us":{"odds":118,"spread":-1.5},"betmgm":{"odds":120,"spread":-1.5},"bovada":{"odds":120,"spread":-1.5}},"11":{"fanduel":{"odds":162,"spread":-1.5},"draftkings":{"odds":157,"spread":-1.5},"williamhill_us":{"odds":-190,"spread":1.5},"betmgm":{"odds":154,"spread":-1.5},"bovada":{"odds":-195,"spread":1.5}},"12":{"draftkings":{"odds":-194,"spread":1.5},"fanduel":{"odds":-205,"spread":1.5},"williamhill_us":{"odds":-190,"spread":1.5},"betmgm":{"odds":-190,"spread":1.5},"bovada":{"odds":-195,"spread":1.5}},"13":{"fanduel":{"odds":-114,"spread":1.5},"draftkings":{"odds":-110,"spread":1.5},