{"game_id":{"0":"ed99d6d31957cf5543b0733a49085559","1":"29d4af8b2386afc600f412243c22a53b","2":"f237d860c80df8632a4717d53fee1c25","3":"0dd84d01f2970e524c07c9ff2a747b7f","4":"128e4328bfe1ffa187a85b1e5e2b5ec6","5":"b829b2871533d73401916f919c2b485a","6":"c9a69923caed0afdda9fd6b94171b189","7":"b6936af60f2ffed1b270c119f7127ae7","8":"66d5a2a0202c6946683c1a8247be9ed4","9":"97617f61842d6317b6167cdf64f137a1","10":"417e9c61c9e75d104917a558c350fd33","11":"17257e28ab0601512288eeccc637c3d1","12":"2d7808af8bc666b615b13864d5730354","13":"85be05f7a6300ba953ba0dc345908c33","14":"7a53b98354a4d009429693371637853d"},"home_team":{"0":"Cleveland Guardians","1":"New York Yankees","2":"Toronto Blue Jays","3":"Boston Red Sox","4":"Philadelphia Phillies","5":"Atlanta Braves","6":"Kansas City Royals","7":"Milwaukee Brewers","8":"Chicago Cubs","9":"Texas Rangers","10":"Houston Astros","11":"Colorado Rockies","12":"Arizona Diamondbacks","13":"Seattle Mariners","14":"Los Angeles Angels"},"away_team":{"0":"Minnesota Twins","1":"Pittsburgh Pirates","2":"Tampa Bay Rays","3":"Baltimore Orioles","4":"Los Angeles Dodgers","5":"San Diego Padres","6":"San Francisco Giants","7":"New York Mets","8":"Detroit Tigers","9":"Chicago White Sox","10":"Miami Marlins","11":"Washington Nationals","12":"Athletics","13":"Cincinnati Reds","14":"St. Louis Cardinals"},"home_spread":{"0":1.5,"1":-1.5,"2":-1.5,"3":-1.5,"4":-1.5,"5":-1.5,"6":-1.5,"7":-1.5,"8":-1.5,"9":-1.5,"10":-1.5,"11":1.5,"12":-1.5,"13":-1.5,"14":-1.5},"away_spread":{"0":-1.5,"1":-1.5,"2":1.5,"3":1.5,"4":1.5,"5":1.5,"6":-1.5,"7":1.5,"8":-1.5,"9":1.5,"10":1.5,"11":-1.5,"12":1.5,"13":1.5,"14":-1.5},"best_home_odds":{"0":-164,"1":180,"2":145,"3":150,"4":152,"5":140,"6":170,"7":-102,"8":170,"9":130,"10":165,"11":-140,"12":130,"13":140,"14":175},"best_away_odds":{"0":145,"1":176,"2":-170,"3":-165,"4":-175,"5":-160,"6":151,"7":-110,"8":146,"9":-150,"10":-185,"11":122,"12":-145,"13":-162,"14":165},"home_cover_nv_prob":{"0":0.6034845299,"1":0.4964028777,"2":0.3932993445,"3":0.3911439114,"4":0.3840782123,"5":0.4037267081,"6":0.4817658349,"7":0.4908340972,"8":0.476744186,"9":0.4201680672,"10":0.3676233473,"11":0.5642701525,"12":0.4235090752,"13":0.4025814382,"14":0.4907407407},"away_cover_nv_prob":{"0":0.3965154701,"1":0.5035971223,"2":0.6067006555,"3":0.6088560886,"4":0.6159217877,"5":0.5962732919,"6":0.5182341651,"7":0.5091659028,"8":0.523255814,"9":0.5798319328,"10":0.6323766527,"11":0.4357298475,"12":0.5764909248,"13":0.5974185618,"14":0.5092592593},"books_home":{"0":{"fanduel":{"odds":-164,"spread":1.5},"draftkings":{"odds":-171,"spread":1.5},"williamhill_us":{"odds":-170,"spread":1.5},"betmgm":{"odds":-170,"spread":1.5},"bovada":{"odds":-170,"spread":1.5}},"1":{"fanduel":{"odds":-215,"spread":1.5},"draftkings":{"odds":-204,"spread":1.5},"williamhill_us":{"odds":170,"spread":-1.5},"betmgm":{"odds":-200,"spread":1.5},"bovada":{"odds":180,"spread":-1.5}},"2":{"fanduel":{"odds":142,"spread":-1.5},"draftkings":{"odds":144,"spread":-1.5},"williamhill_us":{"odds":143,"spread":-1.5},"betmgm":{"odds":145,"spread":-1.5},"bovada":{"odds":145,"spread":-1.5}},"3":{"fanduel":{"odds":150,"spread":-1.5},"draftkings":{"odds":142,"spread":-1.5},"williamhill_us":{"odds":143,"spread":-1.5},"betmgm":{"odds":145,"spread":-1.5},"bovada":{"odds":140,"spread":-1.5}},"4":{"fanduel":{"odds":152,"spread":-1.5},"draftkings":{"odds":144,"spread":-1.5},"williamhill_us":{"odds":150,"spread":-1.5},"betmgm":{"odds":145,"spread":-1.5},"bovada":{"odds":150,"spread":-1.5}},"5":{"fanduel":{"odds":140,"spread":-1.5},"draftkings":{"odds":135,"spread":-1.5},"williamhill_us":{"odds":135,"spread":-1.5},"betmgm":{"odds":135,"spread":-1.5},"bovada":{"odds":135,"spread":-1.5}},"6":{"fanduel":{"odds":-182,"spread":1.5},"bovada":{"odds":170,"spread":-1.5},"draftkings":{"odds":-184,"spread":1.5},"williamhill_us":{"odds":162,"spread":-1.5},"betmgm":{"odds":-185,"spread":1.5}},"7":{"fanduel":{"odds":-102,"spread":-1.5},"draftkings":{"odds":-103,"spread":-1.5},"williamhill_us":{"odds":-110,"spread":-1.5},"betmgm":{"odds":-105,"spread":-1.5},"bovada":{"odds":-105,"spread":-1.5}},"8":{"fanduel":{"odds":-176,"spread":1.5},"williamhill_us":{"odds":162,"spread":-1.5},"draftkings":{"odds":-174,"spread":1.5},"betmgm":{"odds":-175,"spread":1.5},"bovada":{"odds":170,"spread":-1.5}},"9":{"fanduel":{"odds":130,"spread":-1.5},"draftkings":{"odds":128,"spread":-1.5},"williamhill_us":{"odds":130,"spread":-1.5},"betmgm":{"odds":125,"spread":-1.5},"bovada":{"odds":130,"spread":-1.5}},"10":{"fanduel":{"odds":162,"spread":-1.5},"draftkings":{"odds":153,"spread":-1.5},"williamhill_us":{"odds":158,"spread":-1.5},"betmgm":{"odds":150,"spread":-1.5},"bovada":{"odds":165,"spread":-1.5}},"11":{"fanduel":{"odds":-146,"spread":1.5},"bovada":{"odds":-140,"spread":1.5},"draftkings":{"odds":-143,"spread":1.5},"williamhill_us":{"odds":-140,"spread":1.5},"betmgm":{"odds":-145,"spread":1.5}},"12":{"fanduel":{"odds":130,"spread":-1.5},"bovada":{"odds":130,"spread":-1.5},"draftkings":{"odds":124,"spread":-1.5},"williamhill_us":{"odds":122,"spread":-1.5},"betmgm":{"odds":125,"spread":-1.5}},"13":{"fanduel":{"odds":134,"spread":-1.5},"draftkings":{"odds":138,"spread":-1.5},"williamhill_us":{"odds":140,"spread":-1.5},"betmgm":{"odds":135,"spread":-1.5},"bovada":{"odds":140,"spread":-1.5}},"14":{"fanduel":{"odds":-200,"spread":1.5},"draftkings":{"odds":-198,"spread":1.5},"williamhill_us":{"odds":170,"spread":-1.5},"betmgm":{"odds":-200,"spread":1.5},"bovada":{"odds":175,"spread":-1.5}}},"books_away":{"0":{"fanduel":{"odds":136,"spread":-1.5},"draftkings":{"odds":141,"spread":-1.5},"williamhill_us":{"odds":143,"spread":-1.5},"betmgm":{"odds":140,"spread":-1.5},"bovada":{"odds":145,"spread":-1.5}},"1":{"fanduel":{"odds":176,"spread":-1.5},"draftkings":{"odds":167,"spread":-1.5},"williamhill_us":{"odds":-205,"spread":1.5},"betmgm":{"odds":165,"spread":-1.5},"bovada":{"odds":-220,"spread":1.5}},"2":{"fanduel":{"odds":-172,"spread":1.5},"draftkings":{"odds":-175,"spread":1.5},"williamhill_us":{"odds":-170,"spread":1.5},"betmgm":{"odds":-175,"spread":1.5},"bovada":{"odds":-170,"spread":1.5}},"3":{"fanduel":{"odds":-182,"spread":1.5},"draftkings":{"odds":-172,"spread":1.5},"williamhill_us":{"odds":-170,"spread":1.5},"betmgm":{"odds":-175,"spread":1.5},"bovada":{"odds":-165,"spread":1.5}},"4":{"fanduel":{"odds":-184,"spread":1.5},"draftkings":{"odds":-175,"spread":1.5},"williamhill_us":{"odds":-178,"spread":1.5},"betmgm":{"odds":-180,"spread":1.5},"bovada":{"odds":-175,"spread":1.5}},"5":{"fanduel":{"odds":-170,"spread":1.5},"draftkings":{"odds":-163,"spread":1.5},"williamhill_us":{"odds":-160,"spread":1.5},"betmgm":{"odds":-165,"spread":1.5},"bovada":{"odds":-160,"spread":1.5}},"6":{"fanduel":{"odds":150,"spread":-1.5},"bovada":{"odds":-200,"spread":1.5},"draftkings":{"odds":151,"spread":-1.5},"williamhill_us":{"odds":-195,"spread":1.5},"betmgm":{"odds":150,"spread":-1.5}},"7":{"fanduel":{"odds":-118,"spread":1.5},"draftkings":{"odds":-117,"spread":1.5},"williamhill_us":{"odds":-110,"spread":1.5},"betmgm":{"odds":-115,"spread":1.5},"bovada":{"odds":-115,"spread":1.5}},"8":{"fanduel":{"odds":146,"spread":-1.5},"williamhill_us":{"odds":-195,"spread":1.5},"draftkings":{"odds":144,"spread":-1.5},"betmgm":{"odds":145,"spread":-1.5},"bovada":{"odds":-200,"spread":1.5}},"9":{"fanduel":{"odds":-160,"spread":1.5},"draftkings":{"odds":-155,"spread":1.5},"williamhill_us":{"odds":-155,"spread":1.5},"betmgm":{"odds":-155,"spread":1.5},"bovada":{"odds":-150,"spread":1.5}},"10":{"fanduel":{"odds":-196,"spread":1.5},"draftkings":{"odds":-186,"spread":1.5},"williamhill_us":{"odds":-190,"spread":1.5},"betmgm":{"odds":-185,"spread":1.5},"bovada":{"odds":-195,"spread":1.5}},"11":{"fanduel":{"odds":122,"spread":-1.5},"bovada":{"odds":120,"spread":-1.5},"draftkings":{"odds":119,"spread":-1.5},"williamhill_us":{"odds":118,"spread":-1.5},"betmgm":{"odds":118,"spread":-1.5}},"12":{"fanduel":{"odds":-156,"spread":1.5},"bovada":{"odds":-150,"spread":1.5},