{"game_id":{"0":"d52d861ea5ed462b15486ffb7493bbc4","1":"160de2c0d9ab7767e9268364d732e3a3","2":"ed3937bc90189b707190e2ab6060520c","3":"15b87c6f572dbd799229c124977cd9cc","4":"3096b597fdfee7ae162b7e06d7b349db","5":"672bd33686c333c6153712db080ee8a9","6":"00d50aafe35c1d5cd48cc12b8dc26bbb","7":"74300b0d6c081e81f663475a7fbc6023","8":"9537056b3351f36946c499786e40cfa7","9":"e82c967c1c766b4626e30f8560c26373","10":"a6d31fb32b9a25db695c58e6621fcd41","11":"2f7d7c64bfe4e6ab5864b9f70ae4ba1a","12":"4ef0a953d5a2ee85f161aca8c6c49b3c","13":"b97b93f7e524bcb6df93185f3a28b91d","14":"3905b085d9465ee22fdad2d16362cd7a"},"home_team":{"0":"Pittsburgh Pirates","1":"Cleveland Guardians","2":"Boston Red Sox","3":"Chicago White Sox","4":"Texas Rangers","5":"Toronto Blue Jays","6":"Colorado Rockies","7":"San Francisco Giants","8":"Washington Nationals","9":"Los Angeles Angels","10":"New York Mets","11":"Tampa Bay Rays","12":"Miami Marlins","13":"New York Yankees","14":"Minnesota Twins"},"away_team":{"0":"San Diego Padres","1":"Kansas City Royals","2":"Milwaukee Brewers","3":"Baltimore Orioles","4":"Seattle Mariners","5":"Los Angeles Dodgers","6":"Houston Astros","7":"Philadelphia Phillies","8":"St. Louis Cardinals","9":"Atlanta Braves","10":"Arizona Diamondbacks","11":"Chicago Cubs","12":"Cincinnati Reds","13":"Athletics","14":"Detroit Tigers"},"home_spread":{"0":-1.5,"1":1.5,"2":-1.5,"3":1.5,"4":1.5,"5":1.5,"6":1.5,"7":1.5,"8":1.5,"9":1.5,"10":-1.5,"11":-1.5,"12":-1.5,"13":-1.5,"14":1.5},"away_spread":{"0":-1.5,"1":-1.5,"2":1.5,"3":-1.5,"4":-1.5,"5":-1.5,"6":-1.5,"7":-1.5,"8":-1.5,"9":-1.5,"10":1.5,"11":-1.5,"12":1.5,"13":1.5,"14":-1.5},"best_home_odds":{"0":192,"1":-163,"2":170,"3":-130,"4":-150,"5":-110,"6":-110,"7":-145,"8":-160,"9":-144,"10":155,"11":185,"12":170,"13":100,"14":-135},"best_away_odds":{"0":165,"1":155,"2":-192,"3":115,"4":140,"5":105,"6":100,"7":130,"8":140,"9":130,"10":-175,"11":158,"12":-194,"13":-110,"14":120},"home_cover_nv_prob":{"0":0.4757630162,"1":0.612465925,"2":0.3603158934,"3":0.5485770363,"4":0.5901639344,"5":0.5177956372,"6":0.511627907,"7":0.5764909248,"8":0.5962732919,"9":0.5757997218,"10":0.3812824957,"11":0.4751381215,"12":0.3595011005,"13":0.488372093,"14":0.5582706767},"away_cover_nv_prob":{"0":0.5242369838,"1":0.387534075,"2":0.6396841066,"3":0.4514229637,"4":0.4098360656,"5":0.4822043628,"6":0.488372093,"7":0.4235090752,"8":0.4037267081,"9":0.4242002782,"10":0.6187175043,"11":0.5248618785,"12":0.6404988995,"13":0.511627907,"14":0.4417293233},"books_home":{"0":{"fanduel":{"odds":-188,"spread":1.5},"draftkings":{"odds":-184,"spread":1.5},"williamhill_us":{"odds":192,"spread":-1.5},"bovada":{"odds":-185,"spread":1.5},"betmgm":{"odds":-200,"spread":1.5}},"1":{"fanduel":{"odds":-170,"spread":1.5},"draftkings":{"odds":-163,"spread":1.5},"williamhill_us":{"odds":-165,"spread":1.5},"bovada":{"odds":-170,"spread":1.5},"betmgm":{"odds":-190,"spread":1.5}},"2":{"fanduel":{"odds":158,"spread":-1.5},"draftkings":{"odds":163,"spread":-1.5},"williamhill_us":{"odds":162,"spread":-1.5},"bovada":{"odds":170,"spread":-1.5},"betmgm":{"odds":165,"spread":-1.5}},"3":{"fanduel":{"odds":-134,"spread":1.5},"draftkings":{"odds":-136,"spread":1.5},"williamhill_us":{"odds":-130,"spread":1.5},"bovada":{"odds":-135,"spread":1.5},"betmgm":{"odds":-135,"spread":1.5}},"4":{"fanduel":{"odds":-170,"spread":1.5},"draftkings":{"odds":-163,"spread":1.5},"williamhill_us":{"odds":-160,"spread":1.5},"bovada":{"odds":-150,"spread":1.5},"betmgm":{"odds":-165,"spread":1.5}},"5":{"fanduel":{"odds":-120,"spread":1.5},"draftkings":{"odds":-118,"spread":1.5},"williamhill_us":{"odds":-110,"spread":1.5},"bovada":{"odds":-110,"spread":1.5},"betmgm":{"odds":-125,"spread":1.5}},"6":{"fanduel":{"odds":-114,"spread":1.5},"draftkings":{"odds":-112,"spread":1.5},"williamhill_us":{"odds":-110,"spread":1.5},"betmgm":{"odds":-120,"spread":1.5},"bovada":{"odds":-115,"spread":1.5}},"7":{"fanduel":{"odds":-156,"spread":1.5},"williamhill_us":{"odds":-145,"spread":1.5},"draftkings":{"odds":-149,"spread":1.5},"bovada":{"odds":-150,"spread":1.5},"betmgm":{"odds":-150,"spread":1.5}},"8":{"fanduel":{"odds":-160,"spread":1.5},"draftkings":{"odds":-163,"spread":1.5},"williamhill_us":{"odds":-160,"spread":1.5},"bovada":{"odds":-160,"spread":1.5},"betmgm":{"odds":-170,"spread":1.5}},"9":{"fanduel":{"odds":-144,"spread":1.5},"draftkings":{"odds":-149,"spread":1.5},"williamhill_us":{"odds":-145,"spread":1.5},"bovada":{"odds":-150,"spread":1.5},"betmgm":{"odds":-150,"spread":1.5}},"10":{"fanduel":{"odds":152,"spread":-1.5},"williamhill_us":{"odds":150,"spread":-1.5},"draftkings":{"odds":149,"spread":-1.5},"bovada":{"odds":155,"spread":-1.5},"betmgm":{"odds":145,"spread":-1.5}},"11":{"fanduel":{"odds":-182,"spread":1.5},"draftkings":{"odds":-181,"spread":1.5},"williamhill_us":{"odds":-190,"spread":1.5},"betmgm":{"odds":-190,"spread":1.5},"bovada":{"odds":185,"spread":-1.5}},"12":{"fanduel":{"odds":160,"spread":-1.5},"draftkings":{"odds":163,"spread":-1.5},"williamhill_us":{"odds":162,"spread":-1.5},"bovada":{"odds":165,"spread":-1.5},"betmgm":{"odds":170,"spread":-1.5}},"13":{"fanduel":{"odds":100,"spread":-1.5},"draftkings":{"odds":100,"spread":-1.5},"williamhill_us":{"odds":-110,"spread":-1.5},"bovada":{"odds":-105,"spread":-1.5},"betmgm":{"odds":100,"spread":-1.5}},"14":{"fanduel":{"odds":-137,"spread":1.5},"draftkings":{"odds":-136,"spread":1.5},"williamhill_us":{"odds":-135,"spread":1.5},"bovada":{"odds":-140,"spread":1.5}}},"books_away":{"0":{"fanduel":{"odds":155,"spread":-1.5},"draftkings":{"odds":151,"spread":-1.5},"williamhill_us":{"odds":-235,"spread":1.5},"bovada":{"odds":160,"spread":-1.5},"betmgm":{"odds":165,"spread":-1.5}},"1":{"fanduel":{"odds":140,"spread":-1.5},"draftkings":{"odds":135,"spread":-1.5},"williamhill_us":{"odds":140,"spread":-1.5},"bovada":{"odds":145,"spread":-1.5},"betmgm":{"odds":155,"spread":-1.5}},"2":{"fanduel":{"odds":-192,"spread":1.5},"draftkings":{"odds":-199,"spread":1.5},"williamhill_us":{"odds":-195,"spread":1.5},"bovada":{"odds":-200,"spread":1.5},"betmgm":{"odds":-200,"spread":1.5}},"3":{"fanduel":{"odds":112,"spread":-1.5},"draftkings":{"odds":113,"spread":-1.5},"williamhill_us":{"odds":110,"spread":-1.5},"bovada":{"odds":115,"spread":-1.5},"betmgm":{"odds":115,"spread":-1.5}},"4":{"fanduel":{"odds":140,"spread":-1.5},"draftkings":{"odds":135,"spread":-1.5},"williamhill_us":{"odds":135,"spread":-1.5},"bovada":{"odds":130,"spread":-1.5},"betmgm":{"odds":140,"spread":-1.5}},"5":{"fanduel":{"odds":100,"spread":-1.5},"draftkings":{"odds":-102,"spread":-1.5},"williamhill_us":{"odds":-110,"spread":-1.5},"bovada":{"odds":-110,"spread":-1.5},"betmgm":{"odds":105,"spread":-1.5}},"6":{"fanduel":{"odds":-105,"spread":-1.5},"draftkings":{"odds":-108,"spread":-1.5},"williamhill_us":{"odds":-110,"spread":-1.5},"betmgm":{"odds":100,"spread":-1.5},"bovada":{"odds":-105,"spread":-1.5}},"7":{"fanduel":{"odds":130,"spread":-1.5},"williamhill_us":{"odds":122,"spread":-1.5},"draftkings":{"odds":123,"spread":-1.5},"bovada":{"odds":130,"spread":-1.5},"betmgm":{"odds":125,"spread":-1.5}},"8":{"fanduel":{"odds":132,"spread":-1.5},"draftkings":{"odds":135,"spread":-1.5},"williamhill_us":{"odds":135,"spread":-1.5},"bovada":{"odds":135,"spread":-1.5},"betmgm":{"odds":140,"spread":-1.5}},"9":{"fanduel":{"odds":118,"spread":-1.5},"draftkings":{"odds":123,"spread":-1.5},"williamhill_us":{"odds":122,"spread":-1.5},"bovada":{"odds":130,"spread":-1.5},"betmgm":{"odds":125,"spread":-1.5}},"10":{"fanduel":{"odds":-184,"spread":1.5},"williamhill_us":{"odds":-178,"spread":1.5},"draftkings":{"odds":-181,"spread":1.5},"bovada":{"odds":-180,"spread":1.5},"betmgm":{"odds":-175,"spread":1.5}},"11":{"fanduel":{"odds":150,"spread":-1.5},"draftkings":{"odds":149,"spread":-1.5},"williamhill_us":{"odds":158,"spread":-1.5},"betmgm":{"odds":155,"spread":-1.5},"bovada":{"odds":-225,"spread":1.5}},"12":{"fanduel":{"odds":-194,"spread":1.5},"draftkings":{"odds":-199,"spread":1.5},"williamhill_us":{"odds":-195,