{"game_id":{"0":"1ca04df3ce70b1f02075d8e4a5b2cb52","1":"c4d4cce67008409b6416dc0e03e55471","2":"b227664a56bdeff1970b8f4a2b3073fe","3":"6f233a34a63975436f2e7894b5860b90","4":"f03156629a6e1e4d346ffc42fb0c0bdf","5":"5122e6331d2fde8deffb8ad28d89af2d","6":"65036e67b5aea5d1efb20c275381e2c4","7":"d4b1fc2e508af0ab9a2ac9381656c269","8":"e35247af0713e982e58edd85657dbae9","9":"27f5837fda858059318115b8f615ce81","10":"3b917225da82c6c937c963aa47187645","11":"2d3e8521a55eeeae51961cf0d8ebd6c6","12":"e2d199125ede80ca2e35bc0c0669f294","13":"f2761470e60cb7a1fa947535ccba356f","14":"53115c407b5594a84cae2269c1005ab0"},"home_team":{"0":"Baltimore Orioles","1":"Miami Marlins","2":"Tampa Bay Rays","3":"Cleveland Guardians","4":"Detroit Tigers","5":"Pittsburgh Pirates","6":"Toronto Blue Jays","7":"New York Mets","8":"Chicago White Sox","9":"Kansas City Royals","10":"Colorado Rockies","11":"Los Angeles Angels","12":"San Diego Padres","13":"San Francisco Giants","14":"Athletics"},"away_team":{"0":"Seattle Mariners","1":"Arizona Diamondbacks","2":"Boston Red Sox","3":"New York Yankees","4":"Minnesota Twins","5":"Los Angeles Dodgers","6":"Philadelphia Phillies","7":"St. Louis Cardinals","8":"Atlanta Braves","9":"Texas Rangers","10":"Chicago Cubs","11":"Houston Astros","12":"Cincinnati Reds","13":"Washington Nationals","14":"Milwaukee Brewers"},"home_spread":{"0":1.5,"1":-1.5,"2":-1.5,"3":1.5,"4":-1.5,"5":-1.5,"6":-1.5,"7":-1.5,"8":1.5,"9":1.5,"10":1.5,"11":1.5,"12":1.5,"13":-1.5,"14":1.5},"away_spread":{"0":-1.5,"1":1.5,"2":-1.5,"3":-1.5,"4":1.5,"5":-1.5,"6":-1.5,"7":1.5,"8":-1.5,"9":-1.5,"10":-1.5,"11":-1.5,"12":-1.5,"13":-1.5,"14":-1.5},"best_home_odds":{"0":-165,"1":170,"2":180,"3":-140,"4":168,"5":185,"6":195,"7":170,"8":-120,"9":-152,"10":-115,"11":-150,"12":-164,"13":175,"14":-145},"best_away_odds":{"0":146,"1":-185,"2":160,"3":125,"4":-195,"5":160,"6":164,"7":-194,"8":102,"9":135,"10":100,"11":140,"12":150,"13":161,"14":128},"home_cover_nv_prob":{"0":0.6050081979,"1":0.3632887189,"2":0.4814814815,"3":0.5675675676,"4":0.3608121331,"5":0.4770642202,"6":0.4722719141,"7":0.3595011005,"8":0.5242214533,"9":0.5863427446,"10":0.5168539326,"11":0.5901639344,"12":0.6083086053,"13":0.4869402985,"14":0.5743571925},"away_cover_nv_prob":{"0":0.3949918021,"1":0.6367112811,"2":0.5185185185,"3":0.4324324324,"4":0.6391878669,"5":0.5229357798,"6":0.5277280859,"7":0.6404988995,"8":0.4757785467,"9":0.4136572554,"10":0.4831460674,"11":0.4098360656,"12":0.3916913947,"13":0.5130597015,"14":0.4256428075},"books_home":{"0":{"fanduel":{"odds":-176,"spread":1.5},"bovada":{"odds":-165,"spread":1.5},"draftkings":{"odds":-171,"spread":1.5},"betmgm":{"odds":-175,"spread":1.5},"williamhill_us":{"odds":-170,"spread":1.5}},"1":{"fanduel":{"odds":158,"spread":-1.5},"bovada":{"odds":160,"spread":-1.5},"draftkings":{"odds":168,"spread":-1.5},"betmgm":{"odds":165,"spread":-1.5},"williamhill_us":{"odds":170,"spread":-1.5}},"2":{"fanduel":{"odds":-194,"spread":1.5},"bovada":{"odds":-185,"spread":1.5},"draftkings":{"odds":-193,"spread":1.5},"betmgm":{"odds":-190,"spread":1.5},"williamhill_us":{"odds":180,"spread":-1.5}},"3":{"fanduel":{"odds":-146,"spread":1.5},"bovada":{"odds":-145,"spread":1.5},"draftkings":{"odds":-148,"spread":1.5},"betmgm":{"odds":-145,"spread":1.5},"williamhill_us":{"odds":-140,"spread":1.5}},"4":{"fanduel":{"odds":168,"spread":-1.5},"bovada":{"odds":165,"spread":-1.5},"draftkings":{"odds":164,"spread":-1.5},"williamhill_us":{"odds":162,"spread":-1.5}},"5":{"fanduel":{"odds":-194,"spread":1.5},"bovada":{"odds":185,"spread":-1.5},"draftkings":{"odds":-186,"spread":1.5},"betmgm":{"odds":-190,"spread":1.5},"williamhill_us":{"odds":-190,"spread":1.5}},"6":{"fanduel":{"odds":-200,"spread":1.5},"bovada":{"odds":195,"spread":-1.5},"draftkings":{"odds":-184,"spread":1.5},"betmgm":{"odds":-185,"spread":1.5},"williamhill_us":{"odds":-170,"spread":1.5}},"7":{"fanduel":{"odds":160,"spread":-1.5},"bovada":{"odds":170,"spread":-1.5},"draftkings":{"odds":163,"spread":-1.5},"betmgm":{"odds":165,"spread":-1.5},"williamhill_us":{"odds":162,"spread":-1.5}},"8":{"fanduel":{"odds":-122,"spread":1.5},"bovada":{"odds":-120,"spread":1.5},"draftkings":{"odds":-122,"spread":1.5},"betmgm":{"odds":-120,"spread":1.5},"williamhill_us":{"odds":-120,"spread":1.5}},"9":{"fanduel":{"odds":-152,"spread":1.5},"bovada":{"odds":-160,"spread":1.5},"draftkings":{"odds":-161,"spread":1.5},"betmgm":{"odds":-165,"spread":1.5},"williamhill_us":{"odds":-160,"spread":1.5}},"10":{"fanduel":{"odds":-118,"spread":1.5},"draftkings":{"odds":-115,"spread":1.5},"bovada":{"odds":-115,"spread":1.5},"betmgm":{"odds":-118,"spread":1.5},"williamhill_us":{"odds":-120,"spread":1.5}},"11":{"fanduel":{"odds":-170,"spread":1.5},"draftkings":{"odds":-163,"spread":1.5},"bovada":{"odds":-150,"spread":1.5},"betmgm":{"odds":-160,"spread":1.5},"williamhill_us":{"odds":-160,"spread":1.5}},"12":{"fanduel":{"odds":-164,"spread":1.5},"draftkings":{"odds":-180,"spread":1.5},"bovada":{"odds":-175,"spread":1.5},"betmgm":{"odds":-180,"spread":1.5},"williamhill_us":{"odds":-178,"spread":1.5}},"13":{"fanduel":{"odds":-192,"spread":1.5},"draftkings":{"odds":-196,"spread":1.5},"bovada":{"odds":175,"spread":-1.5},"betmgm":{"odds":-190,"spread":1.5},"williamhill_us":{"odds":175,"spread":-1.5}},"14":{"fanduel":{"odds":-154,"spread":1.5},"draftkings":{"odds":-149,"spread":1.5},"bovada":{"odds":-145,"spread":1.5},"betmgm":{"odds":-155,"spread":1.5},"williamhill_us":{"odds":-145,"spread":1.5}}},"books_away":{"0":{"fanduel":{"odds":146,"spread":-1.5},"bovada":{"odds":140,"spread":-1.5},"draftkings":{"odds":141,"spread":-1.5},"betmgm":{"odds":145,"spread":-1.5},"williamhill_us":{"odds":143,"spread":-1.5}},"1":{"fanduel":{"odds":-192,"spread":1.5},"bovada":{"odds":-185,"spread":1.5},"draftkings":{"odds":-206,"spread":1.5},"betmgm":{"odds":-200,"spread":1.5},"williamhill_us":{"odds":-205,"spread":1.5}},"2":{"fanduel":{"odds":160,"spread":-1.5},"bovada":{"odds":160,"spread":-1.5},"draftkings":{"odds":158,"spread":-1.5},"betmgm":{"odds":155,"spread":-1.5},"williamhill_us":{"odds":-220,"spread":1.5}},"3":{"fanduel":{"odds":122,"spread":-1.5},"bovada":{"odds":125,"spread":-1.5},"draftkings":{"odds":122,"spread":-1.5},"betmgm":{"odds":120,"spread":-1.5},"williamhill_us":{"odds":118,"spread":-1.5}},"4":{"fanduel":{"odds":-205,"spread":1.5},"bovada":{"odds":-195,"spread":1.5},"draftkings":{"odds":-200,"spread":1.5},"williamhill_us":{"odds":-195,"spread":1.5}},"5":{"fanduel":{"odds":160,"spread":-1.5},"bovada":{"odds":-225,"spread":1.5},"draftkings":{"odds":153,"spread":-1.5},"betmgm":{"odds":155,"spread":-1.5},"williamhill_us":{"odds":158,"spread":-1.5}},"6":{"fanduel":{"odds":164,"spread":-1.5},"bovada":{"odds":-235,"spread":1.5},"draftkings":{"odds":152,"spread":-1.5},"betmgm":{"odds":150,"spread":-1.5},"williamhill_us":{"odds":143,"spread":-1.5}},"7":{"fanduel":{"odds":-194,"spread":1.5},"bovada":{"odds":-200,"spread":1.5},"draftkings":{"odds":-199,"spread":1.5},"betmgm":{"odds":-200,"spread":1.5},"williamhill_us":{"odds":-195,"spread":1.5}},"8":{"fanduel":{"odds":102,"spread":-1.5},"bovada":{"odds":100,"spread":-1.5},"draftkings":{"odds":101,"spread":-1.5},"betmgm":{"odds":100,"spread":-1.5},"williamhill_us":{"odds":100,"spread":-1.5}},"9":{"fanduel":{"odds":126,"spread":-1.5},"bovada":{"odds":135,"spread":-1.5},"draftkings":{"odds":133,"spread":-1.5},"betmgm":{"odds":135,"spread":-1.5},"williamhill_us":{"odds":135,"spread":-1.5}},"10":{"fanduel":{"odds":-102,"spread":-1.5},"draftkings":{"odds":-104,"spread":-1.5},"bovada":{"odds":-105,"spread":-1.5},"betmgm":{"odds":-102,"spread":-1.5},"williamhill_us":{"odds":100,"spread":-1.5}},"11":{"fanduel":{"odds":140,"spread":-1.5},"draftkings":{"odds":135,"spread":-1.5},"bovada":{"odds":130,"spread":-1.5},"betmgm":{"odds":135,"spread":-1.5},"williamhill_us":{"odds":135,"spread":-1.5}},"12":{"fanduel":{"odds":136,"spread":-1.5},"draftkings":{"odds":148,"spread":-1.5},"bovada":{"odds":150,"spread":-1.5},"betmgm":{"odds":145,"spread":-1.5},