{"game_id":{"0":"d10f53a6fb57a00a4e08f7d5fe1d10de","1":"f0a7004057c75d3a27566a9cadac71de","2":"dcb7f3b019ab5e225b354b9e8c2b291e","3":"df0e15c1b18c2572248e1e6fa22b5271","4":"41cfc5f9fbe204005b41506b477dbe2a","5":"eb7b6453caa8162c84f45e9a1f779847","6":"d68d87788cfa956ebee8d3a758c79ff0","7":"970acfb69adcb4bf8fc9ce89662aa43e","8":"a5f186ae13718f117194fdc34bae1f01","9":"af4723d660204fd1fb7719261eb7f74b"},"home_team":{"0":"Seattle Mariners","1":"Baltimore Orioles","2":"Philadelphia Phillies","3":"Pittsburgh Pirates","4":"New York Yankees","5":"Atlanta Braves","6":"Minnesota Twins","7":"St. Louis Cardinals","8":"Athletics","9":"Los Angeles Dodgers"},"away_team":{"0":"Houston Astros","1":"Arizona Diamondbacks","2":"Chicago Cubs","3":"Washington Nationals","4":"Los Angeles Angels","5":"Miami Marlins","6":"Boston Red Sox","7":"Cleveland Guardians","8":"Texas Rangers","9":"New York Mets"},"home_spread":{"0":-1.5,"1":-1.5,"2":-1.5,"3":-1.5,"4":-1.5,"5":-1.5,"6":1.5,"7":1.5,"8":1.5,"9":-1.5},"away_spread":{"0":1.5,"1":1.5,"2":1.5,"3":1.5,"4":1.5,"5":1.5,"6":-1.5,"7":-1.5,"8":-1.5,"9":1.5},"best_home_odds":{"0":130,"1":160,"2":115,"3":105,"4":105,"5":150,"6":-125,"7":-170,"8":-145,"9":118},"best_away_odds":{"0":-143,"1":-182,"2":-135,"3":-120,"4":-120,"5":-165,"6":110,"7":150,"8":130,"9":-120},"home_cover_nv_prob":{"0":0.4248994579,"1":0.3734110169,"2":0.4474059971,"3":0.4721030043,"4":0.4721030043,"5":0.3911439114,"6":0.5384615385,"7":0.6115107914,"8":0.5764909248,"9":0.4568106312},"away_cover_nv_prob":{"0":0.5751005421,"1":0.6265889831,"2":0.5525940029,"3":0.5278969957,"4":0.5278969957,"5":0.6088560886,"6":0.4615384615,"7":0.3884892086,"8":0.4235090752,"9":0.5431893688},"books_home":{"0":{"fanduel":{"odds":125,"spread":-1.5},"williamhill_us":{"odds":122,"spread":-1.5},"draftkings":{"odds":119,"spread":-1.5},"betmgm":{"odds":125,"spread":-1.5},"bovada":{"odds":130,"spread":-1.5}},"1":{"fanduel":{"odds":150,"spread":-1.5},"williamhill_us":{"odds":158,"spread":-1.5},"draftkings":{"odds":159,"spread":-1.5},"betmgm":{"odds":155,"spread":-1.5},"bovada":{"odds":160,"spread":-1.5}},"2":{"fanduel":{"odds":115,"spread":-1.5},"williamhill_us":{"odds":115,"spread":-1.5},"draftkings":{"odds":113,"spread":-1.5},"betmgm":{"odds":115,"spread":-1.5},"bovada":{"odds":115,"spread":-1.5}},"3":{"fanduel":{"odds":105,"spread":-1.5},"williamhill_us":{"odds":100,"spread":-1.5},"draftkings":{"odds":100,"spread":-1.5},"betmgm":{"odds":100,"spread":-1.5},"bovada":{"odds":105,"spread":-1.5}},"4":{"fanduel":{"odds":100,"spread":-1.5},"williamhill_us":{"odds":100,"spread":-1.5},"draftkings":{"odds":102,"spread":-1.5},"bovada":{"odds":100,"spread":-1.5},"betmgm":{"odds":105,"spread":-1.5}},"5":{"fanduel":{"odds":142,"spread":-1.5},"williamhill_us":{"odds":140,"spread":-1.5},"draftkings":{"odds":139,"spread":-1.5},"betmgm":{"odds":150,"spread":-1.5},"bovada":{"odds":140,"spread":-1.5}},"6":{"fanduel":{"odds":-125,"spread":1.5},"williamhill_us":{"odds":-130,"spread":1.5},"draftkings":{"odds":-131,"spread":1.5},"bovada":{"odds":-130,"spread":1.5}},"7":{"fanduel":{"odds":-172,"spread":1.5},"williamhill_us":{"odds":-170,"spread":1.5},"betmgm":{"odds":-180,"spread":1.5},"draftkings":{"odds":-171,"spread":1.5},"bovada":{"odds":-175,"spread":1.5}},"8":{"fanduel":{"odds":-146,"spread":1.5},"williamhill_us":{"odds":-145,"spread":1.5},"draftkings":{"odds":-149,"spread":1.5},"betmgm":{"odds":-150,"spread":1.5},"bovada":{"odds":-150,"spread":1.5}},"9":{"fanduel":{"odds":110,"spread":-1.5},"williamhill_us":{"odds":110,"spread":-1.5},"draftkings":{"odds":109,"spread":-1.5},"betmgm":{"odds":118,"spread":-1.5},"bovada":{"odds":100,"spread":-1.5}}},"books_away":{"0":{"fanduel":{"odds":-150,"spread":1.5},"williamhill_us":{"odds":-145,"spread":1.5},"draftkings":{"odds":-143,"spread":1.5},"betmgm":{"odds":-150,"spread":1.5},"bovada":{"odds":-150,"spread":1.5}},"1":{"fanduel":{"odds":-182,"spread":1.5},"williamhill_us":{"odds":-190,"spread":1.5},"draftkings":{"odds":-194,"spread":1.5},"betmgm":{"odds":-190,"spread":1.5},"bovada":{"odds":-185,"spread":1.5}},"2":{"fanduel":{"odds":-138,"spread":1.5},"williamhill_us":{"odds":-135,"spread":1.5},"draftkings":{"odds":-136,"spread":1.5},"betmgm":{"odds":-135,"spread":1.5},"bovada":{"odds":-135,"spread":1.5}},"3":{"fanduel":{"odds":-126,"spread":1.5},"williamhill_us":{"odds":-120,"spread":1.5},"draftkings":{"odds":-120,"spread":1.5},"betmgm":{"odds":-120,"spread":1.5},"bovada":{"odds":-125,"spread":1.5}},"4":{"fanduel":{"odds":-120,"spread":1.5},"williamhill_us":{"odds":-120,"spread":1.5},"draftkings":{"odds":-122,"spread":1.5},"bovada":{"odds":-120,"spread":1.5},"betmgm":{"odds":-130,"spread":1.5}},"5":{"fanduel":{"odds":-172,"spread":1.5},"williamhill_us":{"odds":-165,"spread":1.5},"draftkings":{"odds":-168,"spread":1.5},"betmgm":{"odds":-185,"spread":1.5},"bovada":{"odds":-165,"spread":1.5}},"6":{"fanduel":{"odds":104,"spread":-1.5},"williamhill_us":{"odds":110,"spread":-1.5},"draftkings":{"odds":109,"spread":-1.5},"bovada":{"odds":110,"spread":-1.5}},"7":{"fanduel":{"odds":142,"spread":-1.5},"williamhill_us":{"odds":143,"spread":-1.5},"betmgm":{"odds":145,"spread":-1.5},"draftkings":{"odds":141,"spread":-1.5},"bovada":{"odds":150,"spread":-1.5}},"8":{"fanduel":{"odds":122,"spread":-1.5},"williamhill_us":{"odds":122,"spread":-1.5},"draftkings":{"odds":123,"spread":-1.5},"betmgm":{"odds":125,"spread":-1.5},"bovada":{"odds":130,"spread":-1.5}},"9":{"fanduel":{"odds":-132,"spread":1.5},"williamhill_us":{"odds":-130,"spread":1.5},"draftkings":{"odds":-131,"spread":1.5},"betmgm":{"odds":-145,"spread":1.5},"bovada":{"odds":-120,"spread":1.5}}}}