{"game_id":{"0":"fc7f74688fa7a695570c6e2a546a1b4c","1":"0673c603ed95036d0dd89744802e018b","2":"f62667265f8ded9cddabcc82eecfb2a4","3":"5ee2ae64246b36c95376f981cb3551da","4":"d394e34530919df3f80263c0e0176924","5":"ff56e951fb2920b6a40e41ddccbe184b","6":"6685cf659fbcccab05e1e35fcf4dcbb9","7":"1d26cb2e8c25cee366cca30f7ae6428a","8":"5a0c2a8da870604e8dffcb6d053cd738","9":"090b0370fb46541b0a17771a0d86e281","10":"878878a6f002b3712f580e398e40dc1a","11":"c9a7f8f74b4ae9a65c80d47993dfeb86","12":"2b3a5c8c1587ea527558ec8e6fb514ee","13":"1c4be9313fc412b34cc158daa4b7fdac","14":"835944b5efc736fb06b73068a981fde5"},"home_team":{"0":"Baltimore Orioles","1":"Cleveland Guardians","2":"Philadelphia Phillies","3":"New York Yankees","4":"Toronto Blue Jays","5":"Boston Red Sox","6":"Atlanta Braves","7":"Milwaukee Brewers","8":"Kansas City Royals","9":"Chicago Cubs","10":"Houston Astros","11":"Colorado Rockies","12":"Arizona Diamondbacks","13":"Athletics","14":"Seattle Mariners"},"away_team":{"0":"Chicago White Sox","1":"Texas Rangers","2":"Pittsburgh Pirates","3":"Detroit Tigers","4":"New York Mets","5":"Washington Nationals","6":"St. Louis Cardinals","7":"Cincinnati Reds","8":"Tampa Bay Rays","9":"San Diego Padres","10":"Minnesota Twins","11":"Miami Marlins","12":"San Francisco Giants","13":"Los Angeles Dodgers","14":"Los Angeles Angels"},"home_spread":{"0":-1.5,"1":1.5,"2":-1.5,"3":-1.5,"4":-1.5,"5":-1.5,"6":-1.5,"7":-1.5,"8":1.5,"9":-1.5,"10":1.5,"11":1.5,"12":1.5,"13":1.5,"14":-1.5},"away_spread":{"0":1.5,"1":-1.5,"2":1.5,"3":1.5,"4":-1.5,"5":1.5,"6":1.5,"7":1.5,"8":-1.5,"9":1.5,"10":-1.5,"11":-1.5,"12":-1.5,"13":-1.5,"14":1.5},"best_home_odds":{"0":142,"1":-162,"2":-108,"3":165,"4":175,"5":150,"6":130,"7":128,"8":-140,"9":130,"10":-170,"11":-115,"12":-170,"13":-110,"14":130},"best_away_odds":{"0":-160,"1":150,"2":-105,"3":-190,"4":176,"5":-170,"6":-145,"7":-130,"8":122,"9":-140,"10":145,"11":100,"12":150,"13":100,"14":-145},"home_cover_nv_prob":{"0":0.4017305315,"1":0.6071964018,"2":0.5034106412,"3":0.3654694392,"4":0.500907441,"5":0.3884892086,"6":0.4235090752,"7":0.4369300912,"8":0.5642701525,"9":0.4270462633,"10":0.6067006555,"11":0.5168539326,"12":0.6115107914,"13":0.511627907,"14":0.4235090752},"away_cover_nv_prob":{"0":0.5982694685,"1":0.3928035982,"2":0.4965893588,"3":0.6345305608,"4":0.499092559,"5":0.6115107914,"6":0.5764909248,"7":0.5630699088,"8":0.4357298475,"9":0.5729537367,"10":0.3932993445,"11":0.4831460674,"12":0.3884892086,"13":0.488372093,"14":0.5764909248},"books_home":{"0":{"fanduel":{"odds":142,"spread":-1.5},"williamhill_us":{"odds":135,"spread":-1.5},"draftkings":{"odds":134,"spread":-1.5},"betmgm":{"odds":135,"spread":-1.5},"bovada":{"odds":140,"spread":-1.5}},"1":{"fanduel":{"odds":-162,"spread":1.5},"williamhill_us":{"odds":-178,"spread":1.5},"draftkings":{"odds":-175,"spread":1.5},"betmgm":{"odds":-180,"spread":1.5},"bovada":{"odds":-175,"spread":1.5}},"2":{"fanduel":{"odds":-108,"spread":-1.5},"betmgm":{"odds":-115,"spread":-1.5},"williamhill_us":{"odds":-115,"spread":-1.5},"draftkings":{"odds":-112,"spread":-1.5},"bovada":{"odds":-115,"spread":-1.5}},"3":{"fanduel":{"odds":164,"spread":-1.5},"williamhill_us":{"odds":158,"spread":-1.5},"draftkings":{"odds":158,"spread":-1.5},"betmgm":{"odds":155,"spread":-1.5},"bovada":{"odds":165,"spread":-1.5}},"4":{"fanduel":{"odds":-215,"spread":1.5},"williamhill_us":{"odds":175,"spread":-1.5},"draftkings":{"odds":-204,"spread":1.5},"betmgm":{"odds":170,"spread":-1.5},"bovada":{"odds":175,"spread":-1.5}},"5":{"fanduel":{"odds":150,"spread":-1.5},"williamhill_us":{"odds":143,"spread":-1.5},"draftkings":{"odds":143,"spread":-1.5},"betmgm":{"odds":145,"spread":-1.5},"bovada":{"odds":145,"spread":-1.5}},"6":{"fanduel":{"odds":130,"spread":-1.5},"betmgm":{"odds":125,"spread":-1.5},"williamhill_us":{"odds":122,"spread":-1.5},"draftkings":{"odds":129,"spread":-1.5},"bovada":{"odds":130,"spread":-1.5}},"7":{"fanduel":{"odds":128,"spread":-1.5},"betmgm":{"odds":120,"spread":-1.5},"williamhill_us":{"odds":110,"spread":-1.5},"draftkings":{"odds":119,"spread":-1.5},"bovada":{"odds":120,"spread":-1.5}},"8":{"fanduel":{"odds":-140,"spread":1.5},"williamhill_us":{"odds":-140,"spread":1.5},"draftkings":{"odds":-148,"spread":1.5},"betmgm":{"odds":-145,"spread":1.5},"bovada":{"odds":-140,"spread":1.5}},"9":{"fanduel":{"odds":125,"spread":-1.5},"williamhill_us":{"odds":118,"spread":-1.5},"draftkings":{"odds":119,"spread":-1.5},"betmgm":{"odds":120,"spread":-1.5},"bovada":{"odds":130,"spread":-1.5}},"10":{"fanduel":{"odds":-172,"spread":1.5},"williamhill_us":{"odds":-170,"spread":1.5},"draftkings":{"odds":-171,"spread":1.5},"betmgm":{"odds":-175,"spread":1.5},"bovada":{"odds":-170,"spread":1.5}},"11":{"fanduel":{"odds":-120,"spread":1.5},"betmgm":{"odds":-118,"spread":1.5},"williamhill_us":{"odds":-115,"spread":1.5},"draftkings":{"odds":-117,"spread":1.5},"bovada":{"odds":-115,"spread":1.5}},"12":{"fanduel":{"odds":-178,"spread":1.5},"draftkings":{"odds":-174,"spread":1.5},"williamhill_us":{"odds":-170,"spread":1.5},"betmgm":{"odds":-185,"spread":1.5},"bovada":{"odds":-175,"spread":1.5}},"13":{"draftkings":{"odds":-112,"spread":1.5},"williamhill_us":{"odds":-110,"spread":1.5},"fanduel":{"odds":-120,"spread":1.5},"betmgm":{"odds":-110,"spread":1.5},"bovada":{"odds":-115,"spread":1.5}},"14":{"fanduel":{"odds":130,"spread":-1.5},"williamhill_us":{"odds":122,"spread":-1.5},"draftkings":{"odds":123,"spread":-1.5},"betmgm":{"odds":125,"spread":-1.5},"bovada":{"odds":125,"spread":-1.5}}},"books_away":{"0":{"fanduel":{"odds":-172,"spread":1.5},"williamhill_us":{"odds":-160,"spread":1.5},"draftkings":{"odds":-162,"spread":1.5},"betmgm":{"odds":-160,"spread":1.5},"bovada":{"odds":-165,"spread":1.5}},"1":{"fanduel":{"odds":134,"spread":-1.5},"williamhill_us":{"odds":150,"spread":-1.5},"draftkings":{"odds":144,"spread":-1.5},"betmgm":{"odds":145,"spread":-1.5},"bovada":{"odds":150,"spread":-1.5}},"2":{"fanduel":{"odds":-111,"spread":1.5},"betmgm":{"odds":-105,"spread":1.5},"williamhill_us":{"odds":-105,"spread":1.5},"draftkings":{"odds":-107,"spread":1.5},"bovada":{"odds":-105,"spread":1.5}},"3":{"fanduel":{"odds":-200,"spread":1.5},"williamhill_us":{"odds":-190,"spread":1.5},"draftkings":{"odds":-193,"spread":1.5},"betmgm":{"odds":-190,"spread":1.5},"bovada":{"odds":-195,"spread":1.5}},"4":{"fanduel":{"odds":176,"spread":-1.5},"williamhill_us":{"odds":-210,"spread":1.5},"draftkings":{"odds":167,"spread":-1.5},"betmgm":{"odds":-210,"spread":1.5},"bovada":{"odds":-210,"spread":1.5}},"5":{"fanduel":{"odds":-182,"spread":1.5},"williamhill_us":{"odds":-170,"spread":1.5},"draftkings":{"odds":-173,"spread":1.5},"betmgm":{"odds":-180,"spread":1.5},"bovada":{"odds":-170,"spread":1.5}},"6":{"fanduel":{"odds":-160,"spread":1.5},"betmgm":{"odds":-155,"spread":1.5},"williamhill_us":{"odds":-145,"spread":1.5},"draftkings":{"odds":-156,"spread":1.5},"bovada":{"odds":-150,"spread":1.5}},"7":{"fanduel":{"odds":-154,"spread":1.5},"betmgm":{"odds":-145,"spread":1.5},"williamhill_us":{"odds":-130,"spread":1.5},"draftkings":{"odds":-143,"spread":1.5},"bovada":{"odds":-140,"spread":1.5}},"8":{"fanduel":{"odds":116,"spread":-1.5},"williamhill_us":{"odds":118,"spread":-1.5},"draftkings":{"odds":122,"spread":-1.5},"betmgm":{"odds":120,"spread":-1.5},"bovada":{"odds":120,"spread":-1.5}},"9":{"fanduel":{"odds":-150,"spread":1.5},"williamhill_us":{"odds":-140,"spread":1.5},"draftkings":{"odds":-143,"spread":1.5},"betmgm":{"odds":-145,"spread":1.5},"bovada":{"odds":-150,"spread":1.5}},"10":{"fanduel":{"odds":142,"spread":-1.5},"williamhill_us":{"odds":143,"spread":-1.5},"draftkings":{"odds":141,"spread":-1.5},"betmgm":{"odds":145,"spread":-1.5},"bovada":{"odds":145,"spread":-1.5}},"11":{"fanduel":{"odds":100,"spread":-1.5},"betmgm":{"odds":-102,"spread":-1.5},"williamhill_us":{"odds":-105,"spread":-1.5},"draftkings":{"odds":-103,"spread":-1.5},"bovada":{"odds":-105,"spread":-1.5}},"12":{"fanduel":{"odds":146,"spread":-1.5},"draftkings":{"odds":143,"spread":-1.5},