{"game_id":{"0":"0f9bae674791b2ef6540b6c885ca8d67","1":"14327f7727c0e0583fd6784561320578","2":"2bb9ef2181cdb59b76492b604e5256d6","3":"292a9ce022187e0a27729ba402751e8c","4":"86847e700f1f4f34225dc6187f7c1257","5":"8f72c90df46c96451049020f8482d5c7","6":"9c1e11abdcd795ef8ff437128ea5e829","7":"dcf384a7692bd7df83a96e49919f2dc0","8":"02a4ac33822ef29632a98a54a26c6e72","9":"79116c311ac42e78eb951ee46440d09f","10":"e2025bc46ada7b7e499744ffe0251d13","11":"c58c47a59e543a1a6aa0202a6ca69a25","12":"c423735bd4d51edf6fe4efc260f2eb08","13":"453461c70d67fa8012419eeefc30e149","14":"d9a1b05c6ab0703ea7c26b6fc732451f"},"home_team":{"0":"Washington Nationals","1":"Detroit Tigers","2":"New York Yankees","3":"Boston Red Sox","4":"Chicago White Sox","5":"Texas Rangers","6":"Cleveland Guardians","7":"Colorado Rockies","8":"Minnesota Twins","9":"Pittsburgh Pirates","10":"Kansas City Royals","11":"Los Angeles Angels","12":"Athletics","13":"Arizona Diamondbacks","14":"San Francisco Giants"},"away_team":{"0":"Los Angeles Dodgers","1":"St. Louis Cardinals","2":"Miami Marlins","3":"San Diego Padres","4":"Toronto Blue Jays","5":"Cincinnati Reds","6":"Chicago Cubs","7":"Philadelphia Phillies","8":"Tampa Bay Rays","9":"Baltimore Orioles","10":"Milwaukee Brewers","11":"Seattle Mariners","12":"Houston Astros","13":"Atlanta Braves","14":"New York Mets"},"home_spread":{"0":1.5,"1":-1.5,"2":-1.5,"3":-1.5,"4":1.5,"5":-1.5,"6":1.5,"7":1.5,"8":-1.5,"9":1.5,"10":-1.5,"11":1.5,"12":-1.5,"13":1.5,"14":1.5},"away_spread":{"0":-2.5,"1":1.5,"2":1.5,"3":-1.5,"4":-1.5,"5":1.5,"6":-1.5,"7":-2.5,"8":-1.5,"9":-1.5,"10":-1.5,"11":-1.5,"12":-1.5,"13":-1.5,"14":-1.5},"best_home_odds":{"0":140,"1":125,"2":125,"3":165,"4":105,"5":130,"6":-170,"7":114,"8":192,"9":-154,"10":180,"11":-120,"12":180,"13":-150,"14":-150},"best_away_odds":{"0":-115,"1":-140,"2":-140,"3":160,"4":-118,"5":-144,"6":150,"7":110,"8":164,"9":140,"10":145,"11":110,"12":140,"13":130,"14":136},"home_cover_nv_prob":{"0":0.4378818737,"1":0.4324324324,"2":0.4324324324,"3":0.4952380952,"4":0.4740160905,"5":0.4242002782,"6":0.6115107914,"7":0.4952830189,"8":0.4748201439,"9":0.5926876203,"10":0.4666666667,"11":0.5338983051,"12":0.4615384615,"13":0.5798319328,"14":0.5860927152},"away_cover_nv_prob":{"0":0.5621181263,"1":0.5675675676,"2":0.5675675676,"3":0.5047619048,"4":0.5259839095,"5":0.5757997218,"6":0.3884892086,"7":0.5047169811,"8":0.5251798561,"9":0.4073123797,"10":0.5333333333,"11":0.4661016949,"12":0.5384615385,"13":0.4201680672,"14":0.4139072848},"books_home":{"0":{"fanduel":{"odds":132,"spread":1.5},"draftkings":{"odds":139,"spread":1.5},"williamhill_us":{"odds":140,"spread":1.5},"bovada":{"odds":140,"spread":1.5},"betmgm":{"odds":-105,"spread":2.5}},"1":{"fanduel":{"odds":118,"spread":-1.5},"williamhill_us":{"odds":118,"spread":-1.5},"draftkings":{"odds":119,"spread":-1.5},"betmgm":{"odds":118,"spread":-1.5},"bovada":{"odds":125,"spread":-1.5}},"2":{"fanduel":{"odds":118,"spread":-1.5},"williamhill_us":{"odds":118,"spread":-1.5},"draftkings":{"odds":119,"spread":-1.5},"betmgm":{"odds":118,"spread":-1.5},"bovada":{"odds":125,"spread":-1.5}},"3":{"fanduel":{"odds":-194,"spread":1.5},"williamhill_us":{"odds":162,"spread":-1.5},"draftkings":{"odds":-195,"spread":1.5},"betmgm":{"odds":-190,"spread":1.5},"bovada":{"odds":165,"spread":-1.5}},"4":{"fanduel":{"odds":105,"spread":1.5},"draftkings":{"odds":-102,"spread":1.5},"williamhill_us":{"odds":100,"spread":1.5},"betmgm":{"odds":105,"spread":1.5},"bovada":{"odds":105,"spread":1.5}},"5":{"fanduel":{"odds":120,"spread":-1.5},"williamhill_us":{"odds":122,"spread":-1.5},"draftkings":{"odds":123,"spread":-1.5},"betmgm":{"odds":130,"spread":-1.5},"bovada":{"odds":125,"spread":-1.5}},"6":{"betmgm":{"odds":-175,"spread":1.5},"fanduel":{"odds":-182,"spread":1.5},"williamhill_us":{"odds":-170,"spread":1.5},"draftkings":{"odds":-171,"spread":1.5},"bovada":{"odds":-175,"spread":1.5}},"7":{"fanduel":{"odds":114,"spread":1.5},"williamhill_us":{"odds":110,"spread":1.5},"draftkings":{"odds":109,"spread":1.5},"betmgm":{"odds":-130,"spread":2.5},"bovada":{"odds":105,"spread":1.5}},"8":{"fanduel":{"odds":-200,"spread":1.5},"williamhill_us":{"odds":192,"spread":-1.5},"draftkings":{"odds":-182,"spread":1.5},"bovada":{"odds":190,"spread":-1.5}},"9":{"fanduel":{"odds":-154,"spread":1.5},"williamhill_us":{"odds":-160,"spread":1.5},"draftkings":{"odds":-163,"spread":1.5},"betmgm":{"odds":-170,"spread":1.5},"bovada":{"odds":-160,"spread":1.5}},"10":{"fanduel":{"odds":-166,"spread":1.5},"williamhill_us":{"odds":-170,"spread":1.5},"draftkings":{"odds":-175,"spread":1.5},"betmgm":{"odds":-175,"spread":1.5},"bovada":{"odds":180,"spread":-1.5}},"11":{"fanduel":{"odds":-132,"spread":1.5},"williamhill_us":{"odds":-125,"spread":1.5},"draftkings":{"odds":-126,"spread":1.5},"betmgm":{"odds":-120,"spread":1.5},"bovada":{"odds":-130,"spread":1.5}},"12":{"fanduel":{"odds":-162,"spread":1.5},"williamhill_us":{"odds":-165,"spread":1.5},"draftkings":{"odds":-168,"spread":1.5},"betmgm":{"odds":-160,"spread":1.5},"bovada":{"odds":180,"spread":-1.5}},"13":{"fanduel":{"odds":-156,"spread":1.5},"williamhill_us":{"odds":-155,"spread":1.5},"draftkings":{"odds":-156,"spread":1.5},"betmgm":{"odds":-155,"spread":1.5},"bovada":{"odds":-150,"spread":1.5}},"14":{"fanduel":{"odds":-162,"spread":1.5},"williamhill_us":{"odds":-155,"spread":1.5},"draftkings":{"odds":-156,"spread":1.5},"betmgm":{"odds":-155,"spread":1.5},"bovada":{"odds":-150,"spread":1.5}}},"books_away":{"0":{"fanduel":{"odds":-160,"spread":-1.5},"draftkings":{"odds":-168,"spread":-1.5},"williamhill_us":{"odds":-165,"spread":-1.5},"bovada":{"odds":-165,"spread":-1.5},"betmgm":{"odds":-115,"spread":-2.5}},"1":{"fanduel":{"odds":-144,"spread":1.5},"williamhill_us":{"odds":-140,"spread":1.5},"draftkings":{"odds":-143,"spread":1.5},"betmgm":{"odds":-140,"spread":1.5},"bovada":{"odds":-145,"spread":1.5}},"2":{"fanduel":{"odds":-142,"spread":1.5},"williamhill_us":{"odds":-140,"spread":1.5},"draftkings":{"odds":-143,"spread":1.5},"betmgm":{"odds":-140,"spread":1.5},"bovada":{"odds":-145,"spread":1.5}},"3":{"fanduel":{"odds":160,"spread":-1.5},"williamhill_us":{"odds":-195,"spread":1.5},"draftkings":{"odds":160,"spread":-1.5},"betmgm":{"odds":155,"spread":-1.5},"bovada":{"odds":-195,"spread":1.5}},"4":{"fanduel":{"odds":-126,"spread":-1.5},"draftkings":{"odds":-118,"spread":-1.5},"williamhill_us":{"odds":-120,"spread":-1.5},"betmgm":{"odds":-125,"spread":-1.5},"bovada":{"odds":-125,"spread":-1.5}},"5":{"fanduel":{"odds":-144,"spread":1.5},"williamhill_us":{"odds":-145,"spread":1.5},"draftkings":{"odds":-149,"spread":1.5},"betmgm":{"odds":-155,"spread":1.5},"bovada":{"odds":-145,"spread":1.5}},"6":{"betmgm":{"odds":145,"spread":-1.5},"fanduel":{"odds":150,"spread":-1.5},"williamhill_us":{"odds":143,"spread":-1.5},"draftkings":{"odds":141,"spread":-1.5},"bovada":{"odds":150,"spread":-1.5}},"7":{"fanduel":{"odds":-137,"spread":-1.5},"williamhill_us":{"odds":-130,"spread":-1.5},"draftkings":{"odds":-131,"spread":-1.5},"betmgm":{"odds":110,"spread":-2.5},"bovada":{"odds":-125,"spread":-1.5}},"8":{"fanduel":{"odds":164,"spread":-1.5},"williamhill_us":{"odds":-235,"spread":1.5},"draftkings":{"odds":150,"spread":-1.5},"bovada":{"odds":-230,"spread":1.5}},"9":{"fanduel":{"odds":128,"spread":-1.5},"williamhill_us":{"odds":135,"spread":-1.5},"draftkings":{"odds":135,"spread":-1.5},"betmgm":{"odds":140,"spread":-1.5},"bovada":{"odds":135,"spread":-1.5}},"10":{"fanduel":{"odds":138,"spread":-1.5},"williamhill_us":{"odds":143,"spread":-1.5},"draftkings":{"odds":144,"spread":-1.5},"betmgm":{"odds":145,"spread":-1.5},"bovada":{"odds":-220,"spread":1.5}},"11":{"fanduel":{"odds":110,"spread":-1.5},"williamhill_us":{"odds":105,"spread":-1.5},"draftkings":{"odds":104,"spread":-1.5},"betmgm":{"odds":100,"spread":-1.5},"bovada":{"odds":110,"spread":-1.5}},"12":{"fanduel":{"odds":134,"spread":-1.5},"williamhill_us":{"odds":140,"spread":-1.5},"draftkings":{"odds":139,"spread":-1.5},"betmgm":{"odds":135,