{"game_id":{"0":"1c3063ee80bf14181773650f89724edd","1":"ba055e6ad1137117eef850d15d9c8c97","2":"6ea660d6d55e2a5168fd92eb01e16b87","3":"d995ce8d9df4c182c1ecade37bac292d","4":"db06eeec096bc60532c3b1aa5d4235a0","5":"4d8a7d6f10d4e381df3410c93345b071","6":"b24e92041f215692dc57c17a67275bcf","7":"01ce87afc3b701c0bae09b62dc95f87c","8":"587e3aa8ddaf7a5719f0d0f55b446db9","9":"fb98c375df55f7f70d2f35b2209bdd61"},"home_team":{"0":"New York Yankees","1":"Washington Nationals","2":"Kansas City Royals","3":"Chicago Cubs","4":"Colorado Rockies","5":"Arizona Diamondbacks","6":"Philadelphia Phillies","7":"Miami Marlins","8":"Boston Red Sox","9":"San Diego Padres"},"away_team":{"0":"Texas Rangers","1":"Minnesota Twins","2":"Cleveland Guardians","3":"Cincinnati Reds","4":"New York Mets","5":"Pittsburgh Pirates","6":"Athletics","7":"Baltimore Orioles","8":"Tampa Bay Rays","9":"St. Louis Cardinals"},"home_spread":{"0":-1.5,"1":-1.5,"2":-1.5,"3":-1.5,"4":1.5,"5":-1.5,"6":-1.5,"7":-1.5,"8":-1.5,"9":-1.5},"away_spread":{"0":1.5,"1":-1.5,"2":1.5,"3":1.5,"4":-1.5,"5":-1.5,"6":1.5,"7":-1.5,"8":-1.5,"9":1.5},"best_home_odds":{"0":140,"1":180,"2":145,"3":110,"4":-120,"5":190,"6":155,"7":170,"8":180,"9":130},"best_away_odds":{"0":-163,"1":155,"2":-166,"3":-125,"4":106,"5":152,"6":-178,"7":168,"8":168,"9":-138},"home_cover_nv_prob":{"0":0.4020177316,"1":0.476635514,"2":0.395421436,"3":0.4615384615,"4":0.529109589,"5":0.4649446494,"6":0.3798333106,"7":0.4981412639,"8":0.4890510949,"9":0.4285199856},"away_cover_nv_prob":{"0":0.5979822684,"1":0.523364486,"2":0.604578564,"3":0.5384615385,"4":0.470890411,"5":0.5350553506,"6":0.6201666894,"7":0.5018587361,"8":0.5109489051,"9":0.5714800144},"books_home":{"0":{"fanduel":{"odds":140,"spread":-1.5},"williamhill_us":{"odds":140,"spread":-1.5},"draftkings":{"odds":135,"spread":-1.5},"betmgm":{"odds":140,"spread":-1.5},"bovada":{"odds":140,"spread":-1.5}},"1":{"fanduel":{"odds":-182,"spread":1.5},"williamhill_us":{"odds":170,"spread":-1.5},"draftkings":{"odds":-176,"spread":1.5},"betmgm":{"odds":-190,"spread":1.5},"bovada":{"odds":180,"spread":-1.5}},"2":{"fanduel":{"odds":138,"spread":-1.5},"williamhill_us":{"odds":143,"spread":-1.5},"draftkings":{"odds":141,"spread":-1.5},"betmgm":{"odds":145,"spread":-1.5},"bovada":{"odds":145,"spread":-1.5}},"3":{"fanduel":{"odds":104,"spread":-1.5},"williamhill_us":{"odds":105,"spread":-1.5},"bovada":{"odds":110,"spread":-1.5},"betmgm":{"odds":110,"spread":-1.5},"draftkings":{"odds":104,"spread":-1.5}},"4":{"fanduel":{"odds":-128,"spread":1.5},"williamhill_us":{"odds":-120,"spread":1.5},"draftkings":{"odds":-122,"spread":1.5},"bovada":{"odds":-120,"spread":1.5},"betmgm":{"odds":-125,"spread":1.5}},"5":{"fanduel":{"odds":-184,"spread":1.5},"williamhill_us":{"odds":-170,"spread":1.5},"draftkings":{"odds":-175,"spread":1.5},"betmgm":{"odds":-175,"spread":1.5},"bovada":{"odds":190,"spread":-1.5}},"6":{"fanduel":{"odds":155,"spread":-1.5},"williamhill_us":{"odds":150,"spread":-1.5},"draftkings":{"odds":149,"spread":-1.5},"betmgm":{"odds":155,"spread":-1.5},"bovada":{"odds":155,"spread":-1.5}},"7":{"fanduel":{"odds":-205,"spread":1.5},"williamhill_us":{"odds":170,"spread":-1.5},"draftkings":{"odds":-194,"spread":1.5},"betmgm":{"odds":160,"spread":-1.5},"bovada":{"odds":170,"spread":-1.5}},"8":{"fanduel":{"odds":-205,"spread":1.5},"williamhill_us":{"odds":175,"spread":-1.5},"draftkings":{"odds":-191,"spread":1.5},"betmgm":{"odds":-190,"spread":1.5},"bovada":{"odds":180,"spread":-1.5}},"9":{"fanduel":{"odds":116,"spread":-1.5},"williamhill_us":{"odds":122,"spread":-1.5},"betmgm":{"odds":125,"spread":-1.5},"draftkings":{"odds":123,"spread":-1.5},"bovada":{"odds":130,"spread":-1.5}}},"books_away":{"0":{"fanduel":{"odds":-170,"spread":1.5},"williamhill_us":{"odds":-165,"spread":1.5},"draftkings":{"odds":-163,"spread":1.5},"betmgm":{"odds":-170,"spread":1.5},"bovada":{"odds":-165,"spread":1.5}},"1":{"fanduel":{"odds":150,"spread":-1.5},"williamhill_us":{"odds":-205,"spread":1.5},"draftkings":{"odds":145,"spread":-1.5},"betmgm":{"odds":155,"spread":-1.5},"bovada":{"odds":-220,"spread":1.5}},"2":{"fanduel":{"odds":-166,"spread":1.5},"williamhill_us":{"odds":-170,"spread":1.5},"draftkings":{"odds":-171,"spread":1.5},"betmgm":{"odds":-180,"spread":1.5},"bovada":{"odds":-170,"spread":1.5}},"3":{"fanduel":{"odds":-125,"spread":1.5},"williamhill_us":{"odds":-125,"spread":1.5},"bovada":{"odds":-130,"spread":1.5},"betmgm":{"odds":-135,"spread":1.5},"draftkings":{"odds":-126,"spread":1.5}},"4":{"fanduel":{"odds":106,"spread":-1.5},"williamhill_us":{"odds":100,"spread":-1.5},"draftkings":{"odds":102,"spread":-1.5},"bovada":{"odds":100,"spread":-1.5},"betmgm":{"odds":105,"spread":-1.5}},"5":{"fanduel":{"odds":152,"spread":-1.5},"williamhill_us":{"odds":143,"spread":-1.5},"draftkings":{"odds":144,"spread":-1.5},"betmgm":{"odds":145,"spread":-1.5},"bovada":{"odds":-230,"spread":1.5}},"6":{"fanduel":{"odds":-188,"spread":1.5},"williamhill_us":{"odds":-178,"spread":1.5},"draftkings":{"odds":-181,"spread":1.5},"betmgm":{"odds":-190,"spread":1.5},"bovada":{"odds":-180,"spread":1.5}},"7":{"fanduel":{"odds":168,"spread":-1.5},"williamhill_us":{"odds":-205,"spread":1.5},"draftkings":{"odds":159,"spread":-1.5},"betmgm":{"odds":-210,"spread":1.5},"bovada":{"odds":-200,"spread":1.5}},"8":{"fanduel":{"odds":168,"spread":-1.5},"williamhill_us":{"odds":-210,"spread":1.5},"draftkings":{"odds":157,"spread":-1.5},"betmgm":{"odds":155,"spread":-1.5},"bovada":{"odds":-220,"spread":1.5}},"9":{"fanduel":{"odds":-138,"spread":1.5},"williamhill_us":{"odds":-145,"spread":1.5},"betmgm":{"odds":-155,"spread":1.5},"draftkings":{"odds":-149,"spread":1.5},"bovada":{"odds":-150,"spread":1.5}}}}