{"game_id":{"0":"74f39156689a078022ede0ab999cd304","1":"58f0238587c37c6200e35bece1cdc6a2","2":"01461c715fdcb8321ca3e4ed2762e436","3":"25ef39bccec531e95be4427ad60576d2","4":"d28f023fdea4d8299ebf509d22707293","5":"99d0656dfdf7a804df87e510c4687f62","6":"1be686414809592c870949866675b3f0","7":"50a6b335289549d2d3f41d9072e8d031","8":"2813553c6a0cdab5c77497cf373aa7af","9":"34fa181a3e06104ac8bb8d652bffbae7"},"home_team":{"0":"Pittsburgh Pirates","1":"Cincinnati Reds","2":"Detroit Tigers","3":"New York Yankees","4":"Milwaukee Brewers","5":"Chicago White Sox","6":"Athletics","7":"Cleveland Guardians","8":"Houston Astros","9":"San Diego Padres"},"away_team":{"0":"Washington Nationals","1":"San Francisco Giants","2":"Kansas City Royals","3":"Los Angeles Angels","4":"Toronto Blue Jays","5":"Tampa Bay Rays","6":"Texas Rangers","7":"Baltimore Orioles","8":"Colorado Rockies","9":"Seattle Mariners"},"home_spread":{"0":-1.5,"1":-1.5,"2":1.5,"3":-1.5,"4":-1.5,"5":1.5,"6":1.5,"7":-1.5,"8":-1.5,"9":1.5},"away_spread":{"0":1.5,"1":-1.5,"2":-1.5,"3":1.5,"4":1.5,"5":-1.5,"6":-1.5,"7":-1.5,"8":1.5,"9":-1.5},"best_home_odds":{"0":135,"1":170,"2":-163,"3":-130,"4":168,"5":-150,"6":-160,"7":175,"8":110,"9":-165},"best_away_odds":{"0":-155,"1":170,"2":150,"3":116,"4":-185,"5":140,"6":140,"7":165,"8":-130,"9":145},"home_cover_nv_prob":{"0":0.4117884538,"1":0.5,"2":0.6077554064,"3":0.5497259201,"4":0.3650102459,"5":0.5901639344,"6":0.5962732919,"7":0.4907407407,"8":0.4572564612,"9":0.6040343668},"away_cover_nv_prob":{"0":0.5882115462,"1":0.5,"2":0.3922445936,"3":0.4502740799,"4":0.6349897541,"5":0.4098360656,"6":0.4037267081,"7":0.5092592593,"8":0.5427435388,"9":0.3959656332},"books_home":{"0":{"fanduel":{"odds":132,"spread":-1.5},"draftkings":{"odds":129,"spread":-1.5},"williamhill_us":{"odds":130,"spread":-1.5},"betmgm":{"odds":135,"spread":-1.5},"bovada":{"odds":135,"spread":-1.5}},"1":{"fanduel":{"odds":168,"spread":-1.5},"draftkings":{"odds":163,"spread":-1.5},"williamhill_us":{"odds":162,"spread":-1.5},"betmgm":{"odds":-210,"spread":1.5},"bovada":{"odds":170,"spread":-1.5}},"2":{"fanduel":{"odds":-170,"spread":1.5},"draftkings":{"odds":-163,"spread":1.5},"williamhill_us":{"odds":-165,"spread":1.5},"betmgm":{"odds":-175,"spread":1.5},"bovada":{"odds":-175,"spread":1.5}},"3":{"fanduel":{"odds":-140,"spread":-1.5},"draftkings":{"odds":-131,"spread":-1.5},"williamhill_us":{"odds":-130,"spread":-1.5},"betmgm":{"odds":-135,"spread":-1.5},"bovada":{"odds":-130,"spread":-1.5}},"4":{"fanduel":{"odds":168,"spread":-1.5},"draftkings":{"odds":159,"spread":-1.5},"williamhill_us":{"odds":158,"spread":-1.5},"betmgm":{"odds":165,"spread":-1.5},"bovada":{"odds":160,"spread":-1.5}},"5":{"fanduel":{"odds":-162,"spread":1.5},"draftkings":{"odds":-156,"spread":1.5},"williamhill_us":{"odds":-155,"spread":1.5},"betmgm":{"odds":-170,"spread":1.5},"bovada":{"odds":-150,"spread":1.5}},"6":{"fanduel":{"odds":-170,"spread":1.5},"draftkings":{"odds":-163,"spread":1.5},"williamhill_us":{"odds":-160,"spread":1.5},"betmgm":{"odds":-165,"spread":1.5},"bovada":{"odds":-160,"spread":1.5}},"7":{"fanduel":{"odds":168,"spread":-1.5},"draftkings":{"odds":-197,"spread":1.5},"williamhill_us":{"odds":170,"spread":-1.5},"betmgm":{"odds":-200,"spread":1.5},"bovada":{"odds":175,"spread":-1.5}},"8":{"fanduel":{"odds":108,"spread":-1.5},"draftkings":{"odds":109,"spread":-1.5},"williamhill_us":{"odds":110,"spread":-1.5},"betmgm":{"odds":110,"spread":-1.5},"bovada":{"odds":110,"spread":-1.5}},"9":{"fanduel":{"odds":-170,"spread":1.5},"draftkings":{"odds":-168,"spread":1.5},"williamhill_us":{"odds":-165,"spread":1.5},"betmgm":{"odds":-175,"spread":1.5},"bovada":{"odds":-170,"spread":1.5}}},"books_away":{"0":{"fanduel":{"odds":-160,"spread":1.5},"draftkings":{"odds":-156,"spread":1.5},"williamhill_us":{"odds":-155,"spread":1.5},"betmgm":{"odds":-160,"spread":1.5},"bovada":{"odds":-160,"spread":1.5}},"1":{"fanduel":{"odds":-205,"spread":1.5},"draftkings":{"odds":-199,"spread":1.5},"williamhill_us":{"odds":-195,"spread":1.5},"betmgm":{"odds":170,"spread":-1.5},"bovada":{"odds":-200,"spread":1.5}},"2":{"fanduel":{"odds":140,"spread":-1.5},"draftkings":{"odds":135,"spread":-1.5},"williamhill_us":{"odds":140,"spread":-1.5},"betmgm":{"odds":145,"spread":-1.5},"bovada":{"odds":150,"spread":-1.5}},"3":{"fanduel":{"odds":116,"spread":1.5},"draftkings":{"odds":109,"spread":1.5},"williamhill_us":{"odds":110,"spread":1.5},"betmgm":{"odds":110,"spread":1.5},"bovada":{"odds":110,"spread":1.5}},"4":{"fanduel":{"odds":-205,"spread":1.5},"draftkings":{"odds":-193,"spread":1.5},"williamhill_us":{"odds":-190,"spread":1.5},"betmgm":{"odds":-220,"spread":1.5},"bovada":{"odds":-185,"spread":1.5}},"5":{"fanduel":{"odds":134,"spread":-1.5},"draftkings":{"odds":129,"spread":-1.5},"williamhill_us":{"odds":130,"spread":-1.5},"betmgm":{"odds":140,"spread":-1.5},"bovada":{"odds":130,"spread":-1.5}},"6":{"fanduel":{"odds":140,"spread":-1.5},"draftkings":{"odds":135,"spread":-1.5},"williamhill_us":{"odds":135,"spread":-1.5},"betmgm":{"odds":135,"spread":-1.5},"bovada":{"odds":135,"spread":-1.5}},"7":{"fanduel":{"odds":-205,"spread":1.5},"draftkings":{"odds":162,"spread":-1.5},"williamhill_us":{"odds":-205,"spread":1.5},"betmgm":{"odds":165,"spread":-1.5},"bovada":{"odds":-210,"spread":1.5}},"8":{"fanduel":{"odds":-130,"spread":1.5},"draftkings":{"odds":-131,"spread":1.5},"williamhill_us":{"odds":-130,"spread":1.5},"betmgm":{"odds":-135,"spread":1.5},"bovada":{"odds":-130,"spread":1.5}},"9":{"fanduel":{"odds":140,"spread":-1.5},"draftkings":{"odds":139,"spread":-1.5},"williamhill_us":{"odds":140,"spread":-1.5},"betmgm":{"odds":145,"spread":-1.5},"bovada":{"odds":145,"spread":-1.5}}}}