{"game_id":{"0":"57172eebee377baa85502b3c14ce8249","1":"fbdf2c9598b2ee82ae2cd6b9934f9b67","2":"8d7cadd457d4e05f27a0ef6feab14d62","3":"f30eb3060b32a01dced2737d2398b918","4":"ee87ced2d6a2acedec0ca6c9d37dde8c","5":"79b379f1dea98a6b1596852f00534a6c","6":"673394fe5878e43a0bdc2feb5f6634d3","7":"1b110742f40a58c2e76a9743faf4a07c","8":"fa2f6fc2aee410abafe5d685acfde5f3","9":"e8175b3e1d8e51c76f4fad9075a7d707","10":"f69a7dce841f22ee977afebfd8dfc142","11":"e885d80c0e3339f69c0a7c1b898c173e","12":"88cb3f823f958bc6b24e7f918541e63f","13":"8c0695707371420ef6b1cf89c2d1b262","14":"49de1a8b7d85007610fb077c920e206a"},"home_team":{"0":"San Francisco Giants","1":"Baltimore Orioles","2":"Detroit Tigers","3":"Pittsburgh Pirates","4":"Miami Marlins","5":"Tampa Bay Rays","6":"Washington Nationals","7":"Cincinnati Reds","8":"New York Mets","9":"Chicago White Sox","10":"Minnesota Twins","11":"St. Louis Cardinals","12":"Texas Rangers","13":"San Diego Padres","14":"Los Angeles Dodgers"},"away_team":{"0":"Toronto Blue Jays","1":"Chicago Cubs","2":"Athletics","3":"Atlanta Braves","4":"Seattle Mariners","5":"New York Yankees","6":"Houston Astros","7":"Philadelphia Phillies","8":"Kansas City Royals","9":"Boston Red Sox","10":"Cleveland Guardians","11":"Milwaukee Brewers","12":"Los Angeles Angels","13":"Arizona Diamondbacks","14":"Colorado Rockies"},"home_spread":{"0":1.5,"1":-1.5,"2":-1.5,"3":-1.5,"4":1.5,"5":-1.5,"6":-1.5,"7":-1.5,"8":-1.5,"9":-1.5,"10":-1.5,"11":1.5,"12":-1.5,"13":-1.5,"14":-1.5},"away_spread":{"0":-1.5,"1":1.5,"2":1.5,"3":-1.5,"4":-1.5,"5":1.5,"6":1.5,"7":1.5,"8":1.5,"9":-1.5,"10":1.5,"11":-1.5,"12":1.5,"13":1.5,"14":1.5},"best_home_odds":{"0":-172,"1":158,"2":130,"3":170,"4":-150,"5":170,"6":150,"7":150,"8":146,"9":165,"10":165,"11":-135,"12":140,"13":150,"14":-120},"best_away_odds":{"0":158,"1":-176,"2":-145,"3":168,"4":130,"5":-195,"6":-170,"7":-176,"8":-170,"9":155,"10":-186,"11":125,"12":-160,"13":-170,"14":104},"home_cover_nv_prob":{"0":0.6199843523,"1":0.3780407627,"2":0.4235090752,"3":0.4981412639,"4":0.5798319328,"5":0.3590992088,"6":0.3884892086,"7":0.3854748603,"8":0.3923278117,"9":0.4903846154,"10":0.3671844909,"11":0.5638051044,"12":0.4037267081,"13":0.3884892086,"14":0.5266781411},"away_cover_nv_prob":{"0":0.3800156477,"1":0.6219592373,"2":0.5764909248,"3":0.5018587361,"4":0.4201680672,"5":0.6409007912,"6":0.6115107914,"7":0.6145251397,"8":0.6076721883,"9":0.5096153846,"10":0.6328155091,"11":0.4361948956,"12":0.5962732919,"13":0.6115107914,"14":0.4733218589},"books_home":{"0":{"fanduel":{"odds":-172,"spread":1.5},"williamhill_us":{"odds":-190,"spread":1.5},"draftkings":{"odds":-186,"spread":1.5},"betmgm":{"odds":-185,"spread":1.5},"bovada":{"odds":-180,"spread":1.5}},"1":{"fanduel":{"odds":146,"spread":-1.5},"williamhill_us":{"odds":158,"spread":-1.5},"draftkings":{"odds":153,"spread":-1.5},"betmgm":{"odds":155,"spread":-1.5},"bovada":{"odds":155,"spread":-1.5}},"2":{"fanduel":{"odds":128,"spread":-1.5},"williamhill_us":{"odds":122,"spread":-1.5},"draftkings":{"odds":123,"spread":-1.5},"betmgm":{"odds":125,"spread":-1.5},"bovada":{"odds":130,"spread":-1.5}},"3":{"fanduel":{"odds":-205,"spread":1.5},"williamhill_us":{"odds":162,"spread":-1.5},"draftkings":{"odds":-196,"spread":1.5},"betmgm":{"odds":-190,"spread":1.5},"bovada":{"odds":170,"spread":-1.5}},"4":{"fanduel":{"odds":-154,"spread":1.5},"draftkings":{"odds":-155,"spread":1.5},"williamhill_us":{"odds":-155,"spread":1.5},"betmgm":{"odds":-155,"spread":1.5},"bovada":{"odds":-150,"spread":1.5}},"5":{"fanduel":{"odds":164,"spread":-1.5},"williamhill_us":{"odds":162,"spread":-1.5},"draftkings":{"odds":163,"spread":-1.5},"betmgm":{"odds":165,"spread":-1.5},"bovada":{"odds":170,"spread":-1.5}},"6":{"fanduel":{"odds":150,"spread":-1.5},"williamhill_us":{"odds":143,"spread":-1.5},"draftkings":{"odds":144,"spread":-1.5},"betmgm":{"odds":145,"spread":-1.5},"bovada":{"odds":150,"spread":-1.5}},"7":{"fanduel":{"odds":146,"spread":-1.5},"draftkings":{"odds":149,"spread":-1.5},"williamhill_us":{"odds":150,"spread":-1.5},"betmgm":{"odds":150,"spread":-1.5}},"8":{"fanduel":{"odds":146,"spread":-1.5},"draftkings":{"odds":141,"spread":-1.5},"williamhill_us":{"odds":143,"spread":-1.5},"betmgm":{"odds":145,"spread":-1.5}},"9":{"fanduel":{"odds":-192,"spread":1.5},"williamhill_us":{"odds":158,"spread":-1.5},"draftkings":{"odds":160,"spread":-1.5},"betmgm":{"odds":155,"spread":-1.5},"bovada":{"odds":165,"spread":-1.5}},"10":{"fanduel":{"odds":158,"spread":-1.5},"williamhill_us":{"odds":158,"spread":-1.5},"draftkings":{"odds":153,"spread":-1.5},"betmgm":{"odds":155,"spread":-1.5},"bovada":{"odds":165,"spread":-1.5}},"11":{"fanduel":{"odds":-140,"spread":1.5},"williamhill_us":{"odds":-135,"spread":1.5},"draftkings":{"odds":-149,"spread":1.5},"betmgm":{"odds":-155,"spread":1.5},"bovada":{"odds":-145,"spread":1.5}},"12":{"fanduel":{"odds":140,"spread":-1.5},"williamhill_us":{"odds":135,"spread":-1.5},"draftkings":{"odds":134,"spread":-1.5},"betmgm":{"odds":135,"spread":-1.5},"bovada":{"odds":140,"spread":-1.5}},"13":{"fanduel":{"odds":146,"spread":-1.5},"williamhill_us":{"odds":143,"spread":-1.5},"draftkings":{"odds":144,"spread":-1.5},"betmgm":{"odds":145,"spread":-1.5},"bovada":{"odds":150,"spread":-1.5}},"14":{"fanduel":{"odds":-125,"spread":-1.5},"williamhill_us":{"odds":-120,"spread":-1.5},"draftkings":{"odds":-122,"spread":-1.5},"betmgm":{"odds":-120,"spread":-1.5},"bovada":{"odds":-120,"spread":-1.5}}},"books_away":{"0":{"fanduel":{"odds":142,"spread":-1.5},"williamhill_us":{"odds":158,"spread":-1.5},"draftkings":{"odds":153,"spread":-1.5},"betmgm":{"odds":150,"spread":-1.5},"bovada":{"odds":155,"spread":-1.5}},"1":{"fanduel":{"odds":-176,"spread":1.5},"williamhill_us":{"odds":-190,"spread":1.5},"draftkings":{"odds":-186,"spread":1.5},"betmgm":{"odds":-190,"spread":1.5},"bovada":{"odds":-180,"spread":1.5}},"2":{"fanduel":{"odds":-154,"spread":1.5},"williamhill_us":{"odds":-145,"spread":1.5},"draftkings":{"odds":-149,"spread":1.5},"betmgm":{"odds":-150,"spread":1.5},"bovada":{"odds":-150,"spread":1.5}},"3":{"fanduel":{"odds":168,"spread":-1.5},"williamhill_us":{"odds":-195,"spread":1.5},"draftkings":{"odds":161,"spread":-1.5},"betmgm":{"odds":155,"spread":-1.5},"bovada":{"odds":-200,"spread":1.5}},"4":{"fanduel":{"odds":128,"spread":-1.5},"draftkings":{"odds":128,"spread":-1.5},"williamhill_us":{"odds":130,"spread":-1.5},"betmgm":{"odds":125,"spread":-1.5},"bovada":{"odds":130,"spread":-1.5}},"5":{"fanduel":{"odds":-200,"spread":1.5},"williamhill_us":{"odds":-195,"spread":1.5},"draftkings":{"odds":-199,"spread":1.5},"betmgm":{"odds":-200,"spread":1.5},"bovada":{"odds":-200,"spread":1.5}},"6":{"fanduel":{"odds":-182,"spread":1.5},"williamhill_us":{"odds":-170,"spread":1.5},"draftkings":{"odds":-175,"spread":1.5},"betmgm":{"odds":-175,"spread":1.5},"bovada":{"odds":-175,"spread":1.5}},"7":{"fanduel":{"odds":-176,"spread":1.5},"draftkings":{"odds":-181,"spread":1.5},"williamhill_us":{"odds":-178,"spread":1.5},"betmgm":{"odds":-185,"spread":1.5}},"8":{"fanduel":{"odds":-176,"spread":1.5},"draftkings":{"odds":-171,"spread":1.5},"williamhill_us":{"odds":-170,"spread":1.5},"betmgm":{"odds":-175,"spread":1.5}},"9":{"fanduel":{"odds":155,"spread":-1.5},"williamhill_us":{"odds":-190,"spread":1.5},"draftkings":{"odds":-195,"spread":1.5},"betmgm":{"odds":-190,"spread":1.5},"bovada":{"odds":-195,"spread":1.5}},"10":{"fanduel":{"odds":-192,"spread":1.5},"williamhill_us":{"odds":-190,"spread":1.5},"draftkings":{"odds":-186,"spread":1.5},"betmgm":{"odds":-190,"spread":1.5},"bovada":{"odds":-195,"spread":1.5}},"11":{"fanduel":{"odds":116,"spread":-1.5},"williamhill_us":{"odds":115,"spread":-1.5},"draftkings":{"odds":123,"spread":-1.5},"betmgm":{"odds":125,"spread":-1.5},"bovada":{"odds":125,"spread":-1.5}},"12":{"fanduel":{"odds":-170,"spread":1.5},"williamhill_us":{"odds":-160,"spread":1.5},"draftkings":{"odds":-162,"spread":1.5},"betmgm":{"odds":-165,"spread":1.5},"bovada":{"odds":-165,"spread":1.5}},"13":{"fanduel":{"odds":-178,