{"game_id":{"0":"341da475ed0042be75b5bc44221f8161","1":"092612a571aeb504211ec7f4950924e3","2":"c07320ad7cda17703d445ae8f3b85376","3":"b7ecafff68e95721e956a1a960acdd98","4":"1c691cd82a568ab8542e6672e53d0125","5":"4c6f75a0f0a2e467d79983253235c3a9","6":"83a816db7e0b75a4f8d0b9a486ad3113","7":"8ca3a46477683553d785413b73444311","8":"b7ad1d7b238b8062d64011d24d284989","9":"9e48c32033c5db8cdc98fcd3ecdc2aa2","10":"ba204fb233ca7bb67ee89a3dd893e188","11":"257b715ef1fa8b967fb27a46de2d3021","12":"60f28cce3cfa86c53a2a227c6532203a","13":"e05ec850dc5af5d56ee55a4acb831ae9","14":"b713b3ae079ed7d21c2a9f7edb043f6b"},"home_team":{"0":"Minnesota Twins","1":"New York Yankees","2":"Boston Red Sox","3":"Pittsburgh Pirates","4":"Washington Nationals","5":"Miami Marlins","6":"Tampa Bay Rays","7":"St. Louis Cardinals","8":"Chicago Cubs","9":"Colorado Rockies","10":"Athletics","11":"Los Angeles Angels","12":"San Diego Padres","13":"Seattle Mariners","14":"Detroit Tigers"},"away_team":{"0":"Toronto Blue Jays","1":"Baltimore Orioles","2":"Houston Astros","3":"Cincinnati Reds","4":"Milwaukee Brewers","5":"Philadelphia Phillies","6":"San Francisco Giants","7":"Los Angeles Dodgers","8":"Arizona Diamondbacks","9":"Atlanta Braves","10":"Cleveland Guardians","11":"New York Mets","12":"Chicago White Sox","13":"Kansas City Royals","14":"Texas Rangers"},"home_spread":{"0":-1.5,"1":-1.5,"2":-1.5,"3":-1.5,"4":1.5,"5":1.5,"6":-1.5,"7":1.5,"8":-1.5,"9":1.5,"10":1.5,"11":1.5,"12":-1.5,"13":-1.5,"14":-1.5},"away_spread":{"0":-1.5,"1":1.5,"2":1.5,"3":-1.5,"4":-1.5,"5":-1.5,"6":-1.5,"7":-1.5,"8":1.5,"9":-1.5,"10":-1.5,"11":-1.5,"12":1.5,"13":-1.5,"14":-1.5},"best_home_odds":{"0":195,"1":-110,"2":135,"3":180,"4":-140,"5":-138,"6":163,"7":-125,"8":120,"9":-102,"10":-160,"11":-145,"12":120,"13":170,"14":180},"best_away_odds":{"0":158,"1":100,"2":-155,"3":172,"4":132,"5":120,"6":165,"7":114,"8":-130,"9":-108,"10":135,"11":126,"12":-135,"13":172,"14":168},"home_cover_nv_prob":{"0":0.4665461121,"1":0.511627907,"2":0.4117884538,"3":0.4927536232,"4":0.5750708215,"5":0.5605612999,"6":0.5018939394,"7":0.5431472081,"8":0.4457364341,"9":0.4930284439,"10":0.5911949686,"11":0.5722018509,"12":0.4417293233,"13":0.5018450185,"14":0.4890510949},"away_cover_nv_prob":{"0":0.5334538879,"1":0.488372093,"2":0.5882115462,"3":0.5072463768,"4":0.4249291785,"5":0.4394387001,"6":0.4981060606,"7":0.4568527919,"8":0.5542635659,"9":0.5069715561,"10":0.4088050314,"11":0.4277981491,"12":0.5582706767,"13":0.4981549815,"14":0.5109489051},"books_home":{"0":{"fanduel":{"odds":-182,"spread":1.5},"williamhill_us":{"odds":-190,"spread":1.5},"draftkings":{"odds":-186,"spread":1.5},"bovada":{"odds":195,"spread":-1.5}},"1":{"fanduel":{"odds":-110,"spread":-1.5},"draftkings":{"odds":-115,"spread":-1.5},"williamhill_us":{"odds":-120,"spread":-1.5},"bovada":{"odds":-115,"spread":-1.5},"betmgm":{"odds":-110,"spread":-1.5}},"2":{"fanduel":{"odds":130,"spread":-1.5},"williamhill_us":{"odds":130,"spread":-1.5},"draftkings":{"odds":129,"spread":-1.5},"betmgm":{"odds":125,"spread":-1.5},"bovada":{"odds":135,"spread":-1.5}},"3":{"fanduel":{"odds":-210,"spread":1.5},"williamhill_us":{"odds":180,"spread":-1.5},"draftkings":{"odds":-193,"spread":1.5},"bovada":{"odds":180,"spread":-1.5},"betmgm":{"odds":-210,"spread":1.5}},"4":{"fanduel":{"odds":-160,"spread":1.5},"williamhill_us":{"odds":-140,"spread":1.5},"draftkings":{"odds":-143,"spread":1.5},"bovada":{"odds":-145,"spread":1.5},"betmgm":{"odds":-150,"spread":1.5}},"5":{"fanduel":{"odds":-138,"spread":1.5},"williamhill_us":{"odds":-140,"spread":1.5},"draftkings":{"odds":-143,"spread":1.5},"bovada":{"odds":-140,"spread":1.5},"betmgm":{"odds":-145,"spread":1.5}},"6":{"fanduel":{"odds":162,"spread":-1.5},"williamhill_us":{"odds":162,"spread":-1.5},"draftkings":{"odds":163,"spread":-1.5},"bovada":{"odds":160,"spread":-1.5},"betmgm":{"odds":-220,"spread":1.5}},"7":{"fanduel":{"odds":-137,"spread":1.5},"williamhill_us":{"odds":-125,"spread":1.5},"draftkings":{"odds":-126,"spread":1.5},"bovada":{"odds":-130,"spread":1.5},"betmgm":{"odds":-135,"spread":1.5}},"8":{"fanduel":{"odds":114,"spread":-1.5},"williamhill_us":{"odds":115,"spread":-1.5},"draftkings":{"odds":113,"spread":-1.5},"bovada":{"odds":120,"spread":-1.5},"betmgm":{"odds":110,"spread":-1.5}},"9":{"fanduel":{"odds":-111,"spread":1.5},"williamhill_us":{"odds":-110,"spread":1.5},"draftkings":{"odds":-110,"spread":1.5},"bovada":{"odds":-105,"spread":1.5},"betmgm":{"odds":-102,"spread":1.5}},"10":{"fanduel":{"odds":-162,"spread":1.5},"williamhill_us":{"odds":-160,"spread":1.5},"draftkings":{"odds":-163,"spread":1.5},"bovada":{"odds":-160,"spread":1.5},"betmgm":{"odds":-160,"spread":1.5}},"11":{"fanduel":{"odds":-150,"spread":1.5},"williamhill_us":{"odds":-145,"spread":1.5},"draftkings":{"odds":-149,"spread":1.5},"bovada":{"odds":-145,"spread":1.5},"betmgm":{"odds":-150,"spread":1.5}},"12":{"fanduel":{"odds":114,"spread":-1.5},"williamhill_us":{"odds":115,"spread":-1.5},"draftkings":{"odds":113,"spread":-1.5},"bovada":{"odds":120,"spread":-1.5},"betmgm":{"odds":115,"spread":-1.5}},"13":{"fanduel":{"odds":-210,"spread":1.5},"williamhill_us":{"odds":162,"spread":-1.5},"draftkings":{"odds":-193,"spread":1.5},"bovada":{"odds":170,"spread":-1.5},"betmgm":{"odds":-210,"spread":1.5}},"14":{"fanduel":{"odds":-205,"spread":1.5},"williamhill_us":{"odds":180,"spread":-1.5},"draftkings":{"odds":-189,"spread":1.5},"betmgm":{"odds":-200,"spread":1.5},"bovada":{"odds":175,"spread":-1.5}}},"books_away":{"0":{"fanduel":{"odds":150,"spread":-1.5},"williamhill_us":{"odds":158,"spread":-1.5},"draftkings":{"odds":153,"spread":-1.5},"bovada":{"odds":-235,"spread":1.5}},"1":{"fanduel":{"odds":-110,"spread":1.5},"draftkings":{"odds":-105,"spread":1.5},"williamhill_us":{"odds":100,"spread":1.5},"bovada":{"odds":-105,"spread":1.5},"betmgm":{"odds":-110,"spread":1.5}},"2":{"fanduel":{"odds":-156,"spread":1.5},"williamhill_us":{"odds":-155,"spread":1.5},"draftkings":{"odds":-156,"spread":1.5},"betmgm":{"odds":-155,"spread":1.5},"bovada":{"odds":-160,"spread":1.5}},"3":{"fanduel":{"odds":172,"spread":-1.5},"williamhill_us":{"odds":-220,"spread":1.5},"draftkings":{"odds":159,"spread":-1.5},"bovada":{"odds":-220,"spread":1.5},"betmgm":{"odds":170,"spread":-1.5}},"4":{"fanduel":{"odds":132,"spread":-1.5},"williamhill_us":{"odds":118,"spread":-1.5},"draftkings":{"odds":119,"spread":-1.5},"bovada":{"odds":125,"spread":-1.5},"betmgm":{"odds":125,"spread":-1.5}},"5":{"fanduel":{"odds":115,"spread":-1.5},"williamhill_us":{"odds":118,"spread":-1.5},"draftkings":{"odds":119,"spread":-1.5},"bovada":{"odds":120,"spread":-1.5},"betmgm":{"odds":120,"spread":-1.5}},"6":{"fanduel":{"odds":-196,"spread":1.5},"williamhill_us":{"odds":-195,"spread":1.5},"draftkings":{"odds":-199,"spread":1.5},"bovada":{"odds":-185,"spread":1.5},"betmgm":{"odds":165,"spread":-1.5}},"7":{"fanduel":{"odds":114,"spread":-1.5},"williamhill_us":{"odds":105,"spread":-1.5},"draftkings":{"odds":104,"spread":-1.5},"bovada":{"odds":110,"spread":-1.5},"betmgm":{"odds":110,"spread":-1.5}},"8":{"fanduel":{"odds":-137,"spread":1.5},"williamhill_us":{"odds":-135,"spread":1.5},"draftkings":{"odds":-136,"spread":1.5},"bovada":{"odds":-140,"spread":1.5},"betmgm":{"odds":-130,"spread":1.5}},"9":{"fanduel":{"odds":-108,"spread":-1.5},"williamhill_us":{"odds":-110,"spread":-1.5},"draftkings":{"odds":-110,"spread":-1.5},"bovada":{"odds":-115,"spread":-1.5},"betmgm":{"odds":-118,"spread":-1.5}},"10":{"fanduel":{"odds":134,"spread":-1.5},"williamhill_us":{"odds":135,"spread":-1.5},"draftkings":{"odds":135,"spread":-1.5},"bovada":{"odds":135,"spread":-1.5},"betmgm":{"odds":135,"spread":-1.5}},"11":{"fanduel":{"odds":126,"spread":-1.5},"williamhill_us":{"odds":122,"spread":-1.5},"draftkings":{"odds":123,"spread":-1.5},"bovada":{"odds":125,"spread":-1.5},"betmgm":{"odds":125,"spread":-1.5}},"12":{"fanduel":{"odds":-137,"spread":1.5},"williamhill_us":{"odds":-135,"spread":1.5},"draftkings":{"odds":-136,"spread":1.5},"bovada":{"odds":-140,