{"game_id":{"0":"cba87f51d6aaf782f15d618c9783d976","1":"8fe8daacad929f4573b3727c48c408a3","2":"285b503fee35b6ef594efb5a51af4852","3":"844d46d06a891478c7e9933444ef67f7","4":"b14a5b9c91da30ed32754a658ccd291a","5":"d9fde1830516f8d110396de3488df17b","6":"dcc3bfcf77ed21831942e88a0c03ac20","7":"24c5b56e3ca8ad6f391c82da33200b32","8":"efc716ec5ed02ff75164fec236e0d60b","9":"7082df2b4cf69fb66b014bcf17e6e2d4","10":"1cc0a701f7797bb7a857a7b86d813bc3","11":"691a2e76d0dd8b75857aa006417cd71f"},"home_team":{"0":"Atlanta Braves","1":"Baltimore Orioles","2":"Philadelphia Phillies","3":"Toronto Blue Jays","4":"Cincinnati Reds","5":"Miami Marlins","6":"New York Mets","7":"Milwaukee Brewers","8":"Houston Astros","9":"St. Louis Cardinals","10":"Chicago Cubs","11":"Seattle Mariners"},"away_team":{"0":"Kansas City Royals","1":"Minnesota Twins","2":"Texas Rangers","3":"Athletics","4":"Boston Red Sox","5":"Colorado Rockies","6":"Pittsburgh Pirates","7":"Chicago White Sox","8":"Los Angeles Angels","9":"Tampa Bay Rays","10":"Washington Nationals","11":"Cleveland Guardians"},"home_spread":{"0":-1.5,"1":-1.5,"2":-1.5,"3":-1.5,"4":1.5,"5":-1.5,"6":-1.5,"7":-1.5,"8":-1.5,"9":1.5,"10":-1.5,"11":-1.5},"away_spread":{"0":1.5,"1":1.5,"2":1.5,"3":1.5,"4":-1.5,"5":1.5,"6":1.5,"7":1.5,"8":1.5,"9":-1.5,"10":1.5,"11":1.5},"best_home_odds":{"0":145,"1":136,"2":145,"3":135,"4":-140,"5":115,"6":125,"7":125,"8":125,"9":-166,"10":-120,"11":150},"best_away_odds":{"0":-160,"1":-156,"2":-155,"3":-150,"4":125,"5":-135,"6":-140,"7":-140,"8":-135,"9":145,"10":104,"11":-170},"home_cover_nv_prob":{"0":0.3987730061,"1":0.4101512433,"2":0.4017329657,"3":0.4149377593,"4":0.5675675676,"5":0.4474059971,"6":0.4324324324,"7":0.4324324324,"8":0.4361948956,"9":0.604578564,"10":0.5266781411,"11":0.3884892086},"away_cover_nv_prob":{"0":0.6012269939,"1":0.5898487567,"2":0.5982670343,"3":0.5850622407,"4":0.4324324324,"5":0.5525940029,"6":0.5675675676,"7":0.5675675676,"8":0.5638051044,"9":0.395421436,"10":0.4733218589,"11":0.6115107914},"books_home":{"0":{"fanduel":{"odds":138,"spread":-1.5},"draftkings":{"odds":135,"spread":-1.5},"williamhill_us":{"odds":140,"spread":-1.5},"betmgm":{"odds":145,"spread":-1.5},"bovada":{"odds":135,"spread":-1.5}},"1":{"fanduel":{"odds":136,"spread":-1.5},"draftkings":{"odds":129,"spread":-1.5},"williamhill_us":{"odds":135,"spread":-1.5},"bovada":{"odds":135,"spread":-1.5}},"2":{"fanduel":{"odds":132,"spread":-1.5},"draftkings":{"odds":129,"spread":-1.5},"williamhill_us":{"odds":130,"spread":-1.5},"betmgm":{"odds":145,"spread":-1.5},"bovada":{"odds":135,"spread":-1.5}},"3":{"fanduel":{"odds":130,"spread":-1.5},"draftkings":{"odds":129,"spread":-1.5},"williamhill_us":{"odds":130,"spread":-1.5},"betmgm":{"odds":135,"spread":-1.5},"bovada":{"odds":130,"spread":-1.5}},"4":{"fanduel":{"odds":-140,"spread":1.5},"draftkings":{"odds":-143,"spread":1.5},"williamhill_us":{"odds":-140,"spread":1.5},"betmgm":{"odds":-150,"spread":1.5},"bovada":{"odds":-140,"spread":1.5}},"5":{"fanduel":{"odds":114,"spread":-1.5},"draftkings":{"odds":113,"spread":-1.5},"williamhill_us":{"odds":115,"spread":-1.5},"betmgm":{"odds":115,"spread":-1.5},"bovada":{"odds":115,"spread":-1.5}},"6":{"fanduel":{"odds":116,"spread":-1.5},"williamhill_us":{"odds":118,"spread":-1.5},"draftkings":{"odds":119,"spread":-1.5},"betmgm":{"odds":125,"spread":-1.5},"bovada":{"odds":120,"spread":-1.5}},"7":{"fanduel":{"odds":122,"spread":-1.5},"draftkings":{"odds":123,"spread":-1.5},"williamhill_us":{"odds":122,"spread":-1.5},"betmgm":{"odds":125,"spread":-1.5},"bovada":{"odds":120,"spread":-1.5}},"8":{"fanduel":{"odds":118,"spread":-1.5},"williamhill_us":{"odds":115,"spread":-1.5},"draftkings":{"odds":113,"spread":-1.5},"betmgm":{"odds":125,"spread":-1.5},"bovada":{"odds":120,"spread":-1.5}},"9":{"fanduel":{"odds":-166,"spread":1.5},"draftkings":{"odds":-171,"spread":1.5},"williamhill_us":{"odds":-170,"spread":1.5},"betmgm":{"odds":-175,"spread":1.5},"bovada":{"odds":-170,"spread":1.5}},"10":{"fanduel":{"odds":-125,"spread":-1.5},"draftkings":{"odds":-122,"spread":-1.5},"williamhill_us":{"odds":-120,"spread":-1.5},"betmgm":{"odds":-120,"spread":-1.5},"bovada":{"odds":-120,"spread":-1.5}},"11":{"fanduel":{"odds":150,"spread":-1.5},"draftkings":{"odds":144,"spread":-1.5},"betmgm":{"odds":150,"spread":-1.5},"bovada":{"odds":145,"spread":-1.5},"williamhill_us":{"odds":143,"spread":-1.5}}},"books_away":{"0":{"fanduel":{"odds":-166,"spread":1.5},"draftkings":{"odds":-163,"spread":1.5},"williamhill_us":{"odds":-165,"spread":1.5},"betmgm":{"odds":-175,"spread":1.5},"bovada":{"odds":-160,"spread":1.5}},"1":{"fanduel":{"odds":-164,"spread":1.5},"draftkings":{"odds":-156,"spread":1.5},"williamhill_us":{"odds":-160,"spread":1.5},"bovada":{"odds":-160,"spread":1.5}},"2":{"fanduel":{"odds":-160,"spread":1.5},"draftkings":{"odds":-156,"spread":1.5},"williamhill_us":{"odds":-155,"spread":1.5},"betmgm":{"odds":-175,"spread":1.5},"bovada":{"odds":-160,"spread":1.5}},"3":{"fanduel":{"odds":-156,"spread":1.5},"draftkings":{"odds":-156,"spread":1.5},"williamhill_us":{"odds":-155,"spread":1.5},"betmgm":{"odds":-160,"spread":1.5},"bovada":{"odds":-150,"spread":1.5}},"4":{"fanduel":{"odds":116,"spread":-1.5},"draftkings":{"odds":119,"spread":-1.5},"williamhill_us":{"odds":118,"spread":-1.5},"betmgm":{"odds":125,"spread":-1.5},"bovada":{"odds":120,"spread":-1.5}},"5":{"fanduel":{"odds":-137,"spread":1.5},"draftkings":{"odds":-136,"spread":1.5},"williamhill_us":{"odds":-135,"spread":1.5},"betmgm":{"odds":-140,"spread":1.5},"bovada":{"odds":-135,"spread":1.5}},"6":{"fanduel":{"odds":-140,"spread":1.5},"williamhill_us":{"odds":-140,"spread":1.5},"draftkings":{"odds":-143,"spread":1.5},"betmgm":{"odds":-150,"spread":1.5},"bovada":{"odds":-140,"spread":1.5}},"7":{"fanduel":{"odds":-146,"spread":1.5},"draftkings":{"odds":-149,"spread":1.5},"williamhill_us":{"odds":-145,"spread":1.5},"betmgm":{"odds":-155,"spread":1.5},"bovada":{"odds":-140,"spread":1.5}},"8":{"fanduel":{"odds":-142,"spread":1.5},"williamhill_us":{"odds":-135,"spread":1.5},"draftkings":{"odds":-136,"spread":1.5},"betmgm":{"odds":-155,"spread":1.5},"bovada":{"odds":-140,"spread":1.5}},"9":{"fanduel":{"odds":138,"spread":-1.5},"draftkings":{"odds":141,"spread":-1.5},"williamhill_us":{"odds":143,"spread":-1.5},"betmgm":{"odds":145,"spread":-1.5},"bovada":{"odds":145,"spread":-1.5}},"10":{"fanduel":{"odds":104,"spread":1.5},"draftkings":{"odds":102,"spread":1.5},"williamhill_us":{"odds":100,"spread":1.5},"betmgm":{"odds":100,"spread":1.5},"bovada":{"odds":100,"spread":1.5}},"11":{"fanduel":{"odds":-178,"spread":1.5},"draftkings":{"odds":-175,"spread":1.5},"betmgm":{"odds":-180,"spread":1.5},"bovada":{"odds":-170,"spread":1.5},"williamhill_us":{"odds":-170,"spread":1.5}}}}