{"game_id":{"0":"da58edb8a6932f91a04f398f83ed0658","1":"e82ac8c2a7cc7adb87a3de75b787a898","2":"140bee4546319ca4bfbaa6d6bf8d2016","3":"894c544f93b835c08a74ade08d26888f","4":"ca341550fc4220b9ee976aaa8bc933db","5":"74432b663df15c5695ec62a802768a60","6":"67d21f1e1c41537ef5b58b9abb1ff742","7":"9e37d48efb8cc346ca1c01402049c4c0","8":"ea976bf03d60b635db0b332eb5f79a0e","9":"08c10b4a78eb4168d07c1e53f345d13f","10":"bc5ac70107417075ffd9dda7565caff3","11":"a898264b051f27a33274cbdacc554c46","12":"0ce57b4f423d4bee56a8b4b941856426"},"home_team":{"0":"Baltimore Orioles","1":"Philadelphia Phillies","2":"New York Yankees","3":"Toronto Blue Jays","4":"Boston Red Sox","5":"Cleveland Guardians","6":"Milwaukee Brewers","7":"Chicago Cubs","8":"Houston Astros","9":"Colorado Rockies","10":"Arizona Diamondbacks","11":"Athletics","12":"Seattle Mariners"},"away_team":{"0":"Chicago White Sox","1":"Pittsburgh Pirates","2":"Detroit Tigers","3":"New York Mets","4":"Washington Nationals","5":"Texas Rangers","6":"Cincinnati Reds","7":"San Diego Padres","8":"Minnesota Twins","9":"Miami Marlins","10":"San Francisco Giants","11":"Los Angeles Dodgers","12":"Los Angeles Angels"},"home_spread":{"0":-1.5,"1":-1.5,"2":-1.5,"3":-1.5,"4":-1.5,"5":-1.5,"6":-1.5,"7":-1.5,"8":-1.5,"9":1.5,"10":-1.5,"11":1.5,"12":-1.5},"away_spread":{"0":1.5,"1":-1.5,"2":1.5,"3":1.5,"4":1.5,"5":1.5,"6":1.5,"7":1.5,"8":1.5,"9":-1.5,"10":1.5,"11":-1.5,"12":1.5},"best_home_odds":{"0":152,"1":175,"2":150,"3":165,"4":125,"5":146,"6":140,"7":135,"8":158,"9":-125,"10":155,"11":-156,"12":-102},"best_away_odds":{"0":-170,"1":154,"2":-175,"3":-184,"4":-140,"5":-170,"6":-160,"7":-145,"8":-176,"9":110,"10":-173,"11":135,"12":-115},"home_cover_nv_prob":{"0":0.3865979381,"1":0.4801512287,"2":0.3859649123,"3":0.3680663556,"4":0.4324324324,"5":0.3923278117,"6":0.4037267081,"7":0.4182671788,"8":0.3780407627,"9":0.5384615385,"10":0.3822726318,"11":0.5888210729,"12":0.4856067316},"away_cover_nv_prob":{"0":0.6134020619,"1":0.5198487713,"2":0.6140350877,"3":0.6319336444,"4":0.5675675676,"5":0.6076721883,"6":0.5962732919,"7":0.5817328212,"8":0.6219592373,"9":0.4615384615,"10":0.6177273682,"11":0.4111789271,"12":0.5143932684},"books_home":{"0":{"fanduel":{"odds":152,"spread":-1.5},"williamhill_us":{"odds":143,"spread":-1.5},"draftkings":{"odds":147,"spread":-1.5},"betmgm":{"odds":145,"spread":-1.5},"bovada":{"odds":145,"spread":-1.5}},"1":{"fanduel":{"odds":-184,"spread":1.5},"williamhill_us":{"odds":175,"spread":-1.5},"draftkings":{"odds":-185,"spread":1.5},"betmgm":{"odds":-190,"spread":1.5},"bovada":{"odds":-175,"spread":1.5}},"2":{"fanduel":{"odds":146,"spread":-1.5},"williamhill_us":{"odds":150,"spread":-1.5},"draftkings":{"odds":148,"spread":-1.5},"betmgm":{"odds":145,"spread":-1.5},"bovada":{"odds":150,"spread":-1.5}},"3":{"fanduel":{"odds":152,"spread":-1.5},"williamhill_us":{"odds":158,"spread":-1.5},"draftkings":{"odds":162,"spread":-1.5},"betmgm":{"odds":165,"spread":-1.5},"bovada":{"odds":165,"spread":-1.5}},"4":{"fanduel":{"odds":120,"spread":-1.5},"draftkings":{"odds":123,"spread":-1.5},"williamhill_us":{"odds":122,"spread":-1.5},"betmgm":{"odds":125,"spread":-1.5},"bovada":{"odds":120,"spread":-1.5}},"5":{"fanduel":{"odds":146,"spread":-1.5},"williamhill_us":{"odds":143,"spread":-1.5},"draftkings":{"odds":144,"spread":-1.5},"betmgm":{"odds":145,"spread":-1.5},"bovada":{"odds":145,"spread":-1.5}},"6":{"fanduel":{"odds":134,"spread":-1.5},"williamhill_us":{"odds":140,"spread":-1.5},"draftkings":{"odds":138,"spread":-1.5},"betmgm":{"odds":135,"spread":-1.5},"bovada":{"odds":135,"spread":-1.5}},"7":{"fanduel":{"odds":126,"spread":-1.5},"williamhill_us":{"odds":122,"spread":-1.5},"betmgm":{"odds":125,"spread":-1.5},"draftkings":{"odds":124,"spread":-1.5},"bovada":{"odds":135,"spread":-1.5}},"8":{"fanduel":{"odds":146,"spread":-1.5},"williamhill_us":{"odds":158,"spread":-1.5},"draftkings":{"odds":152,"spread":-1.5},"bovada":{"odds":155,"spread":-1.5}},"9":{"fanduel":{"odds":-130,"spread":1.5},"williamhill_us":{"odds":-125,"spread":1.5},"draftkings":{"odds":-131,"spread":1.5},"betmgm":{"odds":-135,"spread":1.5},"bovada":{"odds":-125,"spread":1.5}},"10":{"fanduel":{"odds":152,"spread":-1.5},"williamhill_us":{"odds":150,"spread":-1.5},"draftkings":{"odds":143,"spread":-1.5},"betmgm":{"odds":145,"spread":-1.5},"bovada":{"odds":155,"spread":-1.5}},"11":{"fanduel":{"odds":-156,"spread":1.5},"williamhill_us":{"odds":-160,"spread":1.5},"draftkings":{"odds":-162,"spread":1.5},"betmgm":{"odds":-160,"spread":1.5},"bovada":{"odds":-160,"spread":1.5}},"12":{"fanduel":{"odds":-102,"spread":-1.5},"williamhill_us":{"odds":-105,"spread":-1.5},"draftkings":{"odds":-103,"spread":-1.5},"betmgm":{"odds":-105,"spread":-1.5},"bovada":{"odds":-105,"spread":-1.5}}},"books_away":{"0":{"fanduel":{"odds":-184,"spread":1.5},"williamhill_us":{"odds":-170,"spread":1.5},"draftkings":{"odds":-179,"spread":1.5},"betmgm":{"odds":-175,"spread":1.5},"bovada":{"odds":-170,"spread":1.5}},"1":{"fanduel":{"odds":152,"spread":-1.5},"williamhill_us":{"odds":-210,"spread":1.5},"draftkings":{"odds":152,"spread":-1.5},"betmgm":{"odds":154,"spread":-1.5},"bovada":{"odds":150,"spread":-1.5}},"2":{"fanduel":{"odds":-178,"spread":1.5},"williamhill_us":{"odds":-178,"spread":1.5},"draftkings":{"odds":-180,"spread":1.5},"betmgm":{"odds":-180,"spread":1.5},"bovada":{"odds":-175,"spread":1.5}},"3":{"fanduel":{"odds":-184,"spread":1.5},"williamhill_us":{"odds":-190,"spread":1.5},"draftkings":{"odds":-198,"spread":1.5},"betmgm":{"odds":-200,"spread":1.5},"bovada":{"odds":-195,"spread":1.5}},"4":{"fanduel":{"odds":-144,"spread":1.5},"draftkings":{"odds":-148,"spread":1.5},"williamhill_us":{"odds":-145,"spread":1.5},"betmgm":{"odds":-150,"spread":1.5},"bovada":{"odds":-140,"spread":1.5}},"5":{"fanduel":{"odds":-176,"spread":1.5},"williamhill_us":{"odds":-170,"spread":1.5},"draftkings":{"odds":-175,"spread":1.5},"betmgm":{"odds":-175,"spread":1.5},"bovada":{"odds":-170,"spread":1.5}},"6":{"fanduel":{"odds":-162,"spread":1.5},"williamhill_us":{"odds":-165,"spread":1.5},"draftkings":{"odds":-167,"spread":1.5},"betmgm":{"odds":-165,"spread":1.5},"bovada":{"odds":-160,"spread":1.5}},"7":{"fanduel":{"odds":-152,"spread":1.5},"williamhill_us":{"odds":-145,"spread":1.5},"betmgm":{"odds":-150,"spread":1.5},"draftkings":{"odds":-149,"spread":1.5},"bovada":{"odds":-160,"spread":1.5}},"8":{"fanduel":{"odds":-176,"spread":1.5},"williamhill_us":{"odds":-190,"spread":1.5},"draftkings":{"odds":-185,"spread":1.5},"bovada":{"odds":-180,"spread":1.5}},"9":{"fanduel":{"odds":108,"spread":-1.5},"williamhill_us":{"odds":105,"spread":-1.5},"draftkings":{"odds":109,"spread":-1.5},"betmgm":{"odds":110,"spread":-1.5},"bovada":{"odds":105,"spread":-1.5}},"10":{"fanduel":{"odds":-184,"spread":1.5},"williamhill_us":{"odds":-178,"spread":1.5},"draftkings":{"odds":-173,"spread":1.5},"betmgm":{"odds":-180,"spread":1.5},"bovada":{"odds":-180,"spread":1.5}},"11":{"fanduel":{"odds":130,"spread":-1.5},"williamhill_us":{"odds":135,"spread":-1.5},"draftkings":{"odds":134,"spread":-1.5},"betmgm":{"odds":135,"spread":-1.5},"bovada":{"odds":135,"spread":-1.5}},"12":{"fanduel":{"odds":-118,"spread":1.5},"williamhill_us":{"odds":-115,"spread":1.5},"draftkings":{"odds":-117,"spread":1.5},"betmgm":{"odds":-115,"spread":1.5},"bovada":{"odds":-115,"spread":1.5}}}}