{"game_id":{"0":"caea4c3449e9f30ffe2c708a884e3296","1":"8708f0b1ad493caa280c8d963be2dc0b","2":"14986526f62254742f296b0eda680507","3":"ceda0420b6aec99d07f85f99472f8c68","4":"e5295ada7ac0d16be6bf67d6a4a2923b","5":"d1ba74caa5492c9e300650c9ba7bebab","6":"92bad434cf32ec6dd5e2b856708a6596","7":"ce47831dfdb0f68ba311fd79cc19d68a"},"home_team":{"0":"Kansas City Royals","1":"Tampa Bay Rays","2":"Washington Nationals","3":"Atlanta Braves","4":"St. Louis Cardinals","5":"San Diego Padres","6":"San Francisco Giants","7":"Los Angeles Dodgers"},"away_team":{"0":"Philadelphia Phillies","1":"New York Yankees","2":"Houston Astros","3":"New York Mets","4":"Milwaukee Brewers","5":"Arizona Diamondbacks","6":"Toronto Blue Jays","7":"Colorado Rockies"},"home_spread":{"0":1.5,"1":-1.5,"2":-1.5,"3":-1.5,"4":1.5,"5":-1.5,"6":1.5,"7":-1.5},"away_spread":{"0":-1.5,"1":-1.5,"2":-1.5,"3":1.5,"4":-1.5,"5":-1.5,"6":-1.5,"7":1.5},"best_home_odds":{"0":112,"1":185,"2":160,"3":155,"4":-165,"5":180,"6":-178,"7":-110},"best_away_odds":{"0":-126,"1":169,"2":162,"3":-180,"4":146,"5":156,"6":155,"7":-104},"home_cover_nv_prob":{"0":0.4583062946,"1":0.4855595668,"2":0.5019157088,"3":0.3788903924,"4":0.6050081979,"5":0.4776119403,"6":0.6201666894,"7":0.5067750678},"away_cover_nv_prob":{"0":0.5416937054,"1":0.5144404332,"2":0.4980842912,"3":0.6211096076,"4":0.3949918021,"5":0.5223880597,"6":0.3798333106,"7":0.4932249322},"books_home":{"0":{"fanduel":{"odds":112,"spread":1.5},"williamhill_us":{"odds":110,"spread":1.5},"draftkings":{"odds":104,"spread":1.5},"betmgm":{"odds":105,"spread":1.5},"bovada":{"odds":110,"spread":1.5}},"1":{"fanduel":{"odds":-188,"spread":1.5},"betmgm":{"odds":-200,"spread":1.5},"draftkings":{"odds":-207,"spread":1.5},"williamhill_us":{"odds":180,"spread":-1.5},"bovada":{"odds":185,"spread":-1.5}},"2":{"fanduel":{"odds":-196,"spread":1.5},"williamhill_us":{"odds":158,"spread":-1.5},"draftkings":{"odds":157,"spread":-1.5},"betmgm":{"odds":-190,"spread":1.5},"bovada":{"odds":160,"spread":-1.5}},"3":{"fanduel":{"odds":150,"spread":-1.5},"williamhill_us":{"odds":152,"spread":-1.5},"draftkings":{"odds":153,"spread":-1.5},"betmgm":{"odds":155,"spread":-1.5},"bovada":{"odds":155,"spread":-1.5}},"4":{"fanduel":{"odds":-176,"spread":1.5},"williamhill_us":{"odds":-165,"spread":1.5},"draftkings":{"odds":-172,"spread":1.5},"betmgm":{"odds":-170,"spread":1.5},"bovada":{"odds":-170,"spread":1.5}},"5":{"fanduel":{"odds":-184,"spread":1.5},"williamhill_us":{"odds":175,"spread":-1.5},"draftkings":{"odds":-190,"spread":1.5},"betmgm":{"odds":-190,"spread":1.5},"bovada":{"odds":180,"spread":-1.5}},"6":{"fanduel":{"odds":-184,"spread":1.5},"williamhill_us":{"odds":-178,"spread":1.5},"betmgm":{"odds":-180,"spread":1.5},"draftkings":{"odds":-179,"spread":1.5},"bovada":{"odds":-180,"spread":1.5}},"7":{"fanduel":{"odds":-115,"spread":-1.5},"draftkings":{"odds":-114,"spread":-1.5},"williamhill_us":{"odds":-115,"spread":-1.5},"betmgm":{"odds":-115,"spread":-1.5},"bovada":{"odds":-110,"spread":-1.5}}},"books_away":{"0":{"fanduel":{"odds":-134,"spread":-1.5},"williamhill_us":{"odds":-130,"spread":-1.5},"draftkings":{"odds":-126,"spread":-1.5},"betmgm":{"odds":-130,"spread":-1.5},"bovada":{"odds":-130,"spread":-1.5}},"1":{"fanduel":{"odds":155,"spread":-1.5},"betmgm":{"odds":165,"spread":-1.5},"draftkings":{"odds":169,"spread":-1.5},"williamhill_us":{"odds":-220,"spread":1.5},"bovada":{"odds":-225,"spread":1.5}},"2":{"fanduel":{"odds":162,"spread":-1.5},"williamhill_us":{"odds":-190,"spread":1.5},"draftkings":{"odds":-192,"spread":1.5},"betmgm":{"odds":155,"spread":-1.5},"bovada":{"odds":-185,"spread":1.5}},"3":{"fanduel":{"odds":-182,"spread":1.5},"williamhill_us":{"odds":-180,"spread":1.5},"draftkings":{"odds":-186,"spread":1.5},"betmgm":{"odds":-190,"spread":1.5},"bovada":{"odds":-180,"spread":1.5}},"4":{"fanduel":{"odds":146,"spread":-1.5},"williamhill_us":{"odds":140,"spread":-1.5},"draftkings":{"odds":142,"spread":-1.5},"betmgm":{"odds":140,"spread":-1.5},"bovada":{"odds":145,"spread":-1.5}},"5":{"fanduel":{"odds":152,"spread":-1.5},"williamhill_us":{"odds":-210,"spread":1.5},"draftkings":{"odds":156,"spread":-1.5},"betmgm":{"odds":155,"spread":-1.5},"bovada":{"odds":-220,"spread":1.5}},"6":{"fanduel":{"odds":152,"spread":-1.5},"williamhill_us":{"odds":150,"spread":-1.5},"betmgm":{"odds":145,"spread":-1.5},"draftkings":{"odds":148,"spread":-1.5},"bovada":{"odds":155,"spread":-1.5}},"7":{"fanduel":{"odds":-104,"spread":1.5},"draftkings":{"odds":-105,"spread":1.5},"williamhill_us":{"odds":-105,"spread":1.5},"betmgm":{"odds":-105,"spread":1.5},"bovada":{"odds":-110,"spread":1.5}}}}