{"game_id":{"0":"2c16b21f64ac893fc7dd8fd60f2a018c","1":"932ab74f8b661c6fcaea03f907780fce","2":"c5471ce2c30f59270ff07727d27ce902","3":"1daf20445fbf24373621ac69d10909d6","4":"988cc0182b2c8cc4ce2bd71787602b09","5":"8a412fa061b10c75d57bc591bf081271","6":"1a7da3935dee427bcfb5038b6aca6b69","7":"781378f4580bd5ca464d5bfa8f1035a2","8":"0bbbb2fddbaa8b74fdca003a5d074d6f","9":"34a8cd87a97eb098ddeb7d6d4022544d","10":"7b000b2feb3413984543d3be6ccd448b","11":"6dfa085cbcdafd48dfe2b4a3ec7d5e04","12":"55fa28ecac0b985cde7ea3ed079986e0","13":"392c482c74dac60779aaf9841598058b"},"home_team":{"0":"Cincinnati Reds","1":"Baltimore Orioles","2":"Toronto Blue Jays","3":"New York Mets","4":"Tampa Bay Rays","5":"Atlanta Braves","6":"Chicago White Sox","7":"Kansas City Royals","8":"Milwaukee Brewers","9":"Texas Rangers","10":"Houston Astros","11":"St. Louis Cardinals","12":"Los Angeles Dodgers","13":"San Francisco Giants"},"away_team":{"0":"Detroit Tigers","1":"Boston Red Sox","2":"Cleveland Guardians","3":"Colorado Rockies","4":"Minnesota Twins","5":"Philadelphia Phillies","6":"Washington Nationals","7":"Los Angeles Angels","8":"Pittsburgh Pirates","9":"Athletics","10":"New York Yankees","11":"Seattle Mariners","12":"Chicago Cubs","13":"Miami Marlins"},"home_spread":{"0":1.5,"1":-1.5,"2":1.5,"3":-1.5,"4":-1.5,"5":-1.5,"6":-1.5,"7":-1.5,"8":1.5,"9":-1.5,"10":1.5,"11":1.5,"12":-1.5,"13":-1.5},"away_spread":{"0":-1.5,"1":-1.5,"2":-1.5,"3":1.5,"4":-1.5,"5":1.5,"6":-1.5,"7":-1.5,"8":-1.5,"9":1.5,"10":-1.5,"11":-1.5,"12":1.5,"13":-1.5},"best_home_odds":{"0":-140,"1":175,"2":-150,"3":100,"4":175,"5":150,"6":160,"7":180,"8":-160,"9":140,"10":-130,"11":-126,"12":135,"13":195},"best_away_odds":{"0":130,"1":155,"2":140,"3":-120,"4":176,"5":-165,"6":164,"7":160,"8":140,"9":-152,"10":115,"11":115,"12":-144,"13":158},"home_cover_nv_prob":{"0":0.5729537367,"1":0.4811320755,"2":0.5901639344,"3":0.4782608696,"4":0.500907441,"5":0.3911439114,"6":0.5038167939,"7":0.4814814815,"8":0.5962732919,"9":0.4085603113,"10":0.5485770363,"11":0.5451801167,"12":0.418956044,"13":0.4665461121},"away_cover_nv_prob":{"0":0.4270462633,"1":0.5188679245,"2":0.4098360656,"3":0.5217391304,"4":0.499092559,"5":0.6088560886,"6":0.4961832061,"7":0.5185185185,"8":0.4037267081,"9":0.5914396887,"10":0.4514229637,"11":0.4548198833,"12":0.581043956,"13":0.5334538879},"books_home":{"0":{"fanduel":{"odds":-156,"spread":1.5},"williamhill_us":{"odds":-140,"spread":1.5},"draftkings":{"odds":-143,"spread":1.5},"betmgm":{"odds":-155,"spread":1.5},"bovada":{"odds":-145,"spread":1.5}},"1":{"fanduel":{"odds":152,"spread":-1.5},"draftkings":{"odds":-180,"spread":1.5},"williamhill_us":{"odds":162,"spread":-1.5},"bovada":{"odds":175,"spread":-1.5},"betmgm":{"odds":-190,"spread":1.5}},"2":{"fanduel":{"odds":-154,"spread":1.5},"williamhill_us":{"odds":-160,"spread":1.5},"draftkings":{"odds":-163,"spread":1.5},"betmgm":{"odds":-170,"spread":1.5},"bovada":{"odds":-150,"spread":1.5}},"3":{"fanduel":{"odds":100,"spread":-1.5},"williamhill_us":{"odds":100,"spread":-1.5},"draftkings":{"odds":100,"spread":-1.5},"betmgm":{"odds":100,"spread":-1.5},"bovada":{"odds":100,"spread":-1.5}},"4":{"fanduel":{"odds":-210,"spread":1.5},"williamhill_us":{"odds":175,"spread":-1.5},"betmgm":{"odds":-210,"spread":1.5},"bovada":{"odds":175,"spread":-1.5},"draftkings":{"odds":-200,"spread":1.5}},"5":{"fanduel":{"odds":140,"spread":-1.5},"williamhill_us":{"odds":143,"spread":-1.5},"draftkings":{"odds":141,"spread":-1.5},"betmgm":{"odds":150,"spread":-1.5},"bovada":{"odds":140,"spread":-1.5}},"6":{"fanduel":{"odds":-200,"spread":1.5},"williamhill_us":{"odds":158,"spread":-1.5},"draftkings":{"odds":-188,"spread":1.5},"betmgm":{"odds":160,"spread":-1.5},"bovada":{"odds":160,"spread":-1.5}},"7":{"fanduel":{"odds":-194,"spread":1.5},"williamhill_us":{"odds":175,"spread":-1.5},"draftkings":{"odds":-189,"spread":1.5},"betmgm":{"odds":-190,"spread":1.5},"bovada":{"odds":180,"spread":-1.5}},"8":{"fanduel":{"odds":-160,"spread":1.5},"williamhill_us":{"odds":-160,"spread":1.5},"draftkings":{"odds":-163,"spread":1.5},"betmgm":{"odds":-170,"spread":1.5},"bovada":{"odds":-160,"spread":1.5}},"9":{"fanduel":{"odds":126,"spread":-1.5},"williamhill_us":{"odds":135,"spread":-1.5},"betmgm":{"odds":135,"spread":-1.5},"bovada":{"odds":140,"spread":-1.5},"draftkings":{"odds":135,"spread":-1.5}},"10":{"fanduel":{"odds":-130,"spread":1.5},"williamhill_us":{"odds":-130,"spread":1.5},"draftkings":{"odds":-131,"spread":1.5},"betmgm":{"odds":-140,"spread":1.5},"bovada":{"odds":-130,"spread":1.5}},"11":{"fanduel":{"odds":-126,"spread":1.5},"williamhill_us":{"odds":-130,"spread":1.5},"draftkings":{"odds":-131,"spread":1.5},"betmgm":{"odds":-135,"spread":1.5},"bovada":{"odds":-135,"spread":1.5}},"12":{"fanduel":{"odds":120,"spread":-1.5},"williamhill_us":{"odds":122,"spread":-1.5},"draftkings":{"odds":123,"spread":-1.5},"betmgm":{"odds":135,"spread":-1.5},"bovada":{"odds":125,"spread":-1.5}},"13":{"fanduel":{"odds":-184,"spread":1.5},"draftkings":{"odds":-186,"spread":1.5},"williamhill_us":{"odds":-190,"spread":1.5},"betmgm":{"odds":-185,"spread":1.5},"bovada":{"odds":195,"spread":-1.5}}},"books_away":{"0":{"fanduel":{"odds":130,"spread":-1.5},"williamhill_us":{"odds":118,"spread":-1.5},"draftkings":{"odds":119,"spread":-1.5},"betmgm":{"odds":125,"spread":-1.5},"bovada":{"odds":125,"spread":-1.5}},"1":{"fanduel":{"odds":-184,"spread":1.5},"draftkings":{"odds":149,"spread":-1.5},"williamhill_us":{"odds":-195,"spread":1.5},"bovada":{"odds":-210,"spread":1.5},"betmgm":{"odds":155,"spread":-1.5}},"2":{"fanduel":{"odds":128,"spread":-1.5},"williamhill_us":{"odds":135,"spread":-1.5},"draftkings":{"odds":135,"spread":-1.5},"betmgm":{"odds":140,"spread":-1.5},"bovada":{"odds":130,"spread":-1.5}},"3":{"fanduel":{"odds":-120,"spread":1.5},"williamhill_us":{"odds":-120,"spread":1.5},"draftkings":{"odds":-120,"spread":1.5},"betmgm":{"odds":-120,"spread":1.5},"bovada":{"odds":-120,"spread":1.5}},"4":{"fanduel":{"odds":176,"spread":-1.5},"williamhill_us":{"odds":-210,"spread":1.5},"betmgm":{"odds":170,"spread":-1.5},"bovada":{"odds":-210,"spread":1.5},"draftkings":{"odds":164,"spread":-1.5}},"5":{"fanduel":{"odds":-170,"spread":1.5},"williamhill_us":{"odds":-170,"spread":1.5},"draftkings":{"odds":-171,"spread":1.5},"betmgm":{"odds":-185,"spread":1.5},"bovada":{"odds":-165,"spread":1.5}},"6":{"fanduel":{"odds":164,"spread":-1.5},"williamhill_us":{"odds":-190,"spread":1.5},"draftkings":{"odds":155,"spread":-1.5},"betmgm":{"odds":-210,"spread":1.5},"bovada":{"odds":-185,"spread":1.5}},"7":{"fanduel":{"odds":160,"spread":-1.5},"williamhill_us":{"odds":-210,"spread":1.5},"draftkings":{"odds":155,"spread":-1.5},"betmgm":{"odds":155,"spread":-1.5},"bovada":{"odds":-220,"spread":1.5}},"8":{"fanduel":{"odds":132,"spread":-1.5},"williamhill_us":{"odds":135,"spread":-1.5},"draftkings":{"odds":135,"spread":-1.5},"betmgm":{"odds":140,"spread":-1.5},"bovada":{"odds":135,"spread":-1.5}},"9":{"fanduel":{"odds":-152,"spread":1.5},"williamhill_us":{"odds":-160,"spread":1.5},"betmgm":{"odds":-160,"spread":1.5},"bovada":{"odds":-165,"spread":1.5},"draftkings":{"odds":-163,"spread":1.5}},"10":{"fanduel":{"odds":108,"spread":-1.5},"williamhill_us":{"odds":110,"spread":-1.5},"draftkings":{"odds":109,"spread":-1.5},"betmgm":{"odds":115,"spread":-1.5},"bovada":{"odds":110,"spread":-1.5}},"11":{"fanduel":{"odds":105,"spread":-1.5},"williamhill_us":{"odds":110,"spread":-1.5},"draftkings":{"odds":109,"spread":-1.5},"betmgm":{"odds":110,"spread":-1.5},"bovada":{"odds":115,"spread":-1.5}},"12":{"fanduel":{"odds":-144,"spread":1.5},"williamhill_us":{"odds":-145,"spread":1.5},"draftkings":{"odds":-149,"spread":1.5},"betmgm":{"odds":-160,"spread":1.5},"bovada":{"odds":-145,"spread":1.5}},"13":{"fanduel":{"odds":152,"spread":-1.5},"draftkings":{"odds":153,"spread":-1.5},"williamhill_us":{"odds":158,"spread":-1.5},"betmgm":{"odds":150,"spread":-1.5},"bovada":{"odds":-235,"spread":1.5}}}}