{"game_id":{"0":"7eeb2a9fecc4a8958efb172e75c65224","1":"3e12cc318907e3d20b669757daa0601c","2":"5a8ab9f3ed0791629f4f9e10da52043a","3":"2bbd66d60ea2fc31f947643a281cfb84","4":"06b34739941eb6ab0d54c4cee040b202","5":"da1236e8e0bc448283c6e1e28d578e43","6":"7adc5663e108dbde0834e58a957b5d3e","7":"22bf5f58b0fd7173739a6d0fb1bd280e","8":"0fdd8b67a62fe347c0995afb9eb94c73","9":"fbfee8c921cea16428faf24b7ba19aed","10":"4244628ff5c52a85f4e83f8dc171ed4e","11":"541d3f8c1e87131917cbf8386a2563f6","12":"66c3c3524e444f31fe9fc224ac058351"},"home_team":{"0":"Detroit Tigers","1":"Tampa Bay Rays","2":"Miami Marlins","3":"Washington Nationals","4":"Toronto Blue Jays","5":"New York Mets","6":"Cincinnati Reds","7":"Chicago White Sox","8":"Minnesota Twins","9":"St. Louis Cardinals","10":"Colorado Rockies","11":"Los Angeles Angels","12":"San Diego Padres"},"away_team":{"0":"New York Yankees","1":"Kansas City Royals","2":"Texas Rangers","3":"Philadelphia Phillies","4":"Houston Astros","5":"Chicago Cubs","6":"Milwaukee Brewers","7":"Cleveland Guardians","8":"Los Angeles Dodgers","9":"Arizona Diamondbacks","10":"Boston Red Sox","11":"Baltimore Orioles","12":"Atlanta Braves"},"home_spread":{"0":1.5,"1":-1.5,"2":-1.5,"3":1.5,"4":-1.5,"5":1.5,"6":1.5,"7":1.5,"8":1.5,"9":-1.5,"10":1.5,"11":1.5,"12":1.5},"away_spread":{"0":-1.5,"1":1.5,"2":-1.5,"3":-1.5,"4":1.5,"5":-1.5,"6":-1.5,"7":-1.5,"8":-1.5,"9":1.5,"10":-1.5,"11":-1.5,"12":-1.5},"best_home_odds":{"0":-150,"1":122,"2":165,"3":-170,"4":175,"5":-156,"6":-120,"7":-170,"8":-125,"9":146,"10":-135,"11":-120,"12":-190},"best_away_odds":{"0":130,"1":-140,"2":172,"3":160,"4":-200,"5":140,"6":105,"7":155,"8":112,"9":-170,"10":118,"11":106,"12":165},"home_cover_nv_prob":{"0":0.5798319328,"1":0.4357298475,"2":0.5065176909,"3":0.6207865169,"4":0.3529411765,"5":0.5939086294,"6":0.5278969957,"7":0.6162046908,"8":0.5408163265,"9":0.3923278117,"10":0.5560173814,"11":0.529109589,"12":0.6345305608},"away_cover_nv_prob":{"0":0.4201680672,"1":0.5642701525,"2":0.4934823091,"3":0.3792134831,"4":0.6470588235,"5":0.4060913706,"6":0.4721030043,"7":0.3837953092,"8":0.4591836735,"9":0.6076721883,"10":0.4439826186,"11":0.470890411,"12":0.3654694392},"books_home":{"0":{"fanduel":{"odds":-154,"spread":1.5},"williamhill_us":{"odds":-155,"spread":1.5},"draftkings":{"odds":-155,"spread":1.5},"bovada":{"odds":-150,"spread":1.5},"betmgm":{"odds":-150,"spread":1.5}},"1":{"fanduel":{"odds":122,"spread":-1.5},"williamhill_us":{"odds":118,"spread":-1.5},"draftkings":{"odds":118,"spread":-1.5},"bovada":{"odds":120,"spread":-1.5},"betmgm":{"odds":118,"spread":-1.5}},"2":{"fanduel":{"odds":-210,"spread":1.5},"draftkings":{"odds":162,"spread":-1.5},"williamhill_us":{"odds":158,"spread":-1.5},"betmgm":{"odds":-220,"spread":1.5},"bovada":{"odds":165,"spread":-1.5}},"3":{"fanduel":{"odds":-184,"spread":1.5},"draftkings":{"odds":-184,"spread":1.5},"williamhill_us":{"odds":-170,"spread":1.5},"bovada":{"odds":-185,"spread":1.5},"betmgm":{"odds":-190,"spread":1.5}},"4":{"fanduel":{"odds":172,"spread":-1.5},"draftkings":{"odds":168,"spread":-1.5},"williamhill_us":{"odds":170,"spread":-1.5},"bovada":{"odds":175,"spread":-1.5},"betmgm":{"odds":165,"spread":-1.5}},"5":{"fanduel":{"odds":-156,"spread":1.5},"williamhill_us":{"odds":-160,"spread":1.5},"draftkings":{"odds":-164,"spread":1.5},"bovada":{"odds":-165,"spread":1.5},"betmgm":{"odds":-165,"spread":1.5}},"6":{"fanduel":{"odds":-120,"spread":1.5},"williamhill_us":{"odds":-125,"spread":1.5},"draftkings":{"odds":-123,"spread":1.5},"bovada":{"odds":-120,"spread":1.5},"betmgm":{"odds":-125,"spread":1.5}},"7":{"fanduel":{"odds":-172,"spread":1.5},"williamhill_us":{"odds":-170,"spread":1.5},"draftkings":{"odds":-179,"spread":1.5},"bovada":{"odds":-180,"spread":1.5},"betmgm":{"odds":-175,"spread":1.5}},"8":{"fanduel":{"odds":-134,"spread":1.5},"draftkings":{"odds":-130,"spread":1.5},"williamhill_us":{"odds":-125,"spread":1.5},"bovada":{"odds":-130,"spread":1.5}},"9":{"fanduel":{"odds":146,"spread":-1.5},"williamhill_us":{"odds":143,"spread":-1.5},"draftkings":{"odds":143,"spread":-1.5},"bovada":{"odds":145,"spread":-1.5},"betmgm":{"odds":145,"spread":-1.5}},"10":{"fanduel":{"odds":-142,"spread":1.5},"williamhill_us":{"odds":-135,"spread":1.5},"draftkings":{"odds":-137,"spread":1.5},"betmgm":{"odds":-140,"spread":1.5},"bovada":{"odds":-135,"spread":1.5}},"11":{"fanduel":{"odds":-128,"spread":1.5},"williamhill_us":{"odds":-120,"spread":1.5},"draftkings":{"odds":-122,"spread":1.5},"bovada":{"odds":-125,"spread":1.5},"betmgm":{"odds":-120,"spread":1.5}},"12":{"draftkings":{"odds":-194,"spread":1.5},"williamhill_us":{"odds":-190,"spread":1.5},"betmgm":{"odds":-190,"spread":1.5},"fanduel":{"odds":-194,"spread":1.5},"bovada":{"odds":-195,"spread":1.5}}},"books_away":{"0":{"fanduel":{"odds":128,"spread":-1.5},"williamhill_us":{"odds":130,"spread":-1.5},"draftkings":{"odds":128,"spread":-1.5},"bovada":{"odds":130,"spread":-1.5},"betmgm":{"odds":125,"spread":-1.5}},"1":{"fanduel":{"odds":-146,"spread":1.5},"williamhill_us":{"odds":-140,"spread":1.5},"draftkings":{"odds":-142,"spread":1.5},"bovada":{"odds":-140,"spread":1.5},"betmgm":{"odds":-145,"spread":1.5}},"2":{"fanduel":{"odds":172,"spread":-1.5},"draftkings":{"odds":-198,"spread":1.5},"williamhill_us":{"odds":-190,"spread":1.5},"betmgm":{"odds":165,"spread":-1.5},"bovada":{"odds":-195,"spread":1.5}},"3":{"fanduel":{"odds":152,"spread":-1.5},"draftkings":{"odds":151,"spread":-1.5},"williamhill_us":{"odds":143,"spread":-1.5},"bovada":{"odds":160,"spread":-1.5},"betmgm":{"odds":154,"spread":-1.5}},"4":{"fanduel":{"odds":-210,"spread":1.5},"draftkings":{"odds":-206,"spread":1.5},"williamhill_us":{"odds":-205,"spread":1.5},"bovada":{"odds":-210,"spread":1.5},"betmgm":{"odds":-200,"spread":1.5}},"5":{"fanduel":{"odds":130,"spread":-1.5},"williamhill_us":{"odds":135,"spread":-1.5},"draftkings":{"odds":136,"spread":-1.5},"bovada":{"odds":140,"spread":-1.5},"betmgm":{"odds":135,"spread":-1.5}},"6":{"fanduel":{"odds":100,"spread":-1.5},"williamhill_us":{"odds":105,"spread":-1.5},"draftkings":{"odds":102,"spread":-1.5},"bovada":{"odds":100,"spread":-1.5},"betmgm":{"odds":105,"spread":-1.5}},"7":{"fanduel":{"odds":142,"spread":-1.5},"williamhill_us":{"odds":143,"spread":-1.5},"draftkings":{"odds":148,"spread":-1.5},"bovada":{"odds":155,"spread":-1.5},"betmgm":{"odds":145,"spread":-1.5}},"8":{"fanduel":{"odds":112,"spread":-1.5},"draftkings":{"odds":108,"spread":-1.5},"williamhill_us":{"odds":105,"spread":-1.5},"bovada":{"odds":110,"spread":-1.5}},"9":{"fanduel":{"odds":-178,"spread":1.5},"williamhill_us":{"odds":-170,"spread":1.5},"draftkings":{"odds":-174,"spread":1.5},"bovada":{"odds":-170,"spread":1.5},"betmgm":{"odds":-175,"spread":1.5}},"10":{"fanduel":{"odds":118,"spread":-1.5},"williamhill_us":{"odds":115,"spread":-1.5},"draftkings":{"odds":114,"spread":-1.5},"betmgm":{"odds":115,"spread":-1.5},"bovada":{"odds":115,"spread":-1.5}},"11":{"fanduel":{"odds":106,"spread":-1.5},"williamhill_us":{"odds":100,"spread":-1.5},"draftkings":{"odds":101,"spread":-1.5},"bovada":{"odds":105,"spread":-1.5},"betmgm":{"odds":100,"spread":-1.5}},"12":{"draftkings":{"odds":159,"spread":-1.5},"williamhill_us":{"odds":158,"spread":-1.5},"betmgm":{"odds":155,"spread":-1.5},"fanduel":{"odds":160,"spread":-1.5},"bovada":{"odds":165,"spread":-1.5}}}}