{"game_id":{"0":"891e69457152c080ffcc21c7d270d496","1":"4c66d2e13ce50dd60d19e8cff8bbd7c8","2":"c36bdb8231822ee0f1da32b6be40b9b0","3":"05b5c7cee311b071b85433bf42dc4612","4":"c679aca8a08df633e4d70c359217ffe5","5":"5b5ca06821ecfe2cbf46026575ed9263","6":"928d36763fd31061810699e36df3bba8","7":"375d31006805a62964445dd208379b2b","8":"060e554031da942cb986e3f4a4934693","9":"e1a00a3014c67a9c52882049b063f78a","10":"07281b73eef3ffc23544bbe5a9393d44","11":"c00c26980a4f67d0037ac7fd8a3dd15b","12":"cd7e74e983be115f2ccb417ccb4f845d","13":"715a197e2d41a434a760c22ec0a823c5","14":"325a216ed291897f85ab8c9b49ebd33d"},"home_team":{"0":"Tampa Bay Rays","1":"Cleveland Guardians","2":"San Francisco Giants","3":"San Diego Padres","4":"Baltimore Orioles","5":"Miami Marlins","6":"Detroit Tigers","7":"Pittsburgh Pirates","8":"Toronto Blue Jays","9":"New York Mets","10":"Chicago White Sox","11":"Kansas City Royals","12":"Colorado Rockies","13":"Athletics","14":"Los Angeles Angels"},"away_team":{"0":"Boston Red Sox","1":"New York Yankees","2":"Washington Nationals","3":"Cincinnati Reds","4":"Seattle Mariners","5":"Arizona Diamondbacks","6":"Minnesota Twins","7":"Los Angeles Dodgers","8":"Philadelphia Phillies","9":"St. Louis Cardinals","10":"Atlanta Braves","11":"Texas Rangers","12":"Chicago Cubs","13":"Milwaukee Brewers","14":"Houston Astros"},"home_spread":{"0":-1.5,"1":-1.5,"2":-1.5,"3":-1.5,"4":1.5,"5":1.5,"6":-1.5,"7":1.5,"8":1.5,"9":-1.5,"10":1.5,"11":1.5,"12":1.5,"13":1.5,"14":-1.5},"away_spread":{"0":1.5,"1":-1.5,"2":-1.5,"3":1.5,"4":-1.5,"5":-1.5,"6":1.5,"7":-1.5,"8":-1.5,"9":1.5,"10":-1.5,"11":-1.5,"12":-1.5,"13":-1.5,"14":-1.5},"best_home_odds":{"0":150,"1":180,"2":175,"3":135,"4":-157,"5":-175,"6":122,"7":110,"8":-130,"9":160,"10":-135,"11":-150,"12":100,"13":-150,"14":175},"best_away_odds":{"0":-170,"1":172,"2":168,"3":-150,"4":135,"5":150,"6":-135,"7":-122,"8":115,"9":-185,"10":115,"11":130,"12":-114,"13":130,"14":172},"home_cover_nv_prob":{"0":0.3884892086,"1":0.4927536232,"2":0.4935543278,"3":0.4149377593,"4":0.5894240754,"5":0.6140350877,"6":0.4394987844,"7":0.4642409034,"8":0.5485770363,"9":0.3720626632,"10":0.5525940029,"11":0.5798319328,"12":0.4841628959,"13":0.5798319328,"14":0.4972577697},"away_cover_nv_prob":{"0":0.6115107914,"1":0.5072463768,"2":0.5064456722,"3":0.5850622407,"4":0.4105759246,"5":0.3859649123,"6":0.5605012156,"7":0.5357590966,"8":0.4514229637,"9":0.6279373368,"10":0.4474059971,"11":0.4201680672,"12":0.5158371041,"13":0.4201680672,"14":0.5027422303},"books_home":{"0":{"fanduel":{"odds":150,"spread":-1.5},"williamhill_us":{"odds":143,"spread":-1.5},"betmgm":{"odds":140,"spread":-1.5},"draftkings":{"odds":141,"spread":-1.5},"bovada":{"odds":150,"spread":-1.5}},"1":{"fanduel":{"odds":-210,"spread":1.5},"williamhill_us":{"odds":170,"spread":-1.5},"draftkings":{"odds":-205,"spread":1.5},"bovada":{"odds":180,"spread":-1.5},"betmgm":{"odds":165,"spread":-1.5}},"2":{"fanduel":{"odds":-205,"spread":1.5},"williamhill_us":{"odds":170,"spread":-1.5},"draftkings":{"odds":-199,"spread":1.5},"bovada":{"odds":175,"spread":-1.5},"betmgm":{"odds":-200,"spread":1.5}},"3":{"fanduel":{"odds":134,"spread":-1.5},"williamhill_us":{"odds":130,"spread":-1.5},"draftkings":{"odds":125,"spread":-1.5},"bovada":{"odds":130,"spread":-1.5},"betmgm":{"odds":135,"spread":-1.5}},"4":{"fanduel":{"odds":-162,"spread":1.5},"williamhill_us":{"odds":-160,"spread":1.5},"draftkings":{"odds":-157,"spread":1.5},"bovada":{"odds":-160,"spread":1.5},"betmgm":{"odds":-165,"spread":1.5}},"5":{"fanduel":{"odds":-182,"spread":1.5},"williamhill_us":{"odds":-178,"spread":1.5},"draftkings":{"odds":-180,"spread":1.5},"bovada":{"odds":-175,"spread":1.5},"betmgm":{"odds":-180,"spread":1.5}},"6":{"fanduel":{"odds":122,"spread":-1.5},"draftkings":{"odds":114,"spread":-1.5},"williamhill_us":{"odds":115,"spread":-1.5},"bovada":{"odds":120,"spread":-1.5}},"7":{"fanduel":{"odds":102,"spread":1.5},"williamhill_us":{"odds":105,"spread":1.5},"draftkings":{"odds":105,"spread":1.5},"bovada":{"odds":110,"spread":1.5},"betmgm":{"odds":105,"spread":1.5}},"8":{"fanduel":{"odds":-134,"spread":1.5},"williamhill_us":{"odds":-130,"spread":1.5},"draftkings":{"odds":-136,"spread":1.5},"bovada":{"odds":-135,"spread":1.5},"betmgm":{"odds":-135,"spread":1.5}},"9":{"fanduel":{"odds":160,"spread":-1.5},"williamhill_us":{"odds":158,"spread":-1.5},"draftkings":{"odds":153,"spread":-1.5},"bovada":{"odds":160,"spread":-1.5},"betmgm":{"odds":150,"spread":-1.5}},"10":{"fanduel":{"odds":-137,"spread":1.5},"draftkings":{"odds":-135,"spread":1.5},"williamhill_us":{"odds":-135,"spread":1.5},"bovada":{"odds":-135,"spread":1.5},"betmgm":{"odds":-140,"spread":1.5}},"11":{"fanduel":{"odds":-154,"spread":1.5},"williamhill_us":{"odds":-155,"spread":1.5},"draftkings":{"odds":-155,"spread":1.5},"bovada":{"odds":-150,"spread":1.5},"betmgm":{"odds":-155,"spread":1.5}},"12":{"fanduel":{"odds":-105,"spread":1.5},"williamhill_us":{"odds":-105,"spread":1.5},"draftkings":{"odds":-105,"spread":1.5},"bovada":{"odds":-105,"spread":1.5},"betmgm":{"odds":100,"spread":1.5}},"13":{"fanduel":{"odds":-160,"spread":1.5},"draftkings":{"odds":-156,"spread":1.5},"williamhill_us":{"odds":-155,"spread":1.5},"bovada":{"odds":-150,"spread":1.5},"betmgm":{"odds":-155,"spread":1.5}},"14":{"fanduel":{"odds":-210,"spread":1.5},"williamhill_us":{"odds":162,"spread":-1.5},"draftkings":{"odds":163,"spread":-1.5},"bovada":{"odds":175,"spread":-1.5},"betmgm":{"odds":-210,"spread":1.5}}},"books_away":{"0":{"fanduel":{"odds":-182,"spread":1.5},"williamhill_us":{"odds":-170,"spread":1.5},"betmgm":{"odds":-170,"spread":1.5},"draftkings":{"odds":-171,"spread":1.5},"bovada":{"odds":-175,"spread":1.5}},"1":{"fanduel":{"odds":172,"spread":-1.5},"williamhill_us":{"odds":-205,"spread":1.5},"draftkings":{"odds":168,"spread":-1.5},"bovada":{"odds":-220,"spread":1.5},"betmgm":{"odds":-220,"spread":1.5}},"2":{"fanduel":{"odds":168,"spread":-1.5},"williamhill_us":{"odds":-205,"spread":1.5},"draftkings":{"odds":163,"spread":-1.5},"bovada":{"odds":-210,"spread":1.5},"betmgm":{"odds":165,"spread":-1.5}},"3":{"fanduel":{"odds":-162,"spread":1.5},"williamhill_us":{"odds":-155,"spread":1.5},"draftkings":{"odds":-151,"spread":1.5},"bovada":{"odds":-150,"spread":1.5},"betmgm":{"odds":-160,"spread":1.5}},"4":{"fanduel":{"odds":134,"spread":-1.5},"williamhill_us":{"odds":135,"spread":-1.5},"draftkings":{"odds":130,"spread":-1.5},"bovada":{"odds":135,"spread":-1.5},"betmgm":{"odds":135,"spread":-1.5}},"5":{"fanduel":{"odds":150,"spread":-1.5},"williamhill_us":{"odds":150,"spread":-1.5},"draftkings":{"odds":148,"spread":-1.5},"bovada":{"odds":150,"spread":-1.5},"betmgm":{"odds":145,"spread":-1.5}},"6":{"fanduel":{"odds":-146,"spread":1.5},"draftkings":{"odds":-138,"spread":1.5},"williamhill_us":{"odds":-135,"spread":1.5},"bovada":{"odds":-140,"spread":1.5}},"7":{"fanduel":{"odds":-122,"spread":-1.5},"williamhill_us":{"odds":-125,"spread":-1.5},"draftkings":{"odds":-126,"spread":-1.5},"bovada":{"odds":-130,"spread":-1.5},"betmgm":{"odds":-125,"spread":-1.5}},"8":{"fanduel":{"odds":112,"spread":-1.5},"williamhill_us":{"odds":110,"spread":-1.5},"draftkings":{"odds":113,"spread":-1.5},"bovada":{"odds":115,"spread":-1.5},"betmgm":{"odds":110,"spread":-1.5}},"9":{"fanduel":{"odds":-194,"spread":1.5},"williamhill_us":{"odds":-190,"spread":1.5},"draftkings":{"odds":-186,"spread":1.5},"bovada":{"odds":-185,"spread":1.5},"betmgm":{"odds":-185,"spread":1.5}},"10":{"fanduel":{"odds":114,"spread":-1.5},"draftkings":{"odds":112,"spread":-1.5},"williamhill_us":{"odds":115,"spread":-1.5},"bovada":{"odds":115,"spread":-1.5},"betmgm":{"odds":115,"spread":-1.5}},"11":{"fanduel":{"odds":128,"spread":-1.5},"williamhill_us":{"odds":130,"spread":-1.5},"draftkings":{"odds":128,"spread":-1.5},"bovada":{"odds":130,"spread":-1.5},"betmgm":{"odds":125,"spread":-1.5}},"12":{"fanduel":{"odds":-114,"spread":-1.5},"williamhill_us":{"odds":-115,"spread":-1.5},"draftkings":{"odds":-114,"spread":-1.5},"bovada":{"odds":-115,