{"game_id":{"0":"2b3ca3496277938aa74f87f24a2c064c","1":"be3485a7acdabede1a849330fcc226dc","2":"4690bcfaacd780fc44c057a6a7a4cc46","3":"9f1eb41cd2972a08e88069d6c5b4bb6c","4":"a3b9b93cdd33f60538713d337711afe2","5":"2c1eb8ab560fe810d23f21a2acf7cbe6","6":"673121d56b103f8d38738980fbffafef","7":"83cf12bed561626b784721179f647eb2","8":"6bfe03bb9d1e3ada87b6238cd7203d64","9":"cea3285cc6f53d314e7111cbd078141b","10":"c2c3eb02058f54f27b00aeb1e59224f9","11":"ff7fcfaa73e919c6a69c375313853a91","12":"f6d5d25a3b26ed6f4b0aa584e75b872c"},"home_team":{"0":"Pittsburgh Pirates","1":"Tampa Bay Rays","2":"New York Mets","3":"Baltimore Orioles","4":"Minnesota Twins","5":"Chicago White Sox","6":"Detroit Tigers","7":"Miami Marlins","8":"Cincinnati Reds","9":"St. Louis Cardinals","10":"Texas Rangers","11":"San Diego Padres","12":"San Francisco Giants"},"away_team":{"0":"Atlanta Braves","1":"New York Yankees","2":"Kansas City Royals","3":"Chicago Cubs","4":"Cleveland Guardians","5":"Boston Red Sox","6":"Athletics","7":"Seattle Mariners","8":"Philadelphia Phillies","9":"Milwaukee Brewers","10":"Los Angeles Angels","11":"Arizona Diamondbacks","12":"Colorado Rockies"},"home_spread":{"0":1.5,"1":-1.5,"2":-1.5,"3":-1.5,"4":1.5,"5":-1.5,"6":-1.5,"7":1.5,"8":1.5,"9":1.5,"10":-1.5,"11":-1.5,"12":-1.5},"away_spread":{"0":-1.5,"1":1.5,"2":1.5,"3":1.5,"4":-1.5,"5":-1.5,"6":1.5,"7":-1.5,"8":-1.5,"9":-1.5,"10":1.5,"11":1.5,"12":1.5},"best_home_odds":{"0":-150,"1":140,"2":154,"3":158,"4":-145,"5":170,"6":150,"7":-135,"8":-115,"9":-149,"10":165,"11":168,"12":162},"best_away_odds":{"0":134,"1":-160,"2":-165,"3":-175,"4":130,"5":161,"6":-170,"7":120,"8":100,"9":130,"10":-190,"11":-190,"12":-185},"home_cover_nv_prob":{"0":0.5840266223,"1":0.4037267081,"2":0.3873702675,"3":0.3785271851,"4":0.5764909248,"5":0.4915254237,"6":0.3884892086,"7":0.5582706767,"8":0.5168539326,"9":0.5791786378,"10":0.3654694392,"11":0.3628628629,"12":0.3702741328},"away_cover_nv_prob":{"0":0.4159733777,"1":0.5962732919,"2":0.6126297325,"3":0.6214728149,"4":0.4235090752,"5":0.5084745763,"6":0.6115107914,"7":0.4417293233,"8":0.4831460674,"9":0.4208213622,"10":0.6345305608,"11":0.6371371371,"12":0.6297258672},"books_home":{"0":{"fanduel":{"odds":-162,"spread":1.5},"draftkings":{"odds":-156,"spread":1.5},"williamhill_us":{"odds":-155,"spread":1.5},"betmgm":{"odds":-155,"spread":1.5},"bovada":{"odds":-150,"spread":1.5}},"1":{"draftkings":{"odds":135,"spread":-1.5},"williamhill_us":{"odds":135,"spread":-1.5},"betmgm":{"odds":135,"spread":-1.5},"fanduel":{"odds":140,"spread":-1.5},"bovada":{"odds":135,"spread":-1.5}},"2":{"fanduel":{"odds":142,"spread":-1.5},"draftkings":{"odds":154,"spread":-1.5},"williamhill_us":{"odds":143,"spread":-1.5},"bovada":{"odds":140,"spread":-1.5},"betmgm":{"odds":145,"spread":-1.5}},"3":{"fanduel":{"odds":158,"spread":-1.5},"williamhill_us":{"odds":158,"spread":-1.5},"bovada":{"odds":150,"spread":-1.5},"draftkings":{"odds":157,"spread":-1.5}},"4":{"fanduel":{"odds":-150,"spread":1.5},"williamhill_us":{"odds":-145,"spread":1.5},"draftkings":{"odds":-149,"spread":1.5},"bovada":{"odds":-150,"spread":1.5}},"5":{"fanduel":{"odds":-184,"spread":1.5},"williamhill_us":{"odds":162,"spread":-1.5},"draftkings":{"odds":-197,"spread":1.5},"betmgm":{"odds":-190,"spread":1.5},"bovada":{"odds":170,"spread":-1.5}},"6":{"fanduel":{"odds":146,"spread":-1.5},"draftkings":{"odds":144,"spread":-1.5},"williamhill_us":{"odds":143,"spread":-1.5},"betmgm":{"odds":145,"spread":-1.5},"bovada":{"odds":150,"spread":-1.5}},"7":{"fanduel":{"odds":-142,"spread":1.5},"draftkings":{"odds":-137,"spread":1.5},"bovada":{"odds":-140,"spread":1.5},"betmgm":{"odds":-140,"spread":1.5},"williamhill_us":{"odds":-135,"spread":1.5}},"8":{"fanduel":{"odds":-118,"spread":1.5},"draftkings":{"odds":-117,"spread":1.5},"williamhill_us":{"odds":-115,"spread":1.5},"betmgm":{"odds":-115,"spread":1.5},"bovada":{"odds":-120,"spread":1.5}},"9":{"fanduel":{"odds":-154,"spread":1.5},"draftkings":{"odds":-149,"spread":1.5},"williamhill_us":{"odds":-155,"spread":1.5},"betmgm":{"odds":-155,"spread":1.5},"bovada":{"odds":-150,"spread":1.5}},"10":{"fanduel":{"odds":160,"spread":-1.5},"draftkings":{"odds":159,"spread":-1.5},"williamhill_us":{"odds":158,"spread":-1.5},"betmgm":{"odds":155,"spread":-1.5},"bovada":{"odds":165,"spread":-1.5}},"11":{"fanduel":{"odds":168,"spread":-1.5},"draftkings":{"odds":159,"spread":-1.5},"williamhill_us":{"odds":158,"spread":-1.5},"betmgm":{"odds":155,"spread":-1.5},"bovada":{"odds":165,"spread":-1.5}},"12":{"fanduel":{"odds":162,"spread":-1.5},"draftkings":{"odds":159,"spread":-1.5},"betmgm":{"odds":155,"spread":-1.5},"bovada":{"odds":160,"spread":-1.5},"williamhill_us":{"odds":158,"spread":-1.5}}},"books_away":{"0":{"fanduel":{"odds":134,"spread":-1.5},"draftkings":{"odds":129,"spread":-1.5},"williamhill_us":{"odds":130,"spread":-1.5},"betmgm":{"odds":125,"spread":-1.5},"bovada":{"odds":130,"spread":-1.5}},"1":{"draftkings":{"odds":-163,"spread":1.5},"williamhill_us":{"odds":-160,"spread":1.5},"betmgm":{"odds":-165,"spread":1.5},"fanduel":{"odds":-170,"spread":1.5},"bovada":{"odds":-160,"spread":1.5}},"2":{"fanduel":{"odds":-172,"spread":1.5},"draftkings":{"odds":-188,"spread":1.5},"williamhill_us":{"odds":-170,"spread":1.5},"bovada":{"odds":-165,"spread":1.5},"betmgm":{"odds":-175,"spread":1.5}},"3":{"fanduel":{"odds":-192,"spread":1.5},"williamhill_us":{"odds":-190,"spread":1.5},"bovada":{"odds":-175,"spread":1.5},"draftkings":{"odds":-191,"spread":1.5}},"4":{"fanduel":{"odds":125,"spread":-1.5},"williamhill_us":{"odds":122,"spread":-1.5},"draftkings":{"odds":124,"spread":-1.5},"bovada":{"odds":130,"spread":-1.5}},"5":{"fanduel":{"odds":155,"spread":-1.5},"williamhill_us":{"odds":-195,"spread":1.5},"draftkings":{"odds":161,"spread":-1.5},"betmgm":{"odds":155,"spread":-1.5},"bovada":{"odds":-200,"spread":1.5}},"6":{"fanduel":{"odds":-178,"spread":1.5},"draftkings":{"odds":-175,"spread":1.5},"williamhill_us":{"odds":-170,"spread":1.5},"betmgm":{"odds":-175,"spread":1.5},"bovada":{"odds":-175,"spread":1.5}},"7":{"fanduel":{"odds":118,"spread":-1.5},"draftkings":{"odds":114,"spread":-1.5},"bovada":{"odds":120,"spread":-1.5},"betmgm":{"odds":115,"spread":-1.5},"williamhill_us":{"odds":115,"spread":-1.5}},"8":{"fanduel":{"odds":-102,"spread":-1.5},"draftkings":{"odds":-103,"spread":-1.5},"williamhill_us":{"odds":-105,"spread":-1.5},"betmgm":{"odds":-105,"spread":-1.5},"bovada":{"odds":100,"spread":-1.5}},"9":{"fanduel":{"odds":128,"spread":-1.5},"draftkings":{"odds":124,"spread":-1.5},"williamhill_us":{"odds":130,"spread":-1.5},"betmgm":{"odds":125,"spread":-1.5},"bovada":{"odds":130,"spread":-1.5}},"10":{"fanduel":{"odds":-194,"spread":1.5},"draftkings":{"odds":-194,"spread":1.5},"williamhill_us":{"odds":-190,"spread":1.5},"betmgm":{"odds":-190,"spread":1.5},"bovada":{"odds":-195,"spread":1.5}},"11":{"fanduel":{"odds":-205,"spread":1.5},"draftkings":{"odds":-193,"spread":1.5},"williamhill_us":{"odds":-190,"spread":1.5},"betmgm":{"odds":-190,"spread":1.5},"bovada":{"odds":-195,"spread":1.5}},"12":{"fanduel":{"odds":-196,"spread":1.5},"draftkings":{"odds":-193,"spread":1.5},"betmgm":{"odds":-190,"spread":1.5},"bovada":{"odds":-185,"spread":1.5},"williamhill_us":{"odds":-190,"spread":1.5}}}}