{"game_id":{"0":"a051c6df269a83813b248ea222859c65","1":"44a4350d4a8392d58e49e092bee941e9","2":"19b80d07edae4ffcb25b42667963c877","3":"d5256fecb9779436e7900fb3f1b19363","4":"2aee6b065d2ab7dd34a7bf34c50ecf64","5":"29396edfdade5878dbc35fa23dfd31bd","6":"0a103297db91d5bd1abf13d04b710c2a","7":"afc970260745e8fb77f25865b9aa1d1e","8":"36e963840422a477a4a60c1d4b1b2879","9":"4323e1f1f88640843f73a6482a7730d5","10":"857412c718e5a9787f2d262c8ad16cd5","11":"204926b2f2e00788f62385d3af31d828","12":"8a72d8b519cc92911419682fb63aaf67","13":"2f427e779ce4322fa3631629afb6f614","14":"919b933a4af691070848a940a7d07a84"},"home_team":{"0":"Pittsburgh Pirates","1":"Washington Nationals","2":"Detroit Tigers","3":"Cleveland Guardians","4":"Tampa Bay Rays","5":"Minnesota Twins","6":"Atlanta Braves","7":"New York Mets","8":"Chicago White Sox","9":"Houston Astros","10":"St. Louis Cardinals","11":"Colorado Rockies","12":"Los Angeles Angels","13":"Athletics","14":"Seattle Mariners"},"away_team":{"0":"Philadelphia Phillies","1":"Baltimore Orioles","2":"Toronto Blue Jays","3":"Cincinnati Reds","4":"Miami Marlins","5":"Milwaukee Brewers","6":"Boston Red Sox","7":"New York Yankees","8":"Chicago Cubs","9":"Texas Rangers","10":"Kansas City Royals","11":"Arizona Diamondbacks","12":"Los Angeles Dodgers","13":"San Francisco Giants","14":"San Diego Padres"},"home_spread":{"0":-1.5,"1":1.5,"2":1.5,"3":-1.5,"4":-1.5,"5":1.5,"6":-1.5,"7":1.5,"8":1.5,"9":1.5,"10":-1.5,"11":1.5,"12":1.5,"13":-1.5,"14":-1.5},"away_spread":{"0":1.5,"1":-1.5,"2":-1.5,"3":1.5,"4":-1.5,"5":-1.5,"6":1.5,"7":-1.5,"8":-1.5,"9":-1.5,"10":-1.5,"11":-1.5,"12":-2.5,"13":1.5,"14":1.5},"best_home_odds":{"0":165,"1":-135,"2":-150,"3":165,"4":175,"5":-178,"6":150,"7":-137,"8":-126,"9":-175,"10":180,"11":-135,"12":120,"13":154,"14":165},"best_away_odds":{"0":-178,"1":115,"2":140,"3":-180,"4":165,"5":159,"6":-160,"7":125,"8":115,"9":150,"10":155,"11":126,"12":-102,"13":-165,"14":-178},"home_cover_nv_prob":{"0":0.3708149927,"1":0.5525940029,"2":0.5901639344,"3":0.3698811096,"4":0.4907407407,"5":0.6238261481,"6":0.3939393939,"7":0.5653370014,"8":0.5451801167,"9":0.6140350877,"10":0.476635514,"11":0.5648953897,"12":0.4737335835,"13":0.3873702675,"14":0.3708149927},"away_cover_nv_prob":{"0":0.6291850073,"1":0.4474059971,"2":0.4098360656,"3":0.6301188904,"4":0.5092592593,"5":0.3761738519,"6":0.6060606061,"7":0.4346629986,"8":0.4548198833,"9":0.3859649123,"10":0.523364486,"11":0.4351046103,"12":0.5262664165,"13":0.6126297325,"14":0.6291850073},"books_home":{"0":{"fanduel":{"odds":146,"spread":-1.5},"williamhill_us":{"odds":158,"spread":-1.5},"betmgm":{"odds":165,"spread":-1.5},"draftkings":{"odds":153,"spread":-1.5},"bovada":{"odds":155,"spread":-1.5}},"1":{"fanduel":{"odds":-137,"spread":1.5},"williamhill_us":{"odds":-135,"spread":1.5},"draftkings":{"odds":-136,"spread":1.5},"betmgm":{"odds":-135,"spread":1.5},"bovada":{"odds":-135,"spread":1.5}},"2":{"fanduel":{"odds":-170,"spread":1.5},"williamhill_us":{"odds":-155,"spread":1.5},"draftkings":{"odds":-157,"spread":1.5},"betmgm":{"odds":-160,"spread":1.5},"bovada":{"odds":-150,"spread":1.5}},"3":{"fanduel":{"odds":158,"spread":-1.5},"williamhill_us":{"odds":158,"spread":-1.5},"draftkings":{"odds":150,"spread":-1.5},"betmgm":{"odds":165,"spread":-1.5},"bovada":{"odds":155,"spread":-1.5}},"4":{"fanduel":{"odds":-200,"spread":1.5},"williamhill_us":{"odds":170,"spread":-1.5},"draftkings":{"odds":-199,"spread":1.5},"betmgm":{"odds":-200,"spread":1.5},"bovada":{"odds":175,"spread":-1.5}},"5":{"fanduel":{"odds":-178,"spread":1.5},"draftkings":{"odds":-194,"spread":1.5},"williamhill_us":{"odds":-178,"spread":1.5},"bovada":{"odds":-180,"spread":1.5}},"6":{"fanduel":{"odds":138,"spread":-1.5},"williamhill_us":{"odds":135,"spread":-1.5},"draftkings":{"odds":135,"spread":-1.5},"betmgm":{"odds":150,"spread":-1.5},"bovada":{"odds":140,"spread":-1.5}},"7":{"fanduel":{"odds":-137,"spread":1.5},"williamhill_us":{"odds":-140,"spread":1.5},"draftkings":{"odds":-143,"spread":1.5},"betmgm":{"odds":-150,"spread":1.5},"bovada":{"odds":-140,"spread":1.5}},"8":{"fanduel":{"odds":-126,"spread":1.5},"williamhill_us":{"odds":-135,"spread":1.5},"draftkings":{"odds":-136,"spread":1.5},"betmgm":{"odds":-135,"spread":1.5},"bovada":{"odds":-130,"spread":1.5}},"9":{"fanduel":{"odds":-182,"spread":1.5},"williamhill_us":{"odds":-178,"spread":1.5},"draftkings":{"odds":-180,"spread":1.5},"betmgm":{"odds":-185,"spread":1.5},"bovada":{"odds":-175,"spread":1.5}},"10":{"fanduel":{"odds":-188,"spread":1.5},"draftkings":{"odds":-176,"spread":1.5},"williamhill_us":{"odds":180,"spread":-1.5},"betmgm":{"odds":-190,"spread":1.5},"bovada":{"odds":175,"spread":-1.5}},"11":{"fanduel":{"odds":-152,"spread":1.5},"williamhill_us":{"odds":-135,"spread":1.5},"draftkings":{"odds":-137,"spread":1.5},"betmgm":{"odds":-155,"spread":1.5},"bovada":{"odds":-140,"spread":1.5}},"12":{"fanduel":{"odds":112,"spread":1.5},"draftkings":{"odds":119,"spread":1.5},"williamhill_us":{"odds":118,"spread":1.5},"betmgm":{"odds":-118,"spread":2.5},"bovada":{"odds":120,"spread":1.5}},"13":{"fanduel":{"odds":138,"spread":-1.5},"williamhill_us":{"odds":143,"spread":-1.5},"betmgm":{"odds":154,"spread":-1.5},"bovada":{"odds":140,"spread":-1.5}},"14":{"fanduel":{"odds":155,"spread":-1.5},"williamhill_us":{"odds":150,"spread":-1.5},"draftkings":{"odds":150,"spread":-1.5},"betmgm":{"odds":165,"spread":-1.5},"bovada":{"odds":165,"spread":-1.5}}},"books_away":{"0":{"fanduel":{"odds":-178,"spread":1.5},"williamhill_us":{"odds":-190,"spread":1.5},"betmgm":{"odds":-200,"spread":1.5},"draftkings":{"odds":-186,"spread":1.5},"bovada":{"odds":-180,"spread":1.5}},"1":{"fanduel":{"odds":114,"spread":-1.5},"williamhill_us":{"odds":115,"spread":-1.5},"draftkings":{"odds":113,"spread":-1.5},"betmgm":{"odds":110,"spread":-1.5},"bovada":{"odds":115,"spread":-1.5}},"2":{"fanduel":{"odds":140,"spread":-1.5},"williamhill_us":{"odds":130,"spread":-1.5},"draftkings":{"odds":130,"spread":-1.5},"betmgm":{"odds":135,"spread":-1.5},"bovada":{"odds":130,"spread":-1.5}},"3":{"fanduel":{"odds":-192,"spread":1.5},"williamhill_us":{"odds":-190,"spread":1.5},"draftkings":{"odds":-182,"spread":1.5},"betmgm":{"odds":-200,"spread":1.5},"bovada":{"odds":-180,"spread":1.5}},"4":{"fanduel":{"odds":164,"spread":-1.5},"williamhill_us":{"odds":-205,"spread":1.5},"draftkings":{"odds":163,"spread":-1.5},"betmgm":{"odds":165,"spread":-1.5},"bovada":{"odds":-210,"spread":1.5}},"5":{"fanduel":{"odds":146,"spread":-1.5},"draftkings":{"odds":159,"spread":-1.5},"williamhill_us":{"odds":150,"spread":-1.5},"bovada":{"odds":155,"spread":-1.5}},"6":{"fanduel":{"odds":-166,"spread":1.5},"williamhill_us":{"odds":-160,"spread":1.5},"draftkings":{"odds":-163,"spread":1.5},"betmgm":{"odds":-185,"spread":1.5},"bovada":{"odds":-165,"spread":1.5}},"7":{"fanduel":{"odds":114,"spread":-1.5},"williamhill_us":{"odds":118,"spread":-1.5},"draftkings":{"odds":119,"spread":-1.5},"betmgm":{"odds":125,"spread":-1.5},"bovada":{"odds":120,"spread":-1.5}},"8":{"fanduel":{"odds":105,"spread":-1.5},"williamhill_us":{"odds":115,"spread":-1.5},"draftkings":{"odds":113,"spread":-1.5},"betmgm":{"odds":110,"spread":-1.5},"bovada":{"odds":110,"spread":-1.5}},"9":{"fanduel":{"odds":150,"spread":-1.5},"williamhill_us":{"odds":150,"spread":-1.5},"draftkings":{"odds":148,"spread":-1.5},"betmgm":{"odds":150,"spread":-1.5},"bovada":{"odds":150,"spread":-1.5}},"10":{"fanduel":{"odds":155,"spread":-1.5},"draftkings":{"odds":145,"spread":-1.5},"williamhill_us":{"odds":-220,"spread":1.5},"betmgm":{"odds":155,"spread":-1.5},"bovada":{"odds":-210,"spread":1.5}},"11":{"fanduel":{"odds":126,"spread":-1.5},"williamhill_us":{"odds":115,"spread":-1.5},"draftkings":{"odds":114,"spread":-1.5},"betmgm":{"odds":125,"spread":-1.5},"bovada":{"odds":120,"spread":-1.5}},"12":{"fanduel":{"odds":-134,"spread":-1.5},"draftkings":{"odds":-143,"spread":-1.5},"williamhill_us":{"odds":-140,"spread":-1.5},"betmgm":{"odds":-102,"spread":-2.5},"bovada":{"odds":-140,"spread":-1.5}},