{"game_id":{"0":"5db8a5b07bca4c3b2486bb503bbe96fc","1":"86eea2ec9bfbee886592a41c15f3ef1d","2":"4dc6f4564ea243d6ca214685828ba83f","3":"c9d537d84684524daf8ab45bb0a8041b","4":"0ff8c6236a0db9cf5998b7c59561e6d9","5":"994ada407046719fc1bd63e03217115a","6":"4b1b3595238822cabf04ba7f223ed431","7":"4d2b32d9bdd8f67c8d10a76487b12397","8":"8e4e850c402fa1c197ef6422f0b81838","9":"5026a58f0ac7fd00f17b808c1c1f7c1f","10":"c789c21a240b108461c065a6f2dc3436","11":"0b9c33238f79994bad3620ba35498d00","12":"69adbbbdb66c7af4b714b9edccc840af","13":"c96fb2bd8508797146f034b0ef19da0e","14":"24729dddcfb49df9b718819c43d02af9"},"home_team":{"0":"Pittsburgh Pirates","1":"Baltimore Orioles","2":"Washington Nationals","3":"Toronto Blue Jays","4":"Cincinnati Reds","5":"New York Mets","6":"Cleveland Guardians","7":"Chicago White Sox","8":"Kansas City Royals","9":"Milwaukee Brewers","10":"Minnesota Twins","11":"Athletics","12":"San Francisco Giants","13":"Los Angeles Angels","14":"Boston Red Sox"},"away_team":{"0":"Miami Marlins","1":"San Diego Padres","2":"Seattle Mariners","3":"New York Yankees","4":"Arizona Diamondbacks","5":"Atlanta Braves","6":"Detroit Tigers","7":"Los Angeles Dodgers","8":"Houston Astros","9":"Philadelphia Phillies","10":"St. Louis Cardinals","11":"Colorado Rockies","12":"Chicago Cubs","13":"Tampa Bay Rays","14":"Texas Rangers"},"home_spread":{"0":-1.5,"1":-1.5,"2":1.5,"3":1.5,"4":-1.5,"5":-1.5,"6":-1.5,"7":1.5,"8":-1.5,"9":1.5,"10":-1.5,"11":-1.5,"12":-1.5,"13":1.5,"14":-1.5},"away_spread":{"0":1.5,"1":1.5,"2":-1.5,"3":-1.5,"4":-1.5,"5":-1.5,"6":-1.5,"7":-1.5,"8":-1.5,"9":-1.5,"10":-1.5,"11":1.5,"12":1.5,"13":-1.5,"14":-1.5},"best_home_odds":{"0":140,"1":152,"2":-134,"3":-155,"4":175,"5":175,"6":195,"7":105,"8":170,"9":-178,"10":180,"11":102,"12":155,"13":-160,"14":175},"best_away_odds":{"0":-160,"1":-170,"2":115,"3":135,"4":146,"5":164,"6":165,"7":-115,"8":162,"9":155,"10":158,"11":-115,"12":-178,"13":142,"14":155},"home_cover_nv_prob":{"0":0.4037267081,"1":0.3865979381,"2":0.5518099981,"3":0.5882115462,"4":0.472168906,"5":0.4897959184,"6":0.4732142857,"7":0.4769828064,"8":0.492481203,"9":0.6201666894,"10":0.4795539033,"11":0.4806617483,"12":0.3798333106,"13":0.5982694685,"14":0.4811320755},"away_cover_nv_prob":{"0":0.5962732919,"1":0.6134020619,"2":0.4481900019,"3":0.4117884538,"4":0.527831094,"5":0.5102040816,"6":0.5267857143,"7":0.5230171936,"8":0.507518797,"9":0.3798333106,"10":0.5204460967,"11":0.5193382517,"12":0.6201666894,"13":0.4017305315,"14":0.5188679245},"books_home":{"0":{"fanduel":{"odds":140,"spread":-1.5},"williamhill_us":{"odds":135,"spread":-1.5},"draftkings":{"odds":134,"spread":-1.5},"betmgm":{"odds":135,"spread":-1.5},"bovada":{"odds":140,"spread":-1.5}},"1":{"fanduel":{"odds":152,"spread":-1.5},"williamhill_us":{"odds":143,"spread":-1.5},"draftkings":{"odds":144,"spread":-1.5},"betmgm":{"odds":145,"spread":-1.5},"bovada":{"odds":145,"spread":-1.5}},"2":{"fanduel":{"odds":-134,"spread":1.5},"williamhill_us":{"odds":-135,"spread":1.5},"draftkings":{"odds":-136,"spread":1.5},"betmgm":{"odds":-135,"spread":1.5},"bovada":{"odds":-135,"spread":1.5}},"3":{"fanduel":{"odds":-162,"spread":1.5},"draftkings":{"odds":-157,"spread":1.5},"williamhill_us":{"odds":-155,"spread":1.5},"betmgm":{"odds":-155,"spread":1.5},"bovada":{"odds":-160,"spread":1.5}},"4":{"fanduel":{"odds":-176,"spread":1.5},"draftkings":{"odds":-167,"spread":1.5},"williamhill_us":{"odds":-165,"spread":1.5},"betmgm":{"odds":-165,"spread":1.5},"bovada":{"odds":175,"spread":-1.5}},"5":{"fanduel":{"odds":-192,"spread":1.5},"draftkings":{"odds":-201,"spread":1.5},"williamhill_us":{"odds":170,"spread":-1.5},"bovada":{"odds":175,"spread":-1.5}},"6":{"fanduel":{"odds":-194,"spread":1.5},"draftkings":{"odds":-199,"spread":1.5},"williamhill_us":{"odds":185,"spread":-1.5},"betmgm":{"odds":-200,"spread":1.5},"bovada":{"odds":195,"spread":-1.5}},"7":{"fanduel":{"odds":-102,"spread":1.5},"draftkings":{"odds":101,"spread":1.5},"williamhill_us":{"odds":105,"spread":1.5},"betmgm":{"odds":105,"spread":1.5},"bovada":{"odds":-105,"spread":1.5}},"8":{"fanduel":{"odds":-196,"spread":1.5},"draftkings":{"odds":163,"spread":-1.5},"williamhill_us":{"odds":158,"spread":-1.5},"betmgm":{"odds":160,"spread":-1.5},"bovada":{"odds":170,"spread":-1.5}},"9":{"fanduel":{"odds":-182,"spread":1.5},"draftkings":{"odds":-181,"spread":1.5},"williamhill_us":{"odds":-178,"spread":1.5},"betmgm":{"odds":-185,"spread":1.5},"bovada":{"odds":-180,"spread":1.5}},"10":{"fanduel":{"odds":-192,"spread":1.5},"draftkings":{"odds":-186,"spread":1.5},"williamhill_us":{"odds":175,"spread":-1.5},"bovada":{"odds":180,"spread":-1.5}},"11":{"fanduel":{"odds":102,"spread":-1.5},"williamhill_us":{"odds":-105,"spread":-1.5},"draftkings":{"odds":-104,"spread":-1.5},"betmgm":{"odds":-105,"spread":-1.5},"bovada":{"odds":100,"spread":-1.5}},"12":{"fanduel":{"odds":152,"spread":-1.5},"draftkings":{"odds":148,"spread":-1.5},"williamhill_us":{"odds":150,"spread":-1.5},"betmgm":{"odds":150,"spread":-1.5},"bovada":{"odds":155,"spread":-1.5}},"13":{"fanduel":{"odds":-172,"spread":1.5},"draftkings":{"odds":-163,"spread":1.5},"williamhill_us":{"odds":-160,"spread":1.5},"bovada":{"odds":-165,"spread":1.5},"betmgm":{"odds":-165,"spread":1.5}},"14":{"fanduel":{"odds":-182,"spread":1.5},"draftkings":{"odds":-183,"spread":1.5},"betmgm":{"odds":-190,"spread":1.5},"williamhill_us":{"odds":162,"spread":-1.5},"bovada":{"odds":175,"spread":-1.5}}},"books_away":{"0":{"fanduel":{"odds":-172,"spread":1.5},"williamhill_us":{"odds":-160,"spread":1.5},"draftkings":{"odds":-162,"spread":1.5},"betmgm":{"odds":-165,"spread":1.5},"bovada":{"odds":-165,"spread":1.5}},"1":{"fanduel":{"odds":-184,"spread":1.5},"williamhill_us":{"odds":-170,"spread":1.5},"draftkings":{"odds":-175,"spread":1.5},"betmgm":{"odds":-175,"spread":1.5},"bovada":{"odds":-170,"spread":1.5}},"2":{"fanduel":{"odds":112,"spread":-1.5},"williamhill_us":{"odds":115,"spread":-1.5},"draftkings":{"odds":113,"spread":-1.5},"betmgm":{"odds":110,"spread":-1.5},"bovada":{"odds":115,"spread":-1.5}},"3":{"fanduel":{"odds":134,"spread":-1.5},"draftkings":{"odds":130,"spread":-1.5},"williamhill_us":{"odds":130,"spread":-1.5},"betmgm":{"odds":125,"spread":-1.5},"bovada":{"odds":135,"spread":-1.5}},"4":{"fanduel":{"odds":146,"spread":-1.5},"draftkings":{"odds":138,"spread":-1.5},"williamhill_us":{"odds":140,"spread":-1.5},"betmgm":{"odds":135,"spread":-1.5},"bovada":{"odds":-210,"spread":1.5}},"5":{"fanduel":{"odds":158,"spread":-1.5},"draftkings":{"odds":164,"spread":-1.5},"williamhill_us":{"odds":-205,"spread":1.5},"bovada":{"odds":-210,"spread":1.5}},"6":{"fanduel":{"odds":160,"spread":-1.5},"draftkings":{"odds":163,"spread":-1.5},"williamhill_us":{"odds":-225,"spread":1.5},"betmgm":{"odds":165,"spread":-1.5},"bovada":{"odds":-235,"spread":1.5}},"7":{"fanduel":{"odds":-118,"spread":-1.5},"draftkings":{"odds":-122,"spread":-1.5},"williamhill_us":{"odds":-125,"spread":-1.5},"betmgm":{"odds":-125,"spread":-1.5},"bovada":{"odds":-115,"spread":-1.5}},"8":{"fanduel":{"odds":162,"spread":-1.5},"draftkings":{"odds":-199,"spread":1.5},"williamhill_us":{"odds":-190,"spread":1.5},"betmgm":{"odds":-210,"spread":1.5},"bovada":{"odds":-200,"spread":1.5}},"9":{"fanduel":{"odds":150,"spread":-1.5},"draftkings":{"odds":149,"spread":-1.5},"williamhill_us":{"odds":150,"spread":-1.5},"betmgm":{"odds":150,"spread":-1.5},"bovada":{"odds":155,"spread":-1.5}},"10":{"fanduel":{"odds":158,"spread":-1.5},"draftkings":{"odds":153,"spread":-1.5},"williamhill_us":{"odds":-210,"spread":1.5},"bovada":{"odds":-220,"spread":1.5}},"11":{"fanduel":{"odds":-122,"spread":1.5},"williamhill_us":{"odds":-115,"spread":1.5},"draftkings":{"odds":-115,"spread":1.5},"betmgm":{"odds":-115,"spread":1.5},"bovada":{"odds":-120,"spread":1.5}},"12":{"fanduel":{"odds":-184,"spread":1.5},"draftkings":{"odds":-180,"spread":1.5},"williamhill_us":{"odds":-178,"spread":1.5},"betmgm":{"odds":-185,"spread":1.5},"bovada":{"odds":-180,"spread":1.5}},"13":{"fanduel":{"odds":142,