{"game_id":{"0":"779cfb39de4fd07ffa6e5e9e2a7fec4d","1":"e2145c6f89c91d068baad1ef60cb1205","2":"2ea66f343279c5bb39b4cb87f04810e7","3":"c3b12d49874633d7b722325998bebdd3","4":"9b611b49a26ba77a07349b2b50bab4ad","5":"ff3a4cea8f327d320fac1af61a34e8c3","6":"53626d17dd82b37d118427fbbb6fda67","7":"f191de07e9e709e1723e5815840236c0","8":"38325b462bdab2c582eec8fa2fe82395","9":"23317fc37d8b970abb36b16450935fe2","10":"912d3bf4c4f1b996c5903aa3b6e3bc2a","11":"b4b4c5e63320cc913bd4ac9d7c447f23","12":"6e5129c6e0fc6e1f6fcaff97e0a79ebc","13":"de78c77cca84245548d38b8c40c65391","14":"18200eb582e3bee33b38016accc8cc4e"},"home_team":{"0":"New York Yankees","1":"Minnesota Twins","2":"Chicago Cubs","3":"Athletics","4":"Pittsburgh Pirates","5":"Washington Nationals","6":"Boston Red Sox","7":"Miami Marlins","8":"Cleveland Guardians","9":"Houston Astros","10":"Philadelphia Phillies","11":"Seattle Mariners","12":"Arizona Diamondbacks","13":"Colorado Rockies","14":"Los Angeles Angels"},"away_team":{"0":"Kansas City Royals","1":"Cincinnati Reds","2":"New York Mets","3":"Chicago White Sox","4":"Tampa Bay Rays","5":"San Francisco Giants","6":"Detroit Tigers","7":"Milwaukee Brewers","8":"Baltimore Orioles","9":"St. Louis Cardinals","10":"Atlanta Braves","11":"Texas Rangers","12":"Toronto Blue Jays","13":"Los Angeles Dodgers","14":"San Diego Padres"},"home_spread":{"0":-1.5,"1":-1.5,"2":-1.5,"3":-1.5,"4":-1.5,"5":1.5,"6":1.5,"7":-1.5,"8":-1.5,"9":-1.5,"10":-1.5,"11":-1.5,"12":-1.5,"13":1.5,"14":-1.5},"away_spread":{"0":1.5,"1":1.5,"2":-1.5,"3":1.5,"4":1.5,"5":-1.5,"6":-1.5,"7":-1.5,"8":1.5,"9":1.5,"10":1.5,"11":1.5,"12":-1.5,"13":-2.5,"14":-1.5},"best_home_odds":{"0":126,"1":165,"2":185,"3":128,"4":135,"5":-162,"6":-111,"7":190,"8":165,"9":150,"10":180,"11":158,"12":170,"13":169,"14":175},"best_away_odds":{"0":-140,"1":-185,"2":154,"3":-143,"4":-146,"5":140,"6":105,"7":165,"8":-190,"9":-164,"10":-205,"11":-180,"12":164,"13":-130,"14":153},"home_cover_nv_prob":{"0":0.4313443566,"1":0.3676233473,"2":0.4712430427,"3":0.4270350063,"4":0.4175861484,"5":0.5974185618,"6":0.5188690001,"7":0.4774774775,"8":0.3654694392,"9":0.3916913947,"10":0.3469852105,"11":0.3761418592,"12":0.4943820225,"13":0.3967569432,"14":0.4791666667},"away_cover_nv_prob":{"0":0.5686556434,"1":0.6323766527,"2":0.5287569573,"3":0.5729649937,"4":0.5824138516,"5":0.4025814382,"6":0.4811309999,"7":0.5225225225,"8":0.6345305608,"9":0.6083086053,"10":0.6530147895,"11":0.6238581408,"12":0.5056179775,"13":0.6032430568,"14":0.5208333333},"books_home":{"0":{"fanduel":{"odds":126,"spread":-1.5},"williamhill_us":{"odds":122,"spread":-1.5},"draftkings":{"odds":119,"spread":-1.5},"betmgm":{"odds":125,"spread":-1.5},"bovada":{"odds":120,"spread":-1.5}},"1":{"fanduel":{"odds":160,"spread":-1.5},"williamhill_us":{"odds":158,"spread":-1.5},"betmgm":{"odds":165,"spread":-1.5},"bovada":{"odds":160,"spread":-1.5},"draftkings":{"odds":153,"spread":-1.5}},"2":{"fanduel":{"odds":-176,"spread":1.5},"williamhill_us":{"odds":180,"spread":-1.5},"betmgm":{"odds":-190,"spread":1.5},"bovada":{"odds":185,"spread":-1.5},"draftkings":{"odds":-174,"spread":1.5}},"3":{"fanduel":{"odds":128,"spread":-1.5},"williamhill_us":{"odds":122,"spread":-1.5},"draftkings":{"odds":119,"spread":-1.5},"betmgm":{"odds":125,"spread":-1.5},"bovada":{"odds":125,"spread":-1.5}},"4":{"fanduel":{"odds":122,"spread":-1.5},"williamhill_us":{"odds":130,"spread":-1.5},"draftkings":{"odds":129,"spread":-1.5},"betmgm":{"odds":135,"spread":-1.5},"bovada":{"odds":130,"spread":-1.5}},"5":{"fanduel":{"odds":-162,"spread":1.5},"williamhill_us":{"odds":-165,"spread":1.5},"draftkings":{"odds":-168,"spread":1.5},"betmgm":{"odds":-170,"spread":1.5},"bovada":{"odds":-165,"spread":1.5}},"6":{"fanduel":{"odds":-111,"spread":1.5},"williamhill_us":{"odds":-125,"spread":1.5},"draftkings":{"odds":-126,"spread":1.5},"betmgm":{"odds":-125,"spread":1.5},"bovada":{"odds":-125,"spread":1.5}},"7":{"fanduel":{"odds":-200,"spread":1.5},"williamhill_us":{"odds":180,"spread":-1.5},"draftkings":{"odds":-179,"spread":1.5},"betmgm":{"odds":-200,"spread":1.5},"bovada":{"odds":190,"spread":-1.5}},"8":{"fanduel":{"odds":162,"spread":-1.5},"williamhill_us":{"odds":158,"spread":-1.5},"draftkings":{"odds":159,"spread":-1.5},"betmgm":{"odds":165,"spread":-1.5},"bovada":{"odds":165,"spread":-1.5}},"9":{"fanduel":{"odds":136,"spread":-1.5},"williamhill_us":{"odds":143,"spread":-1.5},"draftkings":{"odds":141,"spread":-1.5},"betmgm":{"odds":150,"spread":-1.5},"bovada":{"odds":140,"spread":-1.5}},"10":{"fanduel":{"odds":172,"spread":-1.5},"williamhill_us":{"odds":170,"spread":-1.5},"draftkings":{"odds":169,"spread":-1.5},"bovada":{"odds":180,"spread":-1.5}},"11":{"fanduel":{"odds":152,"spread":-1.5},"williamhill_us":{"odds":158,"spread":-1.5},"draftkings":{"odds":153,"spread":-1.5},"betmgm":{"odds":154,"spread":-1.5},"bovada":{"odds":155,"spread":-1.5}},"12":{"fanduel":{"odds":-200,"spread":1.5},"williamhill_us":{"odds":170,"spread":-1.5},"draftkings":{"odds":163,"spread":-1.5},"betmgm":{"odds":-190,"spread":1.5},"bovada":{"odds":170,"spread":-1.5}},"13":{"fanduel":{"odds":152,"spread":1.5},"williamhill_us":{"odds":158,"spread":1.5},"draftkings":{"odds":169,"spread":1.5},"betmgm":{"odds":105,"spread":2.5},"bovada":{"odds":160,"spread":1.5}},"14":{"fanduel":{"odds":-172,"spread":1.5},"williamhill_us":{"odds":-170,"spread":1.5},"draftkings":{"odds":-186,"spread":1.5},"betmgm":{"odds":-185,"spread":1.5},"bovada":{"odds":175,"spread":-1.5}}},"books_away":{"0":{"fanduel":{"odds":-152,"spread":1.5},"williamhill_us":{"odds":-145,"spread":1.5},"draftkings":{"odds":-143,"spread":1.5},"betmgm":{"odds":-155,"spread":1.5},"bovada":{"odds":-140,"spread":1.5}},"1":{"fanduel":{"odds":-194,"spread":1.5},"williamhill_us":{"odds":-190,"spread":1.5},"betmgm":{"odds":-200,"spread":1.5},"bovada":{"odds":-185,"spread":1.5},"draftkings":{"odds":-186,"spread":1.5}},"2":{"fanduel":{"odds":146,"spread":-1.5},"williamhill_us":{"odds":-220,"spread":1.5},"betmgm":{"odds":154,"spread":-1.5},"bovada":{"odds":-225,"spread":1.5},"draftkings":{"odds":144,"spread":-1.5}},"3":{"fanduel":{"odds":-154,"spread":1.5},"williamhill_us":{"odds":-145,"spread":1.5},"draftkings":{"odds":-143,"spread":1.5},"betmgm":{"odds":-150,"spread":1.5},"bovada":{"odds":-145,"spread":1.5}},"4":{"fanduel":{"odds":-146,"spread":1.5},"williamhill_us":{"odds":-155,"spread":1.5},"draftkings":{"odds":-156,"spread":1.5},"betmgm":{"odds":-165,"spread":1.5},"bovada":{"odds":-150,"spread":1.5}},"5":{"fanduel":{"odds":134,"spread":-1.5},"williamhill_us":{"odds":140,"spread":-1.5},"draftkings":{"odds":139,"spread":-1.5},"betmgm":{"odds":140,"spread":-1.5},"bovada":{"odds":140,"spread":-1.5}},"6":{"fanduel":{"odds":-108,"spread":-1.5},"williamhill_us":{"odds":105,"spread":-1.5},"draftkings":{"odds":104,"spread":-1.5},"betmgm":{"odds":105,"spread":-1.5},"bovada":{"odds":105,"spread":-1.5}},"7":{"fanduel":{"odds":164,"spread":-1.5},"williamhill_us":{"odds":-220,"spread":1.5},"draftkings":{"odds":148,"spread":-1.5},"betmgm":{"odds":165,"spread":-1.5},"bovada":{"odds":-230,"spread":1.5}},"8":{"fanduel":{"odds":-200,"spread":1.5},"williamhill_us":{"odds":-190,"spread":1.5},"draftkings":{"odds":-194,"spread":1.5},"betmgm":{"odds":-200,"spread":1.5},"bovada":{"odds":-195,"spread":1.5}},"9":{"fanduel":{"odds":-164,"spread":1.5},"williamhill_us":{"odds":-170,"spread":1.5},"draftkings":{"odds":-171,"spread":1.5},"betmgm":{"odds":-185,"spread":1.5},"bovada":{"odds":-165,"spread":1.5}},"10":{"fanduel":{"odds":-210,"spread":1.5},"williamhill_us":{"odds":-205,"spread":1.5},"draftkings":{"odds":-207,"spread":1.5},"bovada":{"odds":-220,"spread":1.5}},"11":{"fanduel":{"odds":-184,"spread":1.5},"williamhill_us":{"odds":-190,"spread":1.5},"draftkings":{"odds":-186,"spread":1.5},"betmgm":{"odds":-190,"spread":1.5},"bovada":{"odds":-180,"spread":1.5}},"12":{"fanduel":{"odds":164,"spread":-1.5},"williamhill_us":{"odds":-205,"spread":1.5},"draftkings":{"odds":-199,"spread":1.5},"betmgm":{"odds":155,"spread":-1.5},