{"game_id":{"0":"a5ab3fe9c783f6349643c38556202b88","1":"de08b74f7a56e9ca21d1a814f3bb9580","2":"ea533201c1219a43e8c91415af4065b2","3":"7298c47d240347dac3ccc27327e2dd9c","4":"b76277870735bb77b65fe5d409036cf6","5":"ed5e4f7c7c0c51b06ffd0fdf93ce8f17","6":"a29760479f428402af00a34cffbc00cf","7":"7299c6da7b62235dd67f58484e58a33b","8":"668e5f71f74fad13739788e98ce12084","9":"79b579806db1b97214fad9783eef88cd","10":"0fec3ff922e35049f5bbc3e899ce1cef","11":"35a7408a1687fdea6b7052d86f74cdb5","12":"9a684c8b4ec22835fc3fd145e7796370","13":"30849d75479678c5245fbaa4ea9919ec","14":"2e525c53c28c114fe0aeaafcbe01e2be"},"home_team":{"0":"Chicago Cubs","1":"Cincinnati Reds","2":"Philadelphia Phillies","3":"New York Yankees","4":"Toronto Blue Jays","5":"Boston Red Sox","6":"Miami Marlins","7":"Atlanta Braves","8":"Baltimore Orioles","9":"Kansas City Royals","10":"Milwaukee Brewers","11":"Los Angeles Angels","12":"Arizona Diamondbacks","13":"San Diego Padres","14":"San Francisco Giants"},"away_team":{"0":"Houston Astros","1":"St. Louis Cardinals","2":"Cleveland Guardians","3":"Tampa Bay Rays","4":"Pittsburgh Pirates","5":"Minnesota Twins","6":"New York Mets","7":"Washington Nationals","8":"Detroit Tigers","9":"Seattle Mariners","10":"Los Angeles Dodgers","11":"Texas Rangers","12":"Colorado Rockies","13":"Athletics","14":"Chicago White Sox"},"home_spread":{"0":-1.5,"1":-1.5,"2":-1.5,"3":-1.5,"4":-1.5,"5":-1.5,"6":1.5,"7":-1.5,"8":-1.5,"9":1.5,"10":1.5,"11":1.5,"12":-1.5,"13":-1.5,"14":1.5},"away_spread":{"0":1.5,"1":-1.5,"2":1.5,"3":1.5,"4":1.5,"5":1.5,"6":-1.5,"7":1.5,"8":1.5,"9":-1.5,"10":-1.5,"11":-1.5,"12":1.5,"13":1.5,"14":-1.5},"best_home_odds":{"0":160,"1":170,"2":130,"3":145,"4":136,"5":150,"6":-164,"7":-105,"8":155,"9":-150,"10":-175,"11":-120,"12":112,"13":162,"14":-185},"best_away_odds":{"0":-178,"1":155,"2":-140,"3":-160,"4":-150,"5":-165,"6":145,"7":-110,"8":-170,"9":130,"10":152,"11":108,"12":-125,"13":-185,"14":168},"home_cover_nv_prob":{"0":0.3752699784,"1":0.4857142857,"2":0.4270462633,"3":0.3987730061,"4":0.4139072848,"5":0.3911439114,"6":0.6034845299,"7":0.4943946188,"8":0.3837953092,"9":0.5798319328,"10":0.6159217877,"11":0.531516184,"12":0.4591836735,"13":0.3702741328,"14":0.6349897541},"away_cover_nv_prob":{"0":0.6247300216,"1":0.5142857143,"2":0.5729537367,"3":0.6012269939,"4":0.5860927152,"5":0.6088560886,"6":0.3965154701,"7":0.5056053812,"8":0.6162046908,"9":0.4201680672,"10":0.3840782123,"11":0.468483816,"12":0.5408163265,"13":0.6297258672,"14":0.3650102459},"books_home":{"0":{"fanduel":{"odds":158,"spread":-1.5},"draftkings":{"odds":152,"spread":-1.5},"williamhill_us":{"odds":150,"spread":-1.5},"betmgm":{"odds":155,"spread":-1.5},"bovada":{"odds":160,"spread":-1.5}},"1":{"fanduel":{"odds":-188,"spread":1.5},"draftkings":{"odds":-181,"spread":1.5},"williamhill_us":{"odds":162,"spread":-1.5},"betmgm":{"odds":-190,"spread":1.5},"bovada":{"odds":170,"spread":-1.5}},"2":{"fanduel":{"odds":116,"spread":-1.5},"draftkings":{"odds":124,"spread":-1.5},"williamhill_us":{"odds":130,"spread":-1.5},"betmgm":{"odds":125,"spread":-1.5},"bovada":{"odds":130,"spread":-1.5}},"3":{"fanduel":{"odds":134,"spread":-1.5},"draftkings":{"odds":138,"spread":-1.5},"williamhill_us":{"odds":140,"spread":-1.5},"betmgm":{"odds":135,"spread":-1.5},"bovada":{"odds":145,"spread":-1.5}},"4":{"fanduel":{"odds":136,"spread":-1.5},"williamhill_us":{"odds":130,"spread":-1.5},"draftkings":{"odds":130,"spread":-1.5},"bovada":{"odds":130,"spread":-1.5},"betmgm":{"odds":125,"spread":-1.5}},"5":{"fanduel":{"odds":150,"spread":-1.5},"draftkings":{"odds":139,"spread":-1.5},"williamhill_us":{"odds":140,"spread":-1.5},"bovada":{"odds":140,"spread":-1.5}},"6":{"fanduel":{"odds":-164,"spread":1.5},"draftkings":{"odds":-172,"spread":1.5},"williamhill_us":{"odds":-170,"spread":1.5},"betmgm":{"odds":-180,"spread":1.5},"bovada":{"odds":-165,"spread":1.5}},"7":{"draftkings":{"odds":-109,"spread":-1.5},"williamhill_us":{"odds":-110,"spread":-1.5},"betmgm":{"odds":-110,"spread":-1.5},"bovada":{"odds":-105,"spread":-1.5},"fanduel":{"odds":-110,"spread":-1.5}},"8":{"fanduel":{"odds":155,"spread":-1.5},"draftkings":{"odds":149,"spread":-1.5},"williamhill_us":{"odds":143,"spread":-1.5},"betmgm":{"odds":145,"spread":-1.5},"bovada":{"odds":155,"spread":-1.5}},"9":{"fanduel":{"odds":-156,"spread":1.5},"draftkings":{"odds":-155,"spread":1.5},"williamhill_us":{"odds":-155,"spread":1.5},"betmgm":{"odds":-155,"spread":1.5},"bovada":{"odds":-150,"spread":1.5}},"10":{"fanduel":{"odds":-184,"spread":1.5},"draftkings":{"odds":-180,"spread":1.5},"williamhill_us":{"odds":-178,"spread":1.5},"betmgm":{"odds":-185,"spread":1.5},"bovada":{"odds":-175,"spread":1.5}},"11":{"fanduel":{"odds":-130,"spread":1.5},"williamhill_us":{"odds":-125,"spread":1.5},"betmgm":{"odds":-120,"spread":1.5},"bovada":{"odds":-120,"spread":1.5},"draftkings":{"odds":-123,"spread":1.5}},"12":{"fanduel":{"odds":112,"spread":-1.5},"draftkings":{"odds":105,"spread":-1.5},"williamhill_us":{"odds":105,"spread":-1.5},"betmgm":{"odds":105,"spread":-1.5},"bovada":{"odds":105,"spread":-1.5}},"13":{"fanduel":{"odds":162,"spread":-1.5},"betmgm":{"odds":155,"spread":-1.5},"williamhill_us":{"odds":158,"spread":-1.5},"bovada":{"odds":160,"spread":-1.5},"draftkings":{"odds":157,"spread":-1.5}},"14":{"fanduel":{"odds":-205,"spread":1.5},"draftkings":{"odds":-186,"spread":1.5},"betmgm":{"odds":-190,"spread":1.5},"bovada":{"odds":-185,"spread":1.5},"williamhill_us":{"odds":-190,"spread":1.5}}},"books_away":{"0":{"fanduel":{"odds":-192,"spread":1.5},"draftkings":{"odds":-185,"spread":1.5},"williamhill_us":{"odds":-178,"spread":1.5},"betmgm":{"odds":-190,"spread":1.5},"bovada":{"odds":-185,"spread":1.5}},"1":{"fanduel":{"odds":155,"spread":-1.5},"draftkings":{"odds":149,"spread":-1.5},"williamhill_us":{"odds":-195,"spread":1.5},"betmgm":{"odds":154,"spread":-1.5},"bovada":{"odds":-200,"spread":1.5}},"2":{"fanduel":{"odds":-140,"spread":1.5},"draftkings":{"odds":-150,"spread":1.5},"williamhill_us":{"odds":-155,"spread":1.5},"betmgm":{"odds":-155,"spread":1.5},"bovada":{"odds":-150,"spread":1.5}},"3":{"fanduel":{"odds":-162,"spread":1.5},"draftkings":{"odds":-167,"spread":1.5},"williamhill_us":{"odds":-165,"spread":1.5},"betmgm":{"odds":-160,"spread":1.5},"bovada":{"odds":-170,"spread":1.5}},"4":{"fanduel":{"odds":-164,"spread":1.5},"williamhill_us":{"odds":-155,"spread":1.5},"draftkings":{"odds":-157,"spread":1.5},"bovada":{"odds":-150,"spread":1.5},"betmgm":{"odds":-155,"spread":1.5}},"5":{"fanduel":{"odds":-182,"spread":1.5},"draftkings":{"odds":-169,"spread":1.5},"williamhill_us":{"odds":-165,"spread":1.5},"bovada":{"odds":-165,"spread":1.5}},"6":{"fanduel":{"odds":136,"spread":-1.5},"draftkings":{"odds":142,"spread":-1.5},"williamhill_us":{"odds":143,"spread":-1.5},"betmgm":{"odds":145,"spread":-1.5},"bovada":{"odds":140,"spread":-1.5}},"7":{"draftkings":{"odds":-110,"spread":1.5},"williamhill_us":{"odds":-110,"spread":1.5},"betmgm":{"odds":-110,"spread":1.5},"bovada":{"odds":-115,"spread":1.5},"fanduel":{"odds":-110,"spread":1.5}},"8":{"fanduel":{"odds":-188,"spread":1.5},"draftkings":{"odds":-181,"spread":1.5},"williamhill_us":{"odds":-170,"spread":1.5},"betmgm":{"odds":-175,"spread":1.5},"bovada":{"odds":-180,"spread":1.5}},"9":{"fanduel":{"odds":130,"spread":-1.5},"draftkings":{"odds":128,"spread":-1.5},"williamhill_us":{"odds":130,"spread":-1.5},"betmgm":{"odds":125,"spread":-1.5},"bovada":{"odds":130,"spread":-1.5}},"10":{"fanduel":{"odds":152,"spread":-1.5},"draftkings":{"odds":148,"spread":-1.5},"williamhill_us":{"odds":150,"spread":-1.5},"betmgm":{"odds":150,"spread":-1.5},"bovada":{"odds":150,"spread":-1.5}},"11":{"fanduel":{"odds":108,"spread":-1.5},"williamhill_us":{"odds":105,"spread":-1.5},"betmgm":{"odds":100,"spread":-1.5},"bovada":{"odds":100,"spread":-1.5},"draftkings":{"odds":102,"spread":-1.5}},"12":{"fanduel":{"odds":-134,"spread":1.5},"draftkings":{"odds":-126,"spread":1.5},"williamhill_us":{"odds":-125,"spread":1.5},"betmgm":{"odds":-125,