{"game_id":{"0":"2f41717fcce350329e8ac46662be3d88","1":"42a6a833eaecf112c826202eb1d596f9","2":"73c2cde50707b32c9767a0a8fbb2e7d2","3":"6dd9cd4491079d3cedf1f7d3ff85b358","4":"9bfd5fd962a5ede4a98e0c595c9db46f","5":"3751eb6375883244bf07ebaa76d74e35","6":"4d2a59061aec314f7265432aacbe8df1","7":"d58ee5722b0d27c98714b46a090df16f","8":"e254b4d802742c85bc156989d1b71346","9":"f39e9272c26acb799cf16afa62e26316","10":"24f0fb743655b2176ff9d2f1d17bc2d0","11":"1a0f51cf52137e602d477a383aededcd","12":"ab56a10bb0c4a672e1d846d67e7f703e","13":"bdfc7e1e5ee8e2389bbdfb8f9521a582","14":"1a85cdf5d7c53f361d8dd4b822af8f09"},"home_team":{"0":"Miami Marlins","1":"Baltimore Orioles","2":"Boston Red Sox","3":"Philadelphia Phillies","4":"Toronto Blue Jays","5":"Cincinnati Reds","6":"Cleveland Guardians","7":"Chicago White Sox","8":"Milwaukee Brewers","9":"Texas Rangers","10":"San Francisco Giants","11":"Arizona Diamondbacks","12":"Los Angeles Dodgers","13":"San Diego Padres","14":"Kansas City Royals"},"away_team":{"0":"Washington Nationals","1":"Athletics","2":"Tampa Bay Rays","3":"Colorado Rockies","4":"Los Angeles Angels","5":"Houston Astros","6":"Minnesota Twins","7":"Seattle Mariners","8":"New York Yankees","9":"Chicago Cubs","10":"Pittsburgh Pirates","11":"New York Mets","12":"Atlanta Braves","13":"St. Louis Cardinals","14":"Detroit Tigers"},"home_spread":{"0":-1.5,"1":1.5,"2":-1.5,"3":-1.5,"4":-1.5,"5":-1.5,"6":-1.5,"7":1.5,"8":1.5,"9":-1.5,"10":-1.5,"11":-1.5,"12":-1.5,"13":-1.5,"14":-1.5},"away_spread":{"0":1.5,"1":-1.5,"2":1.5,"3":1.5,"4":-1.5,"5":-1.5,"6":1.5,"7":-1.5,"8":-1.5,"9":1.5,"10":-1.5,"11":-1.5,"12":1.5,"13":1.5,"14":1.5},"best_home_odds":{"0":162,"1":-158,"2":160,"3":-134,"4":195,"5":165,"6":146,"7":-150,"8":-160,"9":165,"10":175,"11":180,"12":162,"13":160,"14":165},"best_away_odds":{"0":-178,"1":146,"2":-184,"3":120,"4":150,"5":160,"6":-165,"7":130,"8":139,"9":-190,"10":165,"11":158,"12":-181,"13":-184,"14":-190},"home_cover_nv_prob":{"0":0.3734752002,"1":0.6010391538,"2":0.3725078699,"3":0.5574886536,"4":0.4587155963,"5":0.4952380952,"6":0.3949918021,"7":0.5798319328,"8":0.595267746,"9":0.3654694392,"10":0.4907407407,"11":0.4795539033,"12":0.3720770107,"13":0.3725078699,"14":0.3654694392},"away_cover_nv_prob":{"0":0.6265247998,"1":0.3989608462,"2":0.6274921301,"3":0.4425113464,"4":0.5412844037,"5":0.5047619048,"6":0.6050081979,"7":0.4201680672,"8":0.404732254,"9":0.6345305608,"10":0.5092592593,"11":0.5204460967,"12":0.6279229893,"13":0.6274921301,"14":0.6345305608},"books_home":{"0":{"fanduel":{"odds":162,"spread":-1.5},"williamhill_us":{"odds":150,"spread":-1.5},"draftkings":{"odds":149,"spread":-1.5},"betmgm":{"odds":150,"spread":-1.5},"bovada":{"odds":160,"spread":-1.5}},"1":{"fanduel":{"odds":-178,"spread":1.5},"williamhill_us":{"odds":-165,"spread":1.5},"draftkings":{"odds":-158,"spread":1.5},"betmgm":{"odds":-170,"spread":1.5},"bovada":{"odds":-165,"spread":1.5}},"2":{"fanduel":{"odds":152,"spread":-1.5},"betmgm":{"odds":150,"spread":-1.5},"williamhill_us":{"odds":158,"spread":-1.5},"draftkings":{"odds":159,"spread":-1.5},"bovada":{"odds":160,"spread":-1.5}},"3":{"fanduel":{"odds":-134,"spread":-1.5},"williamhill_us":{"odds":-140,"spread":-1.5},"draftkings":{"odds":-136,"spread":-1.5},"betmgm":{"odds":-140,"spread":-1.5},"bovada":{"odds":-140,"spread":-1.5}},"4":{"fanduel":{"odds":-182,"spread":1.5},"williamhill_us":{"odds":-178,"spread":1.5},"draftkings":{"odds":-181,"spread":1.5},"betmgm":{"odds":-170,"spread":1.5},"bovada":{"odds":195,"spread":-1.5}},"5":{"draftkings":{"odds":-195,"spread":1.5},"williamhill_us":{"odds":158,"spread":-1.5},"betmgm":{"odds":155,"spread":-1.5},"fanduel":{"odds":150,"spread":-1.5},"bovada":{"odds":165,"spread":-1.5}},"6":{"fanduel":{"odds":146,"spread":-1.5},"draftkings":{"odds":139,"spread":-1.5},"williamhill_us":{"odds":140,"spread":-1.5},"bovada":{"odds":140,"spread":-1.5}},"7":{"fanduel":{"odds":-152,"spread":1.5},"williamhill_us":{"odds":-155,"spread":1.5},"draftkings":{"odds":-156,"spread":1.5},"betmgm":{"odds":-155,"spread":1.5},"bovada":{"odds":-150,"spread":1.5}},"8":{"fanduel":{"odds":-164,"spread":1.5},"williamhill_us":{"odds":-160,"spread":1.5},"draftkings":{"odds":-168,"spread":1.5},"betmgm":{"odds":-160,"spread":1.5},"bovada":{"odds":-160,"spread":1.5}},"9":{"fanduel":{"odds":160,"spread":-1.5},"williamhill_us":{"odds":158,"spread":-1.5},"draftkings":{"odds":159,"spread":-1.5},"betmgm":{"odds":155,"spread":-1.5},"bovada":{"odds":165,"spread":-1.5}},"10":{"fanduel":{"odds":-192,"spread":1.5},"williamhill_us":{"odds":-190,"spread":1.5},"draftkings":{"odds":-186,"spread":1.5},"betmgm":{"odds":-200,"spread":1.5},"bovada":{"odds":175,"spread":-1.5}},"11":{"fanduel":{"odds":-192,"spread":1.5},"williamhill_us":{"odds":180,"spread":-1.5},"betmgm":{"odds":-190,"spread":1.5},"draftkings":{"odds":-177,"spread":1.5},"bovada":{"odds":180,"spread":-1.5}},"12":{"fanduel":{"odds":162,"spread":-1.5},"williamhill_us":{"odds":158,"spread":-1.5},"draftkings":{"odds":149,"spread":-1.5},"bovada":{"odds":160,"spread":-1.5}},"13":{"fanduel":{"odds":152,"spread":-1.5},"williamhill_us":{"odds":158,"spread":-1.5},"draftkings":{"odds":153,"spread":-1.5},"betmgm":{"odds":155,"spread":-1.5},"bovada":{"odds":160,"spread":-1.5}},"14":{"fanduel":{"odds":158,"spread":-1.5},"betmgm":{"odds":155,"spread":-1.5},"williamhill_us":{"odds":158,"spread":-1.5},"draftkings":{"odds":159,"spread":-1.5},"bovada":{"odds":165,"spread":-1.5}}},"books_away":{"0":{"fanduel":{"odds":-194,"spread":1.5},"williamhill_us":{"odds":-178,"spread":1.5},"draftkings":{"odds":-181,"spread":1.5},"betmgm":{"odds":-185,"spread":1.5},"bovada":{"odds":-185,"spread":1.5}},"1":{"fanduel":{"odds":146,"spread":-1.5},"williamhill_us":{"odds":140,"spread":-1.5},"draftkings":{"odds":131,"spread":-1.5},"betmgm":{"odds":140,"spread":-1.5},"bovada":{"odds":140,"spread":-1.5}},"2":{"fanduel":{"odds":-184,"spread":1.5},"betmgm":{"odds":-185,"spread":1.5},"williamhill_us":{"odds":-190,"spread":1.5},"draftkings":{"odds":-194,"spread":1.5},"bovada":{"odds":-185,"spread":1.5}},"3":{"fanduel":{"odds":112,"spread":1.5},"williamhill_us":{"odds":118,"spread":1.5},"draftkings":{"odds":113,"spread":1.5},"betmgm":{"odds":115,"spread":1.5},"bovada":{"odds":120,"spread":1.5}},"4":{"fanduel":{"odds":150,"spread":-1.5},"williamhill_us":{"odds":150,"spread":-1.5},"draftkings":{"odds":149,"spread":-1.5},"betmgm":{"odds":140,"spread":-1.5},"bovada":{"odds":-235,"spread":1.5}},"5":{"draftkings":{"odds":160,"spread":-1.5},"williamhill_us":{"odds":-190,"spread":1.5},"betmgm":{"odds":-190,"spread":1.5},"fanduel":{"odds":-182,"spread":1.5},"bovada":{"odds":-195,"spread":1.5}},"6":{"fanduel":{"odds":-176,"spread":1.5},"draftkings":{"odds":-168,"spread":1.5},"williamhill_us":{"odds":-165,"spread":1.5},"bovada":{"odds":-165,"spread":1.5}},"7":{"fanduel":{"odds":126,"spread":-1.5},"williamhill_us":{"odds":130,"spread":-1.5},"draftkings":{"odds":129,"spread":-1.5},"betmgm":{"odds":125,"spread":-1.5},"bovada":{"odds":130,"spread":-1.5}},"8":{"fanduel":{"odds":136,"spread":-1.5},"williamhill_us":{"odds":135,"spread":-1.5},"draftkings":{"odds":139,"spread":-1.5},"betmgm":{"odds":135,"spread":-1.5},"bovada":{"odds":135,"spread":-1.5}},"9":{"fanduel":{"odds":-194,"spread":1.5},"williamhill_us":{"odds":-190,"spread":1.5},"draftkings":{"odds":-194,"spread":1.5},"betmgm":{"odds":-190,"spread":1.5},"bovada":{"odds":-195,"spread":1.5}},"10":{"fanduel":{"odds":158,"spread":-1.5},"williamhill_us":{"odds":158,"spread":-1.5},"draftkings":{"odds":153,"spread":-1.5},"betmgm":{"odds":165,"spread":-1.5},"bovada":{"odds":-210,"spread":1.5}},"11":{"fanduel":{"odds":158,"spread":-1.5},"williamhill_us":{"odds":-220,"spread":1.5},"betmgm":{"odds":154,"spread":-1.5},"draftkings":{"odds":146,"spread":-1.5},"bovada":{"odds":-220,"spread":1.5}},"12":{"fanduel":{"odds":-196,"spread":1.5},"williamhill_us":{"odds":-190,"spread":1.5},"draftkings":{"odds":-181,"spread":1.5},"bovada":{"odds":-185,"spread":1.5}},"13":{"fanduel":{"odds":-184,