{"game_id":{"0":"895dfbfbbb57ff9ecc3cb430a9c69076","1":"f308816130f3007f771929f15d62862c","2":"250b0373676b10f51ed1c59c93714245","3":"b11bed54d0340b0a1865d2f8d41bb050","4":"55c7996867831d050e3a904c541089d8","5":"e1b31472ec00cc3475d077ee22298ef8","6":"781ce9e5ac0cd1e3339085c1fb7d7b39","7":"76ab48541c0690199e815574c469d162","8":"c710eb874e3d11ac6f032fbc186f2e5f","9":"583d3f0f064fd76fdea2bc583f0eb548","10":"2461d70fb5485aced0029aaea219afeb","11":"2ac65fed3f431f0601c2e788aee18cab","12":"cc0b13e921789925a1c0502553d4ec9b","13":"ca5e8cb9be664ff91b121c15379d7ce9","14":"976819aa47554213e70bc968d9356fc4"},"home_team":{"0":"Detroit Tigers","1":"Pittsburgh Pirates","2":"Washington Nationals","3":"Baltimore Orioles","4":"Cincinnati Reds","5":"Miami Marlins","6":"Tampa Bay Rays","7":"New York Mets","8":"Chicago White Sox","9":"Texas Rangers","10":"Minnesota Twins","11":"St. Louis Cardinals","12":"San Diego Padres","13":"Los Angeles Dodgers","14":"San Francisco Giants"},"away_team":{"0":"Philadelphia Phillies","1":"Milwaukee Brewers","2":"New York Yankees","3":"Kansas City Royals","4":"Chicago Cubs","5":"Cleveland Guardians","6":"Seattle Mariners","7":"Boston Red Sox","8":"Athletics","9":"Houston Astros","10":"Los Angeles Angels","11":"Atlanta Braves","12":"Toronto Blue Jays","13":"Arizona Diamondbacks","14":"Colorado Rockies"},"home_spread":{"0":-1.5,"1":-1.5,"2":1.5,"3":-1.5,"4":1.5,"5":-1.5,"6":-1.5,"7":-1.5,"8":-1.5,"9":1.5,"10":-1.5,"11":1.5,"12":-1.5,"13":-1.5,"14":-1.5},"away_spread":{"0":-1.5,"1":1.5,"2":-1.5,"3":1.5,"4":-1.5,"5":-1.5,"6":-1.5,"7":1.5,"8":1.5,"9":-1.5,"10":1.5,"11":-1.5,"12":-1.5,"13":1.5,"14":1.5},"best_home_odds":{"0":165,"1":168,"2":-115,"3":134,"4":-165,"5":185,"6":180,"7":168,"8":125,"9":-140,"10":158,"11":-125,"12":175,"13":-114,"14":140},"best_away_odds":{"0":168,"1":-190,"2":104,"3":-150,"4":145,"5":171,"6":167,"7":-190,"8":-140,"9":125,"10":-180,"11":106,"12":165,"13":100,"14":-150},"home_cover_nv_prob":{"0":0.5028142589,"1":0.3628628629,"2":0.521797153,"3":0.4159733777,"4":0.6040343668,"5":0.4874100719,"6":0.4881170018,"7":0.3628628629,"8":0.4324324324,"9":0.5675675676,"10":0.3761418592,"11":0.5336787565,"12":0.4907407407,"13":0.5158371041,"14":0.4098360656},"away_cover_nv_prob":{"0":0.4971857411,"1":0.6371371371,"2":0.478202847,"3":0.5840266223,"4":0.3959656332,"5":0.5125899281,"6":0.5118829982,"7":0.6371371371,"8":0.5675675676,"9":0.4324324324,"10":0.6238581408,"11":0.4663212435,"12":0.5092592593,"13":0.4841628959,"14":0.5901639344},"books_home":{"0":{"fanduel":{"odds":-205,"spread":1.5},"williamhill_us":{"odds":158,"spread":-1.5},"draftkings":{"odds":159,"spread":-1.5},"betmgm":{"odds":155,"spread":-1.5},"bovada":{"odds":165,"spread":-1.5}},"1":{"fanduel":{"odds":168,"spread":-1.5},"williamhill_us":{"odds":158,"spread":-1.5},"draftkings":{"odds":158,"spread":-1.5},"betmgm":{"odds":155,"spread":-1.5},"bovada":{"odds":165,"spread":-1.5}},"2":{"fanduel":{"odds":-125,"spread":1.5},"williamhill_us":{"odds":-115,"spread":1.5},"draftkings":{"odds":-117,"spread":1.5},"betmgm":{"odds":-115,"spread":1.5},"bovada":{"odds":-115,"spread":1.5}},"3":{"fanduel":{"odds":134,"spread":-1.5},"draftkings":{"odds":130,"spread":-1.5},"williamhill_us":{"odds":130,"spread":-1.5},"betmgm":{"odds":125,"spread":-1.5},"bovada":{"odds":130,"spread":-1.5}},"4":{"fanduel":{"odds":-170,"spread":1.5},"draftkings":{"odds":-174,"spread":1.5},"williamhill_us":{"odds":-170,"spread":1.5},"betmgm":{"odds":-175,"spread":1.5},"bovada":{"odds":-165,"spread":1.5}},"5":{"fanduel":{"odds":-205,"spread":1.5},"williamhill_us":{"odds":180,"spread":-1.5},"draftkings":{"odds":-210,"spread":1.5},"betmgm":{"odds":165,"spread":-1.5},"bovada":{"odds":185,"spread":-1.5}},"6":{"fanduel":{"odds":-196,"spread":1.5},"draftkings":{"odds":-204,"spread":1.5},"williamhill_us":{"odds":180,"spread":-1.5},"betmgm":{"odds":-200,"spread":1.5},"bovada":{"odds":175,"spread":-1.5}},"7":{"fanduel":{"odds":168,"spread":-1.5},"williamhill_us":{"odds":158,"spread":-1.5},"draftkings":{"odds":157,"spread":-1.5},"betmgm":{"odds":155,"spread":-1.5},"bovada":{"odds":165,"spread":-1.5}},"8":{"fanduel":{"odds":118,"spread":-1.5},"draftkings":{"odds":119,"spread":-1.5},"williamhill_us":{"odds":118,"spread":-1.5},"betmgm":{"odds":115,"spread":-1.5},"bovada":{"odds":125,"spread":-1.5}},"9":{"fanduel":{"odds":-146,"spread":1.5},"draftkings":{"odds":-144,"spread":1.5},"williamhill_us":{"odds":-140,"spread":1.5},"betmgm":{"odds":-145,"spread":1.5},"bovada":{"odds":-145,"spread":1.5}},"10":{"fanduel":{"odds":158,"spread":-1.5},"williamhill_us":{"odds":158,"spread":-1.5},"draftkings":{"odds":153,"spread":-1.5},"betmgm":{"odds":155,"spread":-1.5},"bovada":{"odds":155,"spread":-1.5}},"11":{"fanduel":{"odds":-128,"spread":1.5},"draftkings":{"odds":-125,"spread":1.5},"williamhill_us":{"odds":-125,"spread":1.5},"betmgm":{"odds":-125,"spread":1.5},"bovada":{"odds":-125,"spread":1.5}},"12":{"fanduel":{"odds":-194,"spread":1.5},"williamhill_us":{"odds":175,"spread":-1.5},"betmgm":{"odds":-200,"spread":1.5},"draftkings":{"odds":-195,"spread":1.5},"bovada":{"odds":175,"spread":-1.5}},"13":{"fanduel":{"odds":-114,"spread":-1.5},"williamhill_us":{"odds":-120,"spread":-1.5},"draftkings":{"odds":-120,"spread":-1.5},"betmgm":{"odds":-120,"spread":-1.5},"bovada":{"odds":-115,"spread":-1.5}},"14":{"fanduel":{"odds":130,"spread":-1.5},"williamhill_us":{"odds":135,"spread":-1.5},"draftkings":{"odds":130,"spread":-1.5},"betmgm":{"odds":140,"spread":-1.5},"bovada":{"odds":130,"spread":-1.5}}},"books_away":{"0":{"fanduel":{"odds":168,"spread":-1.5},"williamhill_us":{"odds":-190,"spread":1.5},"draftkings":{"odds":-194,"spread":1.5},"betmgm":{"odds":-190,"spread":1.5},"bovada":{"odds":-195,"spread":1.5}},"1":{"fanduel":{"odds":-205,"spread":1.5},"williamhill_us":{"odds":-190,"spread":1.5},"draftkings":{"odds":-193,"spread":1.5},"betmgm":{"odds":-190,"spread":1.5},"bovada":{"odds":-195,"spread":1.5}},"2":{"fanduel":{"odds":104,"spread":-1.5},"williamhill_us":{"odds":-105,"spread":-1.5},"draftkings":{"odds":-103,"spread":-1.5},"betmgm":{"odds":-105,"spread":-1.5},"bovada":{"odds":-105,"spread":-1.5}},"3":{"fanduel":{"odds":-162,"spread":1.5},"draftkings":{"odds":-157,"spread":1.5},"williamhill_us":{"odds":-155,"spread":1.5},"betmgm":{"odds":-155,"spread":1.5},"bovada":{"odds":-150,"spread":1.5}},"4":{"fanduel":{"odds":140,"spread":-1.5},"draftkings":{"odds":143,"spread":-1.5},"williamhill_us":{"odds":143,"spread":-1.5},"betmgm":{"odds":145,"spread":-1.5},"bovada":{"odds":140,"spread":-1.5}},"5":{"fanduel":{"odds":168,"spread":-1.5},"williamhill_us":{"odds":-220,"spread":1.5},"draftkings":{"odds":171,"spread":-1.5},"betmgm":{"odds":-220,"spread":1.5},"bovada":{"odds":-225,"spread":1.5}},"6":{"fanduel":{"odds":162,"spread":-1.5},"draftkings":{"odds":167,"spread":-1.5},"williamhill_us":{"odds":-220,"spread":1.5},"betmgm":{"odds":165,"spread":-1.5},"bovada":{"odds":-210,"spread":1.5}},"7":{"fanduel":{"odds":-205,"spread":1.5},"williamhill_us":{"odds":-190,"spread":1.5},"draftkings":{"odds":-192,"spread":1.5},"betmgm":{"odds":-190,"spread":1.5},"bovada":{"odds":-195,"spread":1.5}},"8":{"fanduel":{"odds":-142,"spread":1.5},"draftkings":{"odds":-144,"spread":1.5},"williamhill_us":{"odds":-140,"spread":1.5},"betmgm":{"odds":-140,"spread":1.5},"bovada":{"odds":-145,"spread":1.5}},"9":{"fanduel":{"odds":122,"spread":-1.5},"draftkings":{"odds":119,"spread":-1.5},"williamhill_us":{"odds":118,"spread":-1.5},"betmgm":{"odds":120,"spread":-1.5},"bovada":{"odds":125,"spread":-1.5}},"10":{"fanduel":{"odds":-192,"spread":1.5},"williamhill_us":{"odds":-190,"spread":1.5},"draftkings":{"odds":-186,"spread":1.5},"betmgm":{"odds":-190,"spread":1.5},"bovada":{"odds":-180,"spread":1.5}},"11":{"fanduel":{"odds":106,"spread":-1.5},"draftkings":{"odds":104,"spread":-1.5},"williamhill_us":{"odds":105,"spread":-1.5},"betmgm":{"odds":105,"spread":-1.5},"bovada":{"odds":105,"spread":-1.5}},"12":{"fanduel":{"odds":160,"spread":-1.5},"williamhill_us":{"odds":-210,