{"game_id":{"0":"40150285b21b0e818a39c0940eca75d7","1":"0f65cc2fecae3661933682f1525e806d","2":"76929aa734500b152f347bbddf390165","3":"92c3e303601373eee3d37fbb858409af","4":"739421696ed76f3cffaf12c7db22c763","5":"ad17b69505e6a7e7c4c06dc7f6b91ac6","6":"d0f880a5482c5178286681a63048600f","7":"79db8c5227deae699a7b9c123aaf6d3f","8":"6aa50c59681975bb7beff37ab4f46bb5","9":"3d859a4947ba1d62e82366cdebc59d78","10":"d03f5e26dab4993281752b81c816fe4b","11":"bb96582815dabc42936e794a19c74217","12":"24892453777c4e3f95360ff530e09902","13":"9faf187505c47b0f5009cb7d7da5200c","14":"41bf6d60c7067923fe9afa91c708aaa6"},"home_team":{"0":"Cincinnati Reds","1":"Philadelphia Phillies","2":"Baltimore Orioles","3":"Toronto Blue Jays","4":"Boston Red Sox","5":"Miami Marlins","6":"Cleveland Guardians","7":"Chicago White Sox","8":"Kansas City Royals","9":"Milwaukee Brewers","10":"Texas Rangers","11":"Arizona Diamondbacks","12":"San Diego Padres","13":"Los Angeles Dodgers","14":"San Francisco Giants"},"away_team":{"0":"Houston Astros","1":"Colorado Rockies","2":"Athletics","3":"Los Angeles Angels","4":"Tampa Bay Rays","5":"Washington Nationals","6":"Minnesota Twins","7":"Seattle Mariners","8":"Detroit Tigers","9":"New York Yankees","10":"Chicago Cubs","11":"New York Mets","12":"St. Louis Cardinals","13":"Atlanta Braves","14":"Pittsburgh Pirates"},"home_spread":{"0":-1.5,"1":-1.5,"2":-1.5,"3":-1.5,"4":-1.5,"5":-1.5,"6":-1.5,"7":1.5,"8":-1.5,"9":1.5,"10":1.5,"11":1.5,"12":-1.5,"13":-1.5,"14":1.5},"away_spread":{"0":1.5,"1":1.5,"2":1.5,"3":1.5,"4":1.5,"5":-1.5,"6":1.5,"7":-1.5,"8":1.5,"9":-1.5,"10":-1.5,"11":-1.5,"12":1.5,"13":-1.5,"14":-1.5},"best_home_odds":{"0":150,"1":108,"2":145,"3":135,"4":152,"5":168,"6":155,"7":-145,"8":150,"9":-150,"10":-140,"11":-145,"12":141,"13":170,"14":-188},"best_away_odds":{"0":-165,"1":-125,"2":-170,"3":-155,"4":-170,"5":165,"6":-170,"7":126,"8":-170,"9":130,"10":122,"11":125,"12":-165,"13":165,"14":168},"home_cover_nv_prob":{"0":0.3911439114,"1":0.4639175258,"2":0.3932993445,"3":0.4117884538,"4":0.3865979381,"5":0.4971857411,"6":0.3837953092,"7":0.5722018509,"8":0.3884892086,"9":0.5798319328,"10":0.5642701525,"11":0.5711159737,"12":0.3999094545,"13":0.4953271028,"14":0.6362901596},"away_cover_nv_prob":{"0":0.6088560886,"1":0.5360824742,"2":0.6067006555,"3":0.5882115462,"4":0.6134020619,"5":0.5028142589,"6":0.6162046908,"7":0.4277981491,"8":0.6115107914,"9":0.4201680672,"10":0.4357298475,"11":0.4288840263,"12":0.6000905455,"13":0.5046728972,"14":0.3637098404},"books_home":{"0":{"fanduel":{"odds":146,"spread":-1.5},"williamhill_us":{"odds":143,"spread":-1.5},"draftkings":{"odds":141,"spread":-1.5},"betmgm":{"odds":135,"spread":-1.5},"bovada":{"odds":150,"spread":-1.5}},"1":{"fanduel":{"odds":108,"spread":-1.5},"williamhill_us":{"odds":105,"spread":-1.5},"draftkings":{"odds":104,"spread":-1.5},"betmgm":{"odds":105,"spread":-1.5},"bovada":{"odds":105,"spread":-1.5}},"2":{"fanduel":{"odds":140,"spread":-1.5},"williamhill_us":{"odds":143,"spread":-1.5},"betmgm":{"odds":145,"spread":-1.5},"draftkings":{"odds":141,"spread":-1.5},"bovada":{"odds":145,"spread":-1.5}},"3":{"fanduel":{"odds":134,"spread":-1.5},"williamhill_us":{"odds":130,"spread":-1.5},"draftkings":{"odds":129,"spread":-1.5},"betmgm":{"odds":125,"spread":-1.5},"bovada":{"odds":135,"spread":-1.5}},"4":{"fanduel":{"odds":152,"spread":-1.5},"draftkings":{"odds":144,"spread":-1.5},"williamhill_us":{"odds":143,"spread":-1.5},"betmgm":{"odds":150,"spread":-1.5},"bovada":{"odds":150,"spread":-1.5}},"5":{"fanduel":{"odds":168,"spread":-1.5},"williamhill_us":{"odds":162,"spread":-1.5},"draftkings":{"odds":-195,"spread":1.5},"betmgm":{"odds":-220,"spread":1.5},"bovada":{"odds":165,"spread":-1.5}},"6":{"fanduel":{"odds":155,"spread":-1.5},"williamhill_us":{"odds":143,"spread":-1.5},"draftkings":{"odds":144,"spread":-1.5},"bovada":{"odds":150,"spread":-1.5}},"7":{"fanduel":{"odds":-152,"spread":1.5},"williamhill_us":{"odds":-145,"spread":1.5},"draftkings":{"odds":-149,"spread":1.5},"betmgm":{"odds":-145,"spread":1.5},"bovada":{"odds":-145,"spread":1.5}},"8":{"fanduel":{"odds":146,"spread":-1.5},"williamhill_us":{"odds":143,"spread":-1.5},"draftkings":{"odds":144,"spread":-1.5},"betmgm":{"odds":145,"spread":-1.5},"bovada":{"odds":150,"spread":-1.5}},"9":{"fanduel":{"odds":-154,"spread":1.5},"williamhill_us":{"odds":-155,"spread":1.5},"draftkings":{"odds":-156,"spread":1.5},"betmgm":{"odds":-155,"spread":1.5},"bovada":{"odds":-150,"spread":1.5}},"10":{"fanduel":{"odds":-146,"spread":1.5},"betmgm":{"odds":-145,"spread":1.5},"williamhill_us":{"odds":-140,"spread":1.5},"draftkings":{"odds":-143,"spread":1.5},"bovada":{"odds":-140,"spread":1.5}},"11":{"fanduel":{"odds":-150,"spread":1.5},"draftkings":{"odds":-149,"spread":1.5},"williamhill_us":{"odds":-145,"spread":1.5},"betmgm":{"odds":-155,"spread":1.5},"bovada":{"odds":-145,"spread":1.5}},"12":{"fanduel":{"odds":140,"spread":-1.5},"williamhill_us":{"odds":140,"spread":-1.5},"draftkings":{"odds":141,"spread":-1.5},"betmgm":{"odds":140,"spread":-1.5},"bovada":{"odds":140,"spread":-1.5}},"13":{"fanduel":{"odds":-194,"spread":1.5},"williamhill_us":{"odds":170,"spread":-1.5},"draftkings":{"odds":-194,"spread":1.5},"betmgm":{"odds":-200,"spread":1.5},"bovada":{"odds":170,"spread":-1.5}},"14":{"fanduel":{"odds":-205,"spread":1.5},"draftkings":{"odds":-188,"spread":1.5},"williamhill_us":{"odds":-190,"spread":1.5},"betmgm":{"odds":-200,"spread":1.5}}},"books_away":{"0":{"fanduel":{"odds":-176,"spread":1.5},"williamhill_us":{"odds":-170,"spread":1.5},"draftkings":{"odds":-171,"spread":1.5},"betmgm":{"odds":-165,"spread":1.5},"bovada":{"odds":-175,"spread":1.5}},"1":{"fanduel":{"odds":-130,"spread":1.5},"williamhill_us":{"odds":-125,"spread":1.5},"draftkings":{"odds":-126,"spread":1.5},"betmgm":{"odds":-130,"spread":1.5},"bovada":{"odds":-125,"spread":1.5}},"2":{"fanduel":{"odds":-170,"spread":1.5},"williamhill_us":{"odds":-170,"spread":1.5},"betmgm":{"odds":-180,"spread":1.5},"draftkings":{"odds":-171,"spread":1.5},"bovada":{"odds":-170,"spread":1.5}},"3":{"fanduel":{"odds":-162,"spread":1.5},"williamhill_us":{"odds":-155,"spread":1.5},"draftkings":{"odds":-156,"spread":1.5},"betmgm":{"odds":-155,"spread":1.5},"bovada":{"odds":-160,"spread":1.5}},"4":{"fanduel":{"odds":-184,"spread":1.5},"draftkings":{"odds":-175,"spread":1.5},"williamhill_us":{"odds":-170,"spread":1.5},"betmgm":{"odds":-185,"spread":1.5},"bovada":{"odds":-175,"spread":1.5}},"5":{"fanduel":{"odds":-205,"spread":1.5},"williamhill_us":{"odds":-195,"spread":1.5},"draftkings":{"odds":160,"spread":-1.5},"betmgm":{"odds":165,"spread":-1.5},"bovada":{"odds":-195,"spread":1.5}},"6":{"fanduel":{"odds":-188,"spread":1.5},"williamhill_us":{"odds":-170,"spread":1.5},"draftkings":{"odds":-175,"spread":1.5},"bovada":{"odds":-175,"spread":1.5}},"7":{"fanduel":{"odds":126,"spread":-1.5},"williamhill_us":{"odds":122,"spread":-1.5},"draftkings":{"odds":123,"spread":-1.5},"betmgm":{"odds":120,"spread":-1.5},"bovada":{"odds":125,"spread":-1.5}},"8":{"fanduel":{"odds":-178,"spread":1.5},"williamhill_us":{"odds":-170,"spread":1.5},"draftkings":{"odds":-175,"spread":1.5},"betmgm":{"odds":-175,"spread":1.5},"bovada":{"odds":-175,"spread":1.5}},"9":{"fanduel":{"odds":128,"spread":-1.5},"williamhill_us":{"odds":130,"spread":-1.5},"draftkings":{"odds":129,"spread":-1.5},"betmgm":{"odds":125,"spread":-1.5},"bovada":{"odds":130,"spread":-1.5}},"10":{"fanduel":{"odds":122,"spread":-1.5},"betmgm":{"odds":120,"spread":-1.5},"williamhill_us":{"odds":118,"spread":-1.5},"draftkings":{"odds":119,"spread":-1.5},"bovada":{"odds":120,"spread":-1.5}},"11":{"fanduel":{"odds":125,"spread":-1.5},"draftkings":{"odds":123,"spread":-1.5},"williamhill_us":{"odds":122,"spread":-1.5},"betmgm":{"odds":125,"spread":-1.5},"bovada":{"odds":125,"spread":-1.5}},"12":{"fanduel":{"odds":-170,"spread":1.5},"williamhill_us":{"odds":-165,"spread":1.5},"draftkings":{"odds":-171,"spread":1.5},"betmgm":{"odds":-170,"spread":1.5},"bovada":{"odds":-165,