{"game_id":{"0":"f5918072549a6839fe9084aefd85c438","1":"96653b1a620b1d84fb7516df76775020","2":"7da2c68d4bb6ced0bd38a8226817c0de","3":"a5bdd330fe41a8697bc2e1d33bfbf7c0","4":"640afea5c10f2033d54c2b11f9e2a745","5":"6cb0db3997eb4e05f4e7575bed2ed448","6":"f156eda99a47c2d2e05bc9c5061b9fd1","7":"9b4d594f5f7a6f6897b17090857664fb","8":"08db99654eb5ae0d8d8655ed641188f0","9":"cba65213beb7b186af0c6e1f591c1df0","10":"a0d8dffceba6456f69d9dbb4a78415a3","11":"ae4c2503863105794c22aa36724c8ae8","12":"3f981bce1463cf99ee7c4100e779efe7","13":"bc42a99ecfee68e2bb722cee3741c63b","14":"4e17597eeb67ed3ec474a5064ec2788c"},"home_team":{"0":"Baltimore Orioles","1":"Pittsburgh Pirates","2":"Toronto Blue Jays","3":"Tampa Bay Rays","4":"Cleveland Guardians","5":"Detroit Tigers","6":"New York Mets","7":"Minnesota Twins","8":"Milwaukee Brewers","9":"Chicago White Sox","10":"St. Louis Cardinals","11":"Los Angeles Angels","12":"San Francisco Giants","13":"San Diego Padres","14":"Boston Red Sox"},"away_team":{"0":"Washington Nationals","1":"Cincinnati Reds","2":"Texas Rangers","3":"Arizona Diamondbacks","4":"Seattle Mariners","5":"Houston Astros","6":"Philadelphia Phillies","7":"Colorado Rockies","8":"Chicago Cubs","9":"Kansas City Royals","10":"Miami Marlins","11":"Athletics","12":"Atlanta Braves","13":"Los Angeles Dodgers","14":"New York Yankees"},"home_spread":{"0":-1.5,"1":-1.5,"2":-1.5,"3":-1.5,"4":-1.5,"5":1.5,"6":1.5,"7":-1.5,"8":-1.5,"9":-1.5,"10":-1.5,"11":1.5,"12":1.5,"13":1.5,"14":-1.5},"away_spread":{"0":1.5,"1":1.5,"2":1.5,"3":1.5,"4":-1.5,"5":-1.5,"6":-1.5,"7":1.5,"8":1.5,"9":1.5,"10":1.5,"11":-1.5,"12":-1.5,"13":-1.5,"14":-1.5},"best_home_odds":{"0":110,"1":158,"2":162,"3":115,"4":185,"5":-155,"6":-135,"7":138,"8":110,"9":150,"10":158,"11":-160,"12":-125,"13":-140,"14":180},"best_away_odds":{"0":-125,"1":-178,"2":-185,"3":-135,"4":165,"5":136,"6":120,"7":-160,"8":-118,"9":-170,"10":-180,"11":135,"12":112,"13":125,"14":167},"home_cover_nv_prob":{"0":0.4615384615,"1":0.37708209,"2":0.3702741328,"3":0.4474059971,"4":0.4818181818,"5":0.5892396907,"6":0.5582706767,"7":0.4057428215,"8":0.4680120223,"9":0.3884892086,"10":0.3761418592,"11":0.5911949686,"12":0.5408163265,"13":0.5675675676,"14":0.4881170018},"away_cover_nv_prob":{"0":0.5384615385,"1":0.62291791,"2":0.6297258672,"3":0.5525940029,"4":0.5181818182,"5":0.4107603093,"6":0.4417293233,"7":0.5942571785,"8":0.5319879777,"9":0.6115107914,"10":0.6238581408,"11":0.4088050314,"12":0.4591836735,"13":0.4324324324,"14":0.5118829982},"books_home":{"0":{"fanduel":{"odds":108,"spread":-1.5},"williamhill_us":{"odds":105,"spread":-1.5},"draftkings":{"odds":108,"spread":-1.5},"betmgm":{"odds":105,"spread":-1.5},"bovada":{"odds":110,"spread":-1.5}},"1":{"fanduel":{"odds":158,"spread":-1.5},"williamhill_us":{"odds":150,"spread":-1.5},"draftkings":{"odds":152,"spread":-1.5},"betmgm":{"odds":150,"spread":-1.5},"bovada":{"odds":155,"spread":-1.5}},"2":{"fanduel":{"odds":162,"spread":-1.5},"williamhill_us":{"odds":158,"spread":-1.5},"draftkings":{"odds":157,"spread":-1.5},"betmgm":{"odds":155,"spread":-1.5},"bovada":{"odds":160,"spread":-1.5}},"3":{"fanduel":{"odds":115,"spread":-1.5},"williamhill_us":{"odds":115,"spread":-1.5},"draftkings":{"odds":113,"spread":-1.5},"betmgm":{"odds":115,"spread":-1.5},"bovada":{"odds":115,"spread":-1.5}},"4":{"fanduel":{"odds":-200,"spread":1.5},"williamhill_us":{"odds":185,"spread":-1.5},"draftkings":{"odds":-197,"spread":1.5},"betmgm":{"odds":-200,"spread":1.5},"bovada":{"odds":-185,"spread":1.5}},"5":{"fanduel":{"odds":-164,"spread":1.5},"williamhill_us":{"odds":-155,"spread":1.5},"draftkings":{"odds":-158,"spread":1.5},"betmgm":{"odds":-155,"spread":1.5},"bovada":{"odds":-160,"spread":1.5}},"6":{"fanduel":{"odds":-140,"spread":1.5},"williamhill_us":{"odds":-135,"spread":1.5},"draftkings":{"odds":-136,"spread":1.5},"betmgm":{"odds":-140,"spread":1.5},"bovada":{"odds":-140,"spread":1.5}},"7":{"draftkings":{"odds":135,"spread":-1.5},"betmgm":{"odds":135,"spread":-1.5},"williamhill_us":{"odds":135,"spread":-1.5},"fanduel":{"odds":138,"spread":-1.5},"bovada":{"odds":135,"spread":-1.5}},"8":{"fanduel":{"odds":-102,"spread":-1.5},"draftkings":{"odds":105,"spread":-1.5},"williamhill_us":{"odds":105,"spread":-1.5},"betmgm":{"odds":105,"spread":-1.5},"bovada":{"odds":110,"spread":-1.5}},"9":{"fanduel":{"odds":146,"spread":-1.5},"williamhill_us":{"odds":143,"spread":-1.5},"draftkings":{"odds":144,"spread":-1.5},"bovada":{"odds":150,"spread":-1.5},"betmgm":{"odds":145,"spread":-1.5}},"10":{"fanduel":{"odds":152,"spread":-1.5},"williamhill_us":{"odds":158,"spread":-1.5},"betmgm":{"odds":155,"spread":-1.5},"draftkings":{"odds":153,"spread":-1.5},"bovada":{"odds":155,"spread":-1.5}},"11":{"fanduel":{"odds":-160,"spread":1.5},"williamhill_us":{"odds":-160,"spread":1.5},"draftkings":{"odds":-162,"spread":1.5},"betmgm":{"odds":-160,"spread":1.5},"bovada":{"odds":-160,"spread":1.5}},"12":{"fanduel":{"odds":-134,"spread":1.5},"williamhill_us":{"odds":-125,"spread":1.5},"draftkings":{"odds":-131,"spread":1.5},"bovada":{"odds":-130,"spread":1.5},"betmgm":{"odds":-130,"spread":1.5}},"13":{"fanduel":{"odds":-146,"spread":1.5},"williamhill_us":{"odds":-140,"spread":1.5},"draftkings":{"odds":-143,"spread":1.5},"bovada":{"odds":-145,"spread":1.5},"betmgm":{"odds":-145,"spread":1.5}},"14":{"fanduel":{"odds":-194,"spread":1.5},"williamhill_us":{"odds":175,"spread":-1.5},"draftkings":{"odds":-204,"spread":1.5},"bovada":{"odds":180,"spread":-1.5},"betmgm":{"odds":165,"spread":-1.5}}},"books_away":{"0":{"fanduel":{"odds":-130,"spread":1.5},"williamhill_us":{"odds":-125,"spread":1.5},"draftkings":{"odds":-131,"spread":1.5},"betmgm":{"odds":-130,"spread":1.5},"bovada":{"odds":-130,"spread":1.5}},"1":{"fanduel":{"odds":-192,"spread":1.5},"williamhill_us":{"odds":-178,"spread":1.5},"draftkings":{"odds":-185,"spread":1.5},"betmgm":{"odds":-185,"spread":1.5},"bovada":{"odds":-180,"spread":1.5}},"2":{"fanduel":{"odds":-196,"spread":1.5},"williamhill_us":{"odds":-190,"spread":1.5},"draftkings":{"odds":-191,"spread":1.5},"betmgm":{"odds":-190,"spread":1.5},"bovada":{"odds":-185,"spread":1.5}},"3":{"fanduel":{"odds":-138,"spread":1.5},"williamhill_us":{"odds":-135,"spread":1.5},"draftkings":{"odds":-136,"spread":1.5},"betmgm":{"odds":-140,"spread":1.5},"bovada":{"odds":-135,"spread":1.5}},"4":{"fanduel":{"odds":164,"spread":-1.5},"williamhill_us":{"odds":-225,"spread":1.5},"draftkings":{"odds":161,"spread":-1.5},"betmgm":{"odds":165,"spread":-1.5},"bovada":{"odds":160,"spread":-1.5}},"5":{"fanduel":{"odds":136,"spread":-1.5},"williamhill_us":{"odds":130,"spread":-1.5},"draftkings":{"odds":131,"spread":-1.5},"betmgm":{"odds":130,"spread":-1.5},"bovada":{"odds":135,"spread":-1.5}},"6":{"fanduel":{"odds":116,"spread":-1.5},"williamhill_us":{"odds":115,"spread":-1.5},"draftkings":{"odds":113,"spread":-1.5},"betmgm":{"odds":118,"spread":-1.5},"bovada":{"odds":120,"spread":-1.5}},"7":{"draftkings":{"odds":-163,"spread":1.5},"betmgm":{"odds":-160,"spread":1.5},"williamhill_us":{"odds":-160,"spread":1.5},"fanduel":{"odds":-166,"spread":1.5},"bovada":{"odds":-160,"spread":1.5}},"8":{"fanduel":{"odds":-118,"spread":1.5},"draftkings":{"odds":-126,"spread":1.5},"williamhill_us":{"odds":-125,"spread":1.5},"betmgm":{"odds":-125,"spread":1.5},"bovada":{"odds":-130,"spread":1.5}},"9":{"fanduel":{"odds":-176,"spread":1.5},"williamhill_us":{"odds":-170,"spread":1.5},"draftkings":{"odds":-175,"spread":1.5},"bovada":{"odds":-175,"spread":1.5},"betmgm":{"odds":-175,"spread":1.5}},"10":{"fanduel":{"odds":-184,"spread":1.5},"williamhill_us":{"odds":-190,"spread":1.5},"betmgm":{"odds":-190,"spread":1.5},"draftkings":{"odds":-187,"spread":1.5},"bovada":{"odds":-180,"spread":1.5}},"11":{"fanduel":{"odds":132,"spread":-1.5},"williamhill_us":{"odds":135,"spread":-1.5},"draftkings":{"odds":134,"spread":-1.5},"betmgm":{"odds":135,"spread":-1.5},"bovada":{"odds":135,"spread":-1.5}},"12":{"fanduel":{"odds":112,"spread":-1.5},"williamhill_us":{"odds":105,"spread":-1.5},