{"game_id":{"0":"0423e391e6f8cfd58c7f2f1c72d0aec7","1":"41aa20c582aac0979e875a6e5a86b79b","2":"4b39d95fa5e27f227c44ec3a8f68aaf4","3":"267dae014ac02839048da8da0bf226c3","4":"ded163387935cca0e01c3281ff323291","5":"ebe684b6aa76271158a53ba859a81432","6":"a33e389530d74f9495e5d0108d6b038b","7":"aac7942aa7683280dcbfe7dcfc16d44e","8":"38b96dae7f6cab01cf931c9faefc2606","9":"299179879cf35ddaecccdd15f48fb177","10":"8a1eca9b5002748c0050289d4c35b045","11":"0d8a10122998e00420770fa704603388","12":"3440c51cbfebc0ac81d574f6052d2eae","13":"8b96a836e0e20dedb471fa42febff567","14":"3c82e5f5dfc13cc84376bc1add8c4c06"},"home_team":{"0":"Cleveland Guardians","1":"Philadelphia Phillies","2":"New York Yankees","3":"Toronto Blue Jays","4":"Boston Red Sox","5":"Atlanta Braves","6":"Kansas City Royals","7":"Milwaukee Brewers","8":"Chicago Cubs","9":"Texas Rangers","10":"Houston Astros","11":"Colorado Rockies","12":"Los Angeles Angels","13":"Arizona Diamondbacks","14":"Seattle Mariners"},"away_team":{"0":"Minnesota Twins","1":"Los Angeles Dodgers","2":"Pittsburgh Pirates","3":"Tampa Bay Rays","4":"Baltimore Orioles","5":"San Diego Padres","6":"San Francisco Giants","7":"New York Mets","8":"Detroit Tigers","9":"Chicago White Sox","10":"Miami Marlins","11":"Washington Nationals","12":"St. Louis Cardinals","13":"Athletics","14":"Cincinnati Reds"},"home_spread":{"0":-1.5,"1":-1.5,"2":-1.5,"3":1.5,"4":-1.5,"5":-1.5,"6":1.5,"7":-1.5,"8":-1.5,"9":-1.5,"10":-1.5,"11":1.5,"12":1.5,"13":-1.5,"14":-1.5},"away_spread":{"0":1.5,"1":1.5,"2":1.5,"3":-1.5,"4":1.5,"5":1.5,"6":-1.5,"7":1.5,"8":-1.5,"9":-1.5,"10":1.5,"11":-1.5,"12":-1.5,"13":1.5,"14":-1.5},"best_home_odds":{"0":140,"1":162,"2":136,"3":-180,"4":160,"5":145,"6":-165,"7":146,"8":170,"9":159,"10":165,"11":-160,"12":-170,"13":158,"14":190},"best_away_odds":{"0":-150,"1":-182,"2":-157,"3":158,"4":-178,"5":-165,"6":154,"7":-155,"8":165,"9":160,"10":-190,"11":140,"12":146,"13":-180,"14":159},"home_cover_nv_prob":{"0":0.4098360656,"1":0.3716198408,"2":0.4095486996,"3":0.6238581408,"4":0.3752699784,"5":0.3959656332,"6":0.6126297325,"7":0.4007543612,"8":0.4953271028,"9":0.5009633911,"10":0.3654694392,"11":0.5962732919,"12":0.6076721883,"13":0.3761418592,"14":0.4717668488},"away_cover_nv_prob":{"0":0.5901639344,"1":0.6283801592,"2":0.5904513004,"3":0.3761418592,"4":0.6247300216,"5":0.6040343668,"6":0.3873702675,"7":0.5992456388,"8":0.5046728972,"9":0.4990366089,"10":0.6345305608,"11":0.4037267081,"12":0.3923278117,"13":0.6238581408,"14":0.5282331512},"books_home":{"0":{"fanduel":{"odds":130,"spread":-1.5},"bovada":{"odds":130,"spread":-1.5},"williamhill_us":{"odds":140,"spread":-1.5},"draftkings":{"odds":139,"spread":-1.5}},"1":{"fanduel":{"odds":150,"spread":-1.5},"draftkings":{"odds":153,"spread":-1.5},"williamhill_us":{"odds":162,"spread":-1.5},"bovada":{"odds":160,"spread":-1.5},"betmgm":{"odds":155,"spread":-1.5}},"2":{"fanduel":{"odds":136,"spread":-1.5},"draftkings":{"odds":130,"spread":-1.5},"williamhill_us":{"odds":135,"spread":-1.5},"bovada":{"odds":135,"spread":-1.5},"betmgm":{"odds":135,"spread":-1.5}},"3":{"fanduel":{"odds":-182,"spread":1.5},"draftkings":{"odds":-186,"spread":1.5},"williamhill_us":{"odds":-190,"spread":1.5},"bovada":{"odds":-180,"spread":1.5},"betmgm":{"odds":-190,"spread":1.5}},"4":{"fanduel":{"odds":158,"spread":-1.5},"williamhill_us":{"odds":150,"spread":-1.5},"draftkings":{"odds":152,"spread":-1.5},"betmgm":{"odds":150,"spread":-1.5},"bovada":{"odds":160,"spread":-1.5}},"5":{"fanduel":{"odds":140,"spread":-1.5},"williamhill_us":{"odds":140,"spread":-1.5},"draftkings":{"odds":139,"spread":-1.5},"bovada":{"odds":145,"spread":-1.5},"betmgm":{"odds":140,"spread":-1.5}},"6":{"fanduel":{"odds":-182,"spread":1.5},"williamhill_us":{"odds":-170,"spread":1.5},"draftkings":{"odds":-176,"spread":1.5},"bovada":{"odds":-165,"spread":1.5},"betmgm":{"odds":-190,"spread":1.5}},"7":{"fanduel":{"odds":146,"spread":-1.5},"williamhill_us":{"odds":130,"spread":-1.5},"draftkings":{"odds":138,"spread":-1.5},"bovada":{"odds":145,"spread":-1.5},"betmgm":{"odds":135,"spread":-1.5}},"8":{"fanduel":{"odds":-200,"spread":1.5},"bovada":{"odds":-195,"spread":1.5},"williamhill_us":{"odds":170,"spread":-1.5},"betmgm":{"odds":-210,"spread":1.5},"draftkings":{"odds":168,"spread":-1.5}},"9":{"fanduel":{"odds":-188,"spread":1.5},"williamhill_us":{"odds":158,"spread":-1.5},"betmgm":{"odds":155,"spread":-1.5},"draftkings":{"odds":159,"spread":-1.5},"bovada":{"odds":-185,"spread":1.5}},"10":{"fanduel":{"odds":164,"spread":-1.5},"williamhill_us":{"odds":158,"spread":-1.5},"draftkings":{"odds":158,"spread":-1.5},"bovada":{"odds":165,"spread":-1.5},"betmgm":{"odds":155,"spread":-1.5}},"11":{"fanduel":{"odds":-162,"spread":1.5},"williamhill_us":{"odds":-160,"spread":1.5},"draftkings":{"odds":-170,"spread":1.5},"bovada":{"odds":-160,"spread":1.5},"betmgm":{"odds":-160,"spread":1.5}},"12":{"fanduel":{"odds":-176,"spread":1.5},"williamhill_us":{"odds":-170,"spread":1.5},"draftkings":{"odds":-174,"spread":1.5},"bovada":{"odds":-170,"spread":1.5},"betmgm":{"odds":-170,"spread":1.5}},"13":{"fanduel":{"odds":152,"spread":-1.5},"bovada":{"odds":155,"spread":-1.5},"draftkings":{"odds":152,"spread":-1.5},"williamhill_us":{"odds":158,"spread":-1.5},"betmgm":{"odds":150,"spread":-1.5}},"14":{"fanduel":{"odds":-192,"spread":1.5},"williamhill_us":{"odds":180,"spread":-1.5},"draftkings":{"odds":-194,"spread":1.5},"bovada":{"odds":190,"spread":-1.5},"betmgm":{"odds":-190,"spread":1.5}}},"books_away":{"0":{"fanduel":{"odds":-156,"spread":1.5},"bovada":{"odds":-150,"spread":1.5},"williamhill_us":{"odds":-165,"spread":1.5},"draftkings":{"odds":-168,"spread":1.5}},"1":{"fanduel":{"odds":-182,"spread":1.5},"draftkings":{"odds":-186,"spread":1.5},"williamhill_us":{"odds":-195,"spread":1.5},"bovada":{"odds":-185,"spread":1.5},"betmgm":{"odds":-190,"spread":1.5}},"2":{"fanduel":{"odds":-164,"spread":1.5},"draftkings":{"odds":-157,"spread":1.5},"williamhill_us":{"odds":-160,"spread":1.5},"bovada":{"odds":-160,"spread":1.5},"betmgm":{"odds":-165,"spread":1.5}},"3":{"fanduel":{"odds":150,"spread":-1.5},"draftkings":{"odds":153,"spread":-1.5},"williamhill_us":{"odds":158,"spread":-1.5},"bovada":{"odds":155,"spread":-1.5},"betmgm":{"odds":155,"spread":-1.5}},"4":{"fanduel":{"odds":-192,"spread":1.5},"williamhill_us":{"odds":-178,"spread":1.5},"draftkings":{"odds":-184,"spread":1.5},"betmgm":{"odds":-185,"spread":1.5},"bovada":{"odds":-185,"spread":1.5}},"5":{"fanduel":{"odds":-170,"spread":1.5},"williamhill_us":{"odds":-165,"spread":1.5},"draftkings":{"odds":-168,"spread":1.5},"bovada":{"odds":-170,"spread":1.5},"betmgm":{"odds":-170,"spread":1.5}},"6":{"fanduel":{"odds":150,"spread":-1.5},"williamhill_us":{"odds":143,"spread":-1.5},"draftkings":{"odds":145,"spread":-1.5},"bovada":{"odds":140,"spread":-1.5},"betmgm":{"odds":154,"spread":-1.5}},"7":{"fanduel":{"odds":-176,"spread":1.5},"williamhill_us":{"odds":-155,"spread":1.5},"draftkings":{"odds":-167,"spread":1.5},"bovada":{"odds":-170,"spread":1.5},"betmgm":{"odds":-165,"spread":1.5}},"8":{"fanduel":{"odds":164,"spread":-1.5},"bovada":{"odds":165,"spread":-1.5},"williamhill_us":{"odds":-205,"spread":1.5},"betmgm":{"odds":160,"spread":-1.5},"draftkings":{"odds":-205,"spread":1.5}},"9":{"fanduel":{"odds":155,"spread":-1.5},"williamhill_us":{"odds":-190,"spread":1.5},"betmgm":{"odds":-190,"spread":1.5},"draftkings":{"odds":-194,"spread":1.5},"bovada":{"odds":160,"spread":-1.5}},"10":{"fanduel":{"odds":-200,"spread":1.5},"williamhill_us":{"odds":-190,"spread":1.5},"draftkings":{"odds":-193,"spread":1.5},"bovada":{"odds":-195,"spread":1.5},"betmgm":{"odds":-190,"spread":1.5}},"11":{"fanduel":{"odds":134,"spread":-1.5},"williamhill_us":{"odds":135,"spread":-1.5},"draftkings":{"odds":140,"spread":-1.5},"bovada":{"odds":135,"spread":-1.5},"betmgm":{"odds":135,"spread":-1.5}},"12":{"fanduel":{"odds":146,"spread":-1.5},"williamhill_us":{"odds":143,"spread":-1.5},"draftkings":{"odds":143,"spread":-1.5},"bovada":{"odds":145,