{"game_id":{"0":"e3e38b1f0ba0517d7e95030e6f0b6a8d","1":"3612f76561632387afb3c6779ef370b1","2":"2a617b3c38b4cfff06d9866d761bb481","3":"6c64b931bb7cda75b570159a5a4ed328","4":"990789f1b2f666667f7dad0fe7d8b8b8","5":"b50993453829a9cf93015ffb4cce5262","6":"42ec808f3f2b51bde3830094a2d31f59","7":"57c63aa916ea5b39518da155c32b24ee","8":"ba00397c03fc2b6ae2ee60c76dbab901","9":"99d8354792f828bd962e089d4ab8c5bf","10":"d8d4e1b2c44eb56c7b6ab81de4f6b385","11":"a688baa4f466d96e091e81af30a03a59","12":"82e37a8a126f9724f8872ec1669446da","13":"178bf0e15a0e6812cdf47d0523e51ac7","14":"acd23c21d644ac44611a206f197cdd6b"},"home_team":{"0":"Cleveland Guardians","1":"Baltimore Orioles","2":"Pittsburgh Pirates","3":"Detroit Tigers","4":"Boston Red Sox","5":"Toronto Blue Jays","6":"New York Mets","7":"Chicago White Sox","8":"Kansas City Royals","9":"Milwaukee Brewers","10":"Texas Rangers","11":"Athletics","12":"San Diego Padres","13":"San Francisco Giants","14":"Los Angeles Dodgers"},"away_team":{"0":"Washington Nationals","1":"Tampa Bay Rays","2":"Chicago Cubs","3":"Los Angeles Angels","4":"Atlanta Braves","5":"Miami Marlins","6":"Cincinnati Reds","7":"Minnesota Twins","8":"New York Yankees","9":"St. Louis Cardinals","10":"Houston Astros","11":"Seattle Mariners","12":"Philadelphia Phillies","13":"Arizona Diamondbacks","14":"Colorado Rockies"},"home_spread":{"0":-1.5,"1":1.5,"2":-1.5,"3":-1.5,"4":-1.5,"5":-1.5,"6":1.5,"7":1.5,"8":1.5,"9":-1.5,"10":-1.5,"11":1.5,"12":-1.5,"13":1.5,"14":-1.5},"away_spread":{"0":1.5,"1":-1.5,"2":1.5,"3":1.5,"4":-1.5,"5":1.5,"6":-1.5,"7":-1.5,"8":-1.5,"9":1.5,"10":1.5,"11":-1.5,"12":-1.5,"13":-1.5,"14":1.5},"best_home_odds":{"0":160,"1":-170,"2":162,"3":162,"4":195,"5":153,"6":-170,"7":-170,"8":100,"9":125,"10":158,"11":-165,"12":170,"13":-175,"14":-108},"best_away_odds":{"0":-185,"1":145,"2":-185,"3":-180,"4":150,"5":-175,"6":150,"7":150,"8":-118,"9":-135,"10":-180,"11":145,"12":172,"13":152,"14":-110},"home_cover_nv_prob":{"0":0.3720626632,"1":0.6067006555,"2":0.3702741328,"3":0.3725385844,"4":0.4587155963,"5":0.3831417625,"6":0.6115107914,"7":0.6115107914,"8":0.4801762115,"9":0.4361948956,"10":0.3761418592,"11":0.6040343668,"12":0.5018450185,"13":0.6159217877,"14":0.4978050922},"away_cover_nv_prob":{"0":0.6279373368,"1":0.3932993445,"2":0.6297258672,"3":0.6274614156,"4":0.5412844037,"5":0.6168582375,"6":0.3884892086,"7":0.3884892086,"8":0.5198237885,"9":0.5638051044,"10":0.6238581408,"11":0.3959656332,"12":0.4981549815,"13":0.3840782123,"14":0.5021949078},"books_home":{"0":{"fanduel":{"odds":160,"spread":-1.5},"williamhill_us":{"odds":158,"spread":-1.5},"draftkings":{"odds":154,"spread":-1.5},"bovada":{"odds":160,"spread":-1.5},"betmgm":{"odds":155,"spread":-1.5}},"1":{"fanduel":{"odds":-172,"spread":1.5},"williamhill_us":{"odds":-170,"spread":1.5},"draftkings":{"odds":-173,"spread":1.5},"bovada":{"odds":-170,"spread":1.5},"betmgm":{"odds":-180,"spread":1.5}},"2":{"fanduel":{"odds":158,"spread":-1.5},"williamhill_us":{"odds":158,"spread":-1.5},"draftkings":{"odds":162,"spread":-1.5},"bovada":{"odds":160,"spread":-1.5},"betmgm":{"odds":155,"spread":-1.5}},"3":{"fanduel":{"odds":162,"spread":-1.5},"williamhill_us":{"odds":158,"spread":-1.5},"draftkings":{"odds":153,"spread":-1.5},"bovada":{"odds":155,"spread":-1.5},"betmgm":{"odds":154,"spread":-1.5}},"4":{"fanduel":{"odds":-178,"spread":1.5},"williamhill_us":{"odds":-178,"spread":1.5},"draftkings":{"odds":-178,"spread":1.5},"bovada":{"odds":195,"spread":-1.5},"betmgm":{"odds":-180,"spread":1.5}},"5":{"fanduel":{"odds":152,"spread":-1.5},"williamhill_us":{"odds":150,"spread":-1.5},"betmgm":{"odds":145,"spread":-1.5},"draftkings":{"odds":153,"spread":-1.5},"bovada":{"odds":150,"spread":-1.5}},"6":{"fanduel":{"odds":-172,"spread":1.5},"draftkings":{"odds":-171,"spread":1.5},"williamhill_us":{"odds":-170,"spread":1.5},"betmgm":{"odds":-170,"spread":1.5},"bovada":{"odds":-175,"spread":1.5}},"7":{"fanduel":{"odds":-178,"spread":1.5},"williamhill_us":{"odds":-170,"spread":1.5},"draftkings":{"odds":-175,"spread":1.5},"bovada":{"odds":-175,"spread":1.5},"betmgm":{"odds":-180,"spread":1.5}},"8":{"fanduel":{"odds":-102,"spread":1.5},"williamhill_us":{"odds":100,"spread":1.5},"draftkings":{"odds":-101,"spread":1.5},"betmgm":{"odds":100,"spread":1.5},"bovada":{"odds":100,"spread":1.5}},"9":{"fanduel":{"odds":118,"spread":-1.5},"williamhill_us":{"odds":115,"spread":-1.5},"draftkings":{"odds":119,"spread":-1.5},"bovada":{"odds":125,"spread":-1.5},"betmgm":{"odds":115,"spread":-1.5}},"10":{"fanduel":{"odds":155,"spread":-1.5},"williamhill_us":{"odds":158,"spread":-1.5},"draftkings":{"odds":152,"spread":-1.5},"bovada":{"odds":155,"spread":-1.5},"betmgm":{"odds":150,"spread":-1.5}},"11":{"fanduel":{"odds":-166,"spread":1.5},"williamhill_us":{"odds":-165,"spread":1.5},"draftkings":{"odds":-167,"spread":1.5},"bovada":{"odds":-170,"spread":1.5},"betmgm":{"odds":-165,"spread":1.5}},"12":{"fanduel":{"odds":-210,"spread":1.5},"williamhill_us":{"odds":170,"spread":-1.5},"draftkings":{"odds":164,"spread":-1.5},"bovada":{"odds":170,"spread":-1.5},"betmgm":{"odds":165,"spread":-1.5}},"13":{"fanduel":{"odds":-184,"spread":1.5},"bovada":{"odds":-175,"spread":1.5},"williamhill_us":{"odds":-178,"spread":1.5},"draftkings":{"odds":-181,"spread":1.5},"betmgm":{"odds":-180,"spread":1.5}},"14":{"fanduel":{"odds":-108,"spread":-1.5},"williamhill_us":{"odds":-110,"spread":-1.5},"draftkings":{"odds":-110,"spread":-1.5},"bovada":{"odds":-110,"spread":-1.5},"betmgm":{"odds":-110,"spread":-1.5}}},"books_away":{"0":{"fanduel":{"odds":-194,"spread":1.5},"williamhill_us":{"odds":-190,"spread":1.5},"draftkings":{"odds":-188,"spread":1.5},"bovada":{"odds":-185,"spread":1.5},"betmgm":{"odds":-190,"spread":1.5}},"1":{"fanduel":{"odds":142,"spread":-1.5},"williamhill_us":{"odds":143,"spread":-1.5},"draftkings":{"odds":143,"spread":-1.5},"bovada":{"odds":145,"spread":-1.5},"betmgm":{"odds":145,"spread":-1.5}},"2":{"fanduel":{"odds":-192,"spread":1.5},"williamhill_us":{"odds":-190,"spread":1.5},"draftkings":{"odds":-198,"spread":1.5},"bovada":{"odds":-185,"spread":1.5},"betmgm":{"odds":-190,"spread":1.5}},"3":{"fanduel":{"odds":-196,"spread":1.5},"williamhill_us":{"odds":-190,"spread":1.5},"draftkings":{"odds":-187,"spread":1.5},"bovada":{"odds":-180,"spread":1.5},"betmgm":{"odds":-190,"spread":1.5}},"4":{"fanduel":{"odds":146,"spread":-1.5},"williamhill_us":{"odds":150,"spread":-1.5},"draftkings":{"odds":147,"spread":-1.5},"bovada":{"odds":-235,"spread":1.5},"betmgm":{"odds":145,"spread":-1.5}},"5":{"fanduel":{"odds":-184,"spread":1.5},"williamhill_us":{"odds":-178,"spread":1.5},"betmgm":{"odds":-180,"spread":1.5},"draftkings":{"odds":-187,"spread":1.5},"bovada":{"odds":-175,"spread":1.5}},"6":{"fanduel":{"odds":142,"spread":-1.5},"draftkings":{"odds":141,"spread":-1.5},"williamhill_us":{"odds":143,"spread":-1.5},"betmgm":{"odds":140,"spread":-1.5},"bovada":{"odds":150,"spread":-1.5}},"7":{"fanduel":{"odds":150,"spread":-1.5},"williamhill_us":{"odds":143,"spread":-1.5},"draftkings":{"odds":144,"spread":-1.5},"bovada":{"odds":150,"spread":-1.5},"betmgm":{"odds":145,"spread":-1.5}},"8":{"fanduel":{"odds":-118,"spread":-1.5},"williamhill_us":{"odds":-120,"spread":-1.5},"draftkings":{"odds":-120,"spread":-1.5},"betmgm":{"odds":-120,"spread":-1.5},"bovada":{"odds":-120,"spread":-1.5}},"9":{"fanduel":{"odds":-144,"spread":1.5},"williamhill_us":{"odds":-135,"spread":1.5},"draftkings":{"odds":-143,"spread":1.5},"bovada":{"odds":-145,"spread":1.5},"betmgm":{"odds":-140,"spread":1.5}},"10":{"fanduel":{"odds":-184,"spread":1.5},"williamhill_us":{"odds":-190,"spread":1.5},"draftkings":{"odds":-185,"spread":1.5},"bovada":{"odds":-180,"spread":1.5},"betmgm":{"odds":-185,"spread":1.5}},"11":{"fanduel":{"odds":138,"spread":-1.5},"williamhill_us":{"odds":140,"spread":-1.5},"draftkings":{"odds":138,"spread":-1.5},"bovada":{"odds":145,"spread":-1.5},"betmgm":{"odds":135,"spread":-1.5}},"12":{"fanduel":{"odds":172,"spread":-1.5},"williamhill_us":{"odds":-205,