{"game_id":{"0":"f70f37528d3c150e17d2fb8ccfe42892","1":"f34c6b3b5d4542734f725cdbf1200188","2":"afc026eb30e790d723cc4d99d1551154","3":"3efd1785852b80caaeeb2e4b8e8db0f2","4":"954f9616bdfe5989a3ed4cc8cc1b3472","5":"a36cc8e7c18477f87bd91d87f8839f49","6":"71d79346a4e1f6058e517c895d646f2e","7":"d0bf798e1c85fe47d8160217d79b5a3e","8":"6344d2ce9df189689ed256d05cfcffb4","9":"4bb2c510f37ac3221423f6fe96d81822","10":"11f0aee64edb29086a8ca3368f0fe44f","11":"bc0eb3e2abd5d0ddb3e22dc71abf652a","12":"8e059160b850333f99e5414be7fede74","13":"c17cdf3ec5c9c493c782139a03e71bcc"},"home_team":{"0":"Detroit Tigers","1":"New York Yankees","2":"Chicago Cubs","3":"Texas Rangers","4":"Atlanta Braves","5":"Miami Marlins","6":"Tampa Bay Rays","7":"Houston Astros","8":"Philadelphia Phillies","9":"Colorado Rockies","10":"Athletics","11":"Arizona Diamondbacks","12":"Los Angeles Dodgers","13":"Seattle Mariners"},"away_team":{"0":"Chicago White Sox","1":"Cincinnati Reds","2":"Toronto Blue Jays","3":"San Diego Padres","4":"Milwaukee Brewers","5":"San Francisco Giants","6":"Washington Nationals","7":"Cleveland Guardians","8":"New York Mets","9":"Pittsburgh Pirates","10":"Los Angeles Angels","11":"Minnesota Twins","12":"Baltimore Orioles","13":"Boston Red Sox"},"home_spread":{"0":-1.5,"1":-1.5,"2":-1.5,"3":-1.5,"4":-1.5,"5":-1.5,"6":-1.5,"7":-1.5,"8":-1.5,"9":1.5,"10":-1.5,"11":-1.5,"12":-1.5,"13":-1.5},"away_spread":{"0":1.5,"1":1.5,"2":1.5,"3":1.5,"4":1.5,"5":1.5,"6":-1.5,"7":1.5,"8":1.5,"9":-1.5,"10":1.5,"11":1.5,"12":1.5,"13":1.5},"best_home_odds":{"0":150,"1":100,"2":162,"3":165,"4":176,"5":160,"6":175,"7":150,"8":122,"9":118,"10":120,"11":160,"12":-120,"13":184},"best_away_odds":{"0":-170,"1":-114,"2":-178,"3":-190,"4":-200,"5":-184,"6":180,"7":-170,"8":-135,"9":-130,"10":-135,"11":-178,"12":105,"13":-200},"home_cover_nv_prob":{"0":0.3884892086,"1":0.4841628959,"2":0.3734752002,"3":0.3654694392,"4":0.3521126761,"5":0.3725078699,"6":0.5045045045,"7":0.3884892086,"8":0.4394987844,"9":0.447993767,"10":0.4417293233,"11":0.3752699784,"12":0.5278969957,"13":0.3456221198},"away_cover_nv_prob":{"0":0.6115107914,"1":0.5158371041,"2":0.6265247998,"3":0.6345305608,"4":0.6478873239,"5":0.6274921301,"6":0.4954954955,"7":0.6115107914,"8":0.5605012156,"9":0.552006233,"10":0.5582706767,"11":0.6247300216,"12":0.4721030043,"13":0.6543778802},"books_home":{"0":{"fanduel":{"odds":146,"spread":-1.5},"williamhill_us":{"odds":143,"spread":-1.5},"draftkings":{"odds":142,"spread":-1.5},"betmgm":{"odds":140,"spread":-1.5},"bovada":{"odds":150,"spread":-1.5}},"1":{"fanduel":{"odds":100,"spread":-1.5},"draftkings":{"odds":-105,"spread":-1.5},"williamhill_us":{"odds":-105,"spread":-1.5},"betmgm":{"odds":-102,"spread":-1.5},"bovada":{"odds":-105,"spread":-1.5}},"2":{"fanduel":{"odds":162,"spread":-1.5},"draftkings":{"odds":150,"spread":-1.5},"williamhill_us":{"odds":150,"spread":-1.5},"betmgm":{"odds":150,"spread":-1.5},"bovada":{"odds":160,"spread":-1.5}},"3":{"fanduel":{"odds":160,"spread":-1.5},"draftkings":{"odds":158,"spread":-1.5},"williamhill_us":{"odds":158,"spread":-1.5},"betmgm":{"odds":155,"spread":-1.5},"bovada":{"odds":165,"spread":-1.5}},"4":{"fanduel":{"odds":176,"spread":-1.5},"draftkings":{"odds":168,"spread":-1.5},"williamhill_us":{"odds":170,"spread":-1.5},"betmgm":{"odds":165,"spread":-1.5},"bovada":{"odds":170,"spread":-1.5}},"5":{"fanduel":{"odds":152,"spread":-1.5},"draftkings":{"odds":153,"spread":-1.5},"williamhill_us":{"odds":158,"spread":-1.5},"betmgm":{"odds":150,"spread":-1.5},"bovada":{"odds":160,"spread":-1.5}},"6":{"fanduel":{"odds":-220,"spread":1.5},"williamhill_us":{"odds":162,"spread":-1.5},"draftkings":{"odds":164,"spread":-1.5},"betmgm":{"odds":165,"spread":-1.5},"bovada":{"odds":175,"spread":-1.5}},"7":{"fanduel":{"odds":150,"spread":-1.5},"draftkings":{"odds":143,"spread":-1.5},"williamhill_us":{"odds":143,"spread":-1.5},"betmgm":{"odds":140,"spread":-1.5},"bovada":{"odds":150,"spread":-1.5}},"8":{"fanduel":{"odds":122,"spread":-1.5},"draftkings":{"odds":119,"spread":-1.5},"williamhill_us":{"odds":118,"spread":-1.5},"betmgm":{"odds":118,"spread":-1.5},"bovada":{"odds":115,"spread":-1.5}},"9":{"fanduel":{"odds":118,"spread":1.5},"draftkings":{"odds":113,"spread":1.5},"williamhill_us":{"odds":110,"spread":1.5},"betmgm":{"odds":110,"spread":1.5},"bovada":{"odds":115,"spread":1.5}},"10":{"fanduel":{"odds":118,"spread":-1.5},"draftkings":{"odds":113,"spread":-1.5},"williamhill_us":{"odds":115,"spread":-1.5},"betmgm":{"odds":115,"spread":-1.5},"bovada":{"odds":120,"spread":-1.5}},"11":{"fanduel":{"odds":160,"spread":-1.5},"draftkings":{"odds":148,"spread":-1.5},"williamhill_us":{"odds":150,"spread":-1.5},"bovada":{"odds":155,"spread":-1.5}},"12":{"fanduel":{"odds":-125,"spread":-1.5},"draftkings":{"odds":-125,"spread":-1.5},"williamhill_us":{"odds":-125,"spread":-1.5},"betmgm":{"odds":-125,"spread":-1.5},"bovada":{"odds":-120,"spread":-1.5}},"13":{"fanduel":{"odds":184,"spread":-1.5},"draftkings":{"odds":168,"spread":-1.5},"williamhill_us":{"odds":170,"spread":-1.5},"betmgm":{"odds":170,"spread":-1.5},"bovada":{"odds":170,"spread":-1.5}}},"books_away":{"0":{"fanduel":{"odds":-176,"spread":1.5},"williamhill_us":{"odds":-170,"spread":1.5},"draftkings":{"odds":-172,"spread":1.5},"betmgm":{"odds":-170,"spread":1.5},"bovada":{"odds":-175,"spread":1.5}},"1":{"fanduel":{"odds":-122,"spread":1.5},"draftkings":{"odds":-114,"spread":1.5},"williamhill_us":{"odds":-115,"spread":1.5},"betmgm":{"odds":-118,"spread":1.5},"bovada":{"odds":-115,"spread":1.5}},"2":{"fanduel":{"odds":-196,"spread":1.5},"draftkings":{"odds":-182,"spread":1.5},"williamhill_us":{"odds":-178,"spread":1.5},"betmgm":{"odds":-185,"spread":1.5},"bovada":{"odds":-185,"spread":1.5}},"3":{"fanduel":{"odds":-194,"spread":1.5},"draftkings":{"odds":-193,"spread":1.5},"williamhill_us":{"odds":-190,"spread":1.5},"betmgm":{"odds":-190,"spread":1.5},"bovada":{"odds":-195,"spread":1.5}},"4":{"fanduel":{"odds":-215,"spread":1.5},"draftkings":{"odds":-205,"spread":1.5},"williamhill_us":{"odds":-205,"spread":1.5},"betmgm":{"odds":-200,"spread":1.5},"bovada":{"odds":-200,"spread":1.5}},"5":{"fanduel":{"odds":-184,"spread":1.5},"draftkings":{"odds":-186,"spread":1.5},"williamhill_us":{"odds":-190,"spread":1.5},"betmgm":{"odds":-185,"spread":1.5},"bovada":{"odds":-185,"spread":1.5}},"6":{"fanduel":{"odds":180,"spread":-1.5},"williamhill_us":{"odds":-195,"spread":1.5},"draftkings":{"odds":-200,"spread":1.5},"betmgm":{"odds":-200,"spread":1.5},"bovada":{"odds":-210,"spread":1.5}},"7":{"fanduel":{"odds":-182,"spread":1.5},"draftkings":{"odds":-174,"spread":1.5},"williamhill_us":{"odds":-170,"spread":1.5},"betmgm":{"odds":-170,"spread":1.5},"bovada":{"odds":-175,"spread":1.5}},"8":{"fanduel":{"odds":-146,"spread":1.5},"draftkings":{"odds":-143,"spread":1.5},"williamhill_us":{"odds":-140,"spread":1.5},"betmgm":{"odds":-145,"spread":1.5},"bovada":{"odds":-135,"spread":1.5}},"9":{"fanduel":{"odds":-142,"spread":-1.5},"draftkings":{"odds":-136,"spread":-1.5},"williamhill_us":{"odds":-130,"spread":-1.5},"betmgm":{"odds":-135,"spread":-1.5},"bovada":{"odds":-135,"spread":-1.5}},"10":{"fanduel":{"odds":-142,"spread":1.5},"draftkings":{"odds":-136,"spread":1.5},"williamhill_us":{"odds":-135,"spread":1.5},"betmgm":{"odds":-140,"spread":1.5},"bovada":{"odds":-140,"spread":1.5}},"11":{"fanduel":{"odds":-194,"spread":1.5},"draftkings":{"odds":-180,"spread":1.5},"williamhill_us":{"odds":-178,"spread":1.5},"bovada":{"odds":-180,"spread":1.5}},"12":{"fanduel":{"odds":104,"spread":1.5},"draftkings":{"odds":104,"spread":1.5},"williamhill_us":{"odds":105,"spread":1.5},"betmgm":{"odds":105,"spread":1.5},"bovada":{"odds":100,"spread":1.5}},"13":{"fanduel":{"odds":-225,"spread":1.5},"draftkings":{"odds":-205,"spread":1.5},"williamhill_us":{"odds":-205,"spread":1.5},"betmgm":{"odds":-210,"spread":1.5},"bovada":{"odds":-200,"spread":1.5}}}}