{"game_id":{"0":"b30fec61cfbf1f3dfe4bb5e70a150f48","1":"692aeb05691cac285d594067d9c4a24e","2":"71ef508a8cbaa38a8e77f003e58f92aa","3":"d0147770323bf6c913a672f31ac49256","4":"d1bb060e1d2465b94fde23b308c82f30","5":"642027e0dc5d6fe0e383f9c8b6453d6c","6":"7cdd4e1d6b845aedaf71e33a78a0f164","7":"725a2bc29fdee3828f24905b97afda08","8":"4f532987fa9021753e499704cc1998d0","9":"6ce90524a09ef856d3a08a7038715209","10":"6a03ee8f26eea9160cbb5d12946cb37c","11":"a3d49ab06b3c4cfdcaeec1ee6be2c11f","12":"8ce45c11dc2d0ef2edaaf6ecd5f2b8ff","13":"732ae7d99e94ec771af4f2525709bb66","14":"90becb516bb091bc1f699dadd4f5e4ef"},"home_team":{"0":"Philadelphia Phillies","1":"Miami Marlins","2":"Detroit Tigers","3":"Tampa Bay Rays","4":"Washington Nationals","5":"New York Yankees","6":"Chicago Cubs","7":"Kansas City Royals","8":"St. Louis Cardinals","9":"Houston Astros","10":"Colorado Rockies","11":"Los Angeles Angels","12":"Arizona Diamondbacks","13":"Seattle Mariners","14":"San Francisco Giants"},"away_team":{"0":"Athletics","1":"Baltimore Orioles","2":"Boston Red Sox","3":"Toronto Blue Jays","4":"Minnesota Twins","5":"Texas Rangers","6":"Cincinnati Reds","7":"Cleveland Guardians","8":"Milwaukee Brewers","9":"Los Angeles Dodgers","10":"New York Mets","11":"Chicago White Sox","12":"Pittsburgh Pirates","13":"Atlanta Braves","14":"San Diego Padres"},"home_spread":{"0":-1.5,"1":-1.5,"2":-1.5,"3":-1.5,"4":-1.5,"5":-1.5,"6":-1.5,"7":1.5,"8":-1.5,"9":1.5,"10":1.5,"11":-1.5,"12":-1.5,"13":-1.5,"14":-1.5},"away_spread":{"0":1.5,"1":1.5,"2":1.5,"3":1.5,"4":-1.5,"5":-1.5,"6":1.5,"7":-1.5,"8":-1.5,"9":-1.5,"10":-1.5,"11":-1.5,"12":-1.5,"13":1.5,"14":1.5},"best_home_odds":{"0":114,"1":165,"2":125,"3":175,"4":170,"5":165,"6":135,"7":-170,"8":190,"9":120,"10":-113,"11":170,"12":162,"13":160,"14":170},"best_away_odds":{"0":-130,"1":-185,"2":-140,"3":-195,"4":155,"5":168,"6":-150,"7":145,"8":164,"9":-126,"10":-105,"11":168,"12":153,"13":-176,"14":-184},"home_cover_nv_prob":{"0":0.4525777253,"1":0.3676233473,"2":0.4324324324,"3":0.354887218,"4":0.4857142857,"5":0.5028142589,"6":0.4149377593,"7":0.6067006555,"8":0.476534296,"9":0.4491255962,"10":0.5087854162,"11":0.4981412639,"12":0.4912621359,"13":0.3762268266,"14":0.3637295082},"away_cover_nv_prob":{"0":0.5474222747,"1":0.6323766527,"2":0.5675675676,"3":0.645112782,"4":0.5142857143,"5":0.4971857411,"6":0.5850622407,"7":0.3932993445,"8":0.523465704,"9":0.5508744038,"10":0.4912145838,"11":0.5018587361,"12":0.5087378641,"13":0.6237731734,"14":0.6362704918},"books_home":{"0":{"fanduel":{"odds":114,"spread":-1.5},"draftkings":{"odds":109,"spread":-1.5},"williamhill_us":{"odds":110,"spread":-1.5},"bovada":{"odds":110,"spread":-1.5},"betmgm":{"odds":110,"spread":-1.5}},"1":{"fanduel":{"odds":160,"spread":-1.5},"draftkings":{"odds":153,"spread":-1.5},"williamhill_us":{"odds":158,"spread":-1.5},"bovada":{"odds":160,"spread":-1.5},"betmgm":{"odds":165,"spread":-1.5}},"2":{"fanduel":{"odds":122,"spread":-1.5},"draftkings":{"odds":119,"spread":-1.5},"williamhill_us":{"odds":118,"spread":-1.5},"betmgm":{"odds":120,"spread":-1.5},"bovada":{"odds":125,"spread":-1.5}},"3":{"fanduel":{"odds":162,"spread":-1.5},"williamhill_us":{"odds":162,"spread":-1.5},"draftkings":{"odds":163,"spread":-1.5},"betmgm":{"odds":175,"spread":-1.5},"bovada":{"odds":170,"spread":-1.5}},"4":{"fanduel":{"odds":-160,"spread":1.5},"williamhill_us":{"odds":170,"spread":-1.5},"draftkings":{"odds":-169,"spread":1.5},"betmgm":{"odds":-185,"spread":1.5},"bovada":{"odds":-180,"spread":1.5}},"5":{"fanduel":{"odds":-205,"spread":1.5},"draftkings":{"odds":163,"spread":-1.5},"williamhill_us":{"odds":162,"spread":-1.5},"bovada":{"odds":165,"spread":-1.5},"betmgm":{"odds":165,"spread":-1.5}},"6":{"fanduel":{"odds":132,"spread":-1.5},"williamhill_us":{"odds":135,"spread":-1.5},"draftkings":{"odds":129,"spread":-1.5},"betmgm":{"odds":135,"spread":-1.5},"bovada":{"odds":130,"spread":-1.5}},"7":{"fanduel":{"odds":-170,"spread":1.5},"williamhill_us":{"odds":-170,"spread":1.5},"draftkings":{"odds":-171,"spread":1.5},"betmgm":{"odds":-170,"spread":1.5},"bovada":{"odds":-170,"spread":1.5}},"8":{"fanduel":{"odds":-200,"spread":1.5},"williamhill_us":{"odds":180,"spread":-1.5},"draftkings":{"odds":-182,"spread":1.5},"betmgm":{"odds":-190,"spread":1.5},"bovada":{"odds":190,"spread":-1.5}},"9":{"fanduel":{"odds":105,"spread":1.5},"williamhill_us":{"odds":118,"spread":1.5},"draftkings":{"odds":119,"spread":1.5},"betmgm":{"odds":115,"spread":1.5},"bovada":{"odds":120,"spread":1.5}},"10":{"fanduel":{"odds":-113,"spread":1.5},"williamhill_us":{"odds":-115,"spread":1.5},"draftkings":{"odds":-115,"spread":1.5},"betmgm":{"odds":-115,"spread":1.5},"bovada":{"odds":-115,"spread":1.5}},"11":{"fanduel":{"odds":-205,"spread":1.5},"draftkings":{"odds":-189,"spread":1.5},"williamhill_us":{"odds":-190,"spread":1.5},"bovada":{"odds":170,"spread":-1.5},"betmgm":{"odds":-190,"spread":1.5}},"12":{"fanduel":{"odds":160,"spread":-1.5},"williamhill_us":{"odds":162,"spread":-1.5},"draftkings":{"odds":-187,"spread":1.5},"betmgm":{"odds":160,"spread":-1.5},"bovada":{"odds":160,"spread":-1.5}},"13":{"fanduel":{"odds":146,"spread":-1.5},"williamhill_us":{"odds":158,"spread":-1.5},"draftkings":{"odds":153,"spread":-1.5},"bovada":{"odds":160,"spread":-1.5}},"14":{"fanduel":{"odds":152,"spread":-1.5},"draftkings":{"odds":163,"spread":-1.5},"williamhill_us":{"odds":158,"spread":-1.5},"bovada":{"odds":170,"spread":-1.5},"betmgm":{"odds":170,"spread":-1.5}}},"books_away":{"0":{"fanduel":{"odds":-137,"spread":1.5},"draftkings":{"odds":-131,"spread":1.5},"williamhill_us":{"odds":-130,"spread":1.5},"bovada":{"odds":-130,"spread":1.5},"betmgm":{"odds":-130,"spread":1.5}},"1":{"fanduel":{"odds":-194,"spread":1.5},"draftkings":{"odds":-186,"spread":1.5},"williamhill_us":{"odds":-190,"spread":1.5},"bovada":{"odds":-185,"spread":1.5},"betmgm":{"odds":-200,"spread":1.5}},"2":{"fanduel":{"odds":-146,"spread":1.5},"draftkings":{"odds":-143,"spread":1.5},"williamhill_us":{"odds":-140,"spread":1.5},"betmgm":{"odds":-145,"spread":1.5},"bovada":{"odds":-145,"spread":1.5}},"3":{"fanduel":{"odds":-196,"spread":1.5},"williamhill_us":{"odds":-195,"spread":1.5},"draftkings":{"odds":-199,"spread":1.5},"betmgm":{"odds":-235,"spread":1.5},"bovada":{"odds":-200,"spread":1.5}},"4":{"fanduel":{"odds":132,"spread":-1.5},"williamhill_us":{"odds":-205,"spread":1.5},"draftkings":{"odds":139,"spread":-1.5},"betmgm":{"odds":150,"spread":-1.5},"bovada":{"odds":155,"spread":-1.5}},"5":{"fanduel":{"odds":168,"spread":-1.5},"draftkings":{"odds":-199,"spread":1.5},"williamhill_us":{"odds":-195,"spread":1.5},"bovada":{"odds":-195,"spread":1.5},"betmgm":{"odds":-220,"spread":1.5}},"6":{"fanduel":{"odds":-160,"spread":1.5},"williamhill_us":{"odds":-160,"spread":1.5},"draftkings":{"odds":-156,"spread":1.5},"betmgm":{"odds":-160,"spread":1.5},"bovada":{"odds":-150,"spread":1.5}},"7":{"fanduel":{"odds":140,"spread":-1.5},"williamhill_us":{"odds":143,"spread":-1.5},"draftkings":{"odds":141,"spread":-1.5},"betmgm":{"odds":140,"spread":-1.5},"bovada":{"odds":145,"spread":-1.5}},"8":{"fanduel":{"odds":164,"spread":-1.5},"williamhill_us":{"odds":-220,"spread":1.5},"draftkings":{"odds":149,"spread":-1.5},"betmgm":{"odds":155,"spread":-1.5},"bovada":{"odds":-230,"spread":1.5}},"9":{"fanduel":{"odds":-126,"spread":-1.5},"williamhill_us":{"odds":-140,"spread":-1.5},"draftkings":{"odds":-143,"spread":-1.5},"betmgm":{"odds":-135,"spread":-1.5},"bovada":{"odds":-140,"spread":-1.5}},"10":{"fanduel":{"odds":-106,"spread":-1.5},"williamhill_us":{"odds":-105,"spread":-1.5},"draftkings":{"odds":-105,"spread":-1.5},"betmgm":{"odds":-105,"spread":-1.5},"bovada":{"odds":-105,"spread":-1.5}},"11":{"fanduel":{"odds":168,"spread":-1.5},"draftkings":{"odds":156,"spread":-1.5},"williamhill_us":{"odds":158,"spread":-1.5},"bovada":{"odds":-200,"spread":1.5},"betmgm":{"odds":154,"spread":-1.5}},"12":{"fanduel":{"odds":-194,"spread":1.5},"williamhill_us":{"odds":-195,"spread":1.5},"draftkings":{"odds":153,