{"game_id":{"0":"0efc76f321b5fc7e72e7e7641d5667f6","1":"765d27e397e587aa1885002dd751e9da","2":"8c92a04b11da0a1f6f84d1dfd48fbf9d","3":"ddd9481c210fa90dea318ad8e185cf22","4":"d32dadf5a576ba276bac1775287783ba","5":"95952a4215c0c1d281c4dcbed7471d28","6":"6493e9132fdd464eebd5031d8ad02c41","7":"4018fbc29a76d2079208cbe8913a9de1","8":"1587b2f52f5f1a490cebb01e524ec361","9":"57848c1e5cf12fb46c9c6e5c89c1022e","10":"274a30921628d47bff96d4b5f37f6a19","11":"2106f4fc8ef576eac2a39262d02f66e7","12":"26c7991c125b7365c82472e2468e59a6","13":"bc8152dee5f6a9c85e452cc78f0747e4","14":"18e8a4acb1d40019544cfef0a5f07ef1"},"home_team":{"0":"Cincinnati Reds","1":"Pittsburgh Pirates","2":"Washington Nationals","3":"Baltimore Orioles","4":"Cleveland Guardians","5":"Tampa Bay Rays","6":"New York Mets","7":"St. Louis Cardinals","8":"Chicago White Sox","9":"Texas Rangers","10":"Houston Astros","11":"Colorado Rockies","12":"Athletics","13":"Seattle Mariners","14":"Los Angeles Dodgers"},"away_team":{"0":"Atlanta Braves","1":"Minnesota Twins","2":"San Diego Padres","3":"Toronto Blue Jays","4":"Boston Red Sox","5":"Los Angeles Angels","6":"Miami Marlins","7":"Chicago Cubs","8":"Detroit Tigers","9":"Kansas City Royals","10":"Milwaukee Brewers","11":"San Francisco Giants","12":"New York Yankees","13":"Arizona Diamondbacks","14":"Philadelphia Phillies"},"home_spread":{"0":1.5,"1":-1.5,"2":1.5,"3":-1.5,"4":-1.5,"5":-1.5,"6":-1.5,"7":1.5,"8":1.5,"9":-1.5,"10":1.5,"11":1.5,"12":1.5,"13":-1.5,"14":-1.5},"away_spread":{"0":-1.5,"1":1.5,"2":-1.5,"3":-1.5,"4":-1.5,"5":1.5,"6":-1.5,"7":-1.5,"8":-1.5,"9":1.5,"10":-1.5,"11":-1.5,"12":-1.5,"13":1.5,"14":-1.5},"best_home_odds":{"0":-126,"1":158,"2":-170,"3":185,"4":180,"5":125,"6":180,"7":-140,"8":-160,"9":172,"10":-162,"11":-109,"12":-125,"13":145,"14":175},"best_away_odds":{"0":115,"1":-175,"2":152,"3":168,"4":160,"5":-135,"6":162,"7":125,"8":140,"9":-195,"10":140,"11":-110,"12":106,"13":-166,"14":165},"home_cover_nv_prob":{"0":0.5451801167,"1":0.3785271851,"2":0.6134020619,"3":0.4846292948,"4":0.4814814815,"5":0.4361948956,"6":0.4833948339,"7":0.5675675676,"8":0.5962732919,"9":0.3574024715,"10":0.5974185618,"11":0.4989102005,"12":0.5336787565,"13":0.395421436,"14":0.4907407407},"away_cover_nv_prob":{"0":0.4548198833,"1":0.6214728149,"2":0.3865979381,"3":0.5153707052,"4":0.5185185185,"5":0.5638051044,"6":0.5166051661,"7":0.4324324324,"8":0.4037267081,"9":0.6425975285,"10":0.4025814382,"11":0.5010897995,"12":0.4663212435,"13":0.604578564,"14":0.5092592593},"books_home":{"0":{"fanduel":{"odds":-126,"spread":1.5},"bovada":{"odds":-130,"spread":1.5},"draftkings":{"odds":-135,"spread":1.5},"williamhill_us":{"odds":-135,"spread":1.5},"betmgm":{"odds":-135,"spread":1.5}},"1":{"fanduel":{"odds":158,"spread":-1.5},"bovada":{"odds":150,"spread":-1.5},"draftkings":{"odds":144,"spread":-1.5},"williamhill_us":{"odds":150,"spread":-1.5}},"2":{"fanduel":{"odds":-184,"spread":1.5},"bovada":{"odds":-175,"spread":1.5},"draftkings":{"odds":-171,"spread":1.5},"williamhill_us":{"odds":-170,"spread":1.5},"betmgm":{"odds":-170,"spread":1.5}},"3":{"fanduel":{"odds":-205,"spread":1.5},"draftkings":{"odds":-177,"spread":1.5},"bovada":{"odds":185,"spread":-1.5},"williamhill_us":{"odds":-178,"spread":1.5},"betmgm":{"odds":-180,"spread":1.5}},"4":{"fanduel":{"odds":172,"spread":-1.5},"bovada":{"odds":180,"spread":-1.5},"draftkings":{"odds":-196,"spread":1.5},"williamhill_us":{"odds":170,"spread":-1.5},"betmgm":{"odds":165,"spread":-1.5}},"5":{"fanduel":{"odds":125,"spread":-1.5},"bovada":{"odds":115,"spread":-1.5},"draftkings":{"odds":113,"spread":-1.5},"williamhill_us":{"odds":115,"spread":-1.5},"betmgm":{"odds":115,"spread":-1.5}},"6":{"fanduel":{"odds":176,"spread":-1.5},"bovada":{"odds":180,"spread":-1.5},"draftkings":{"odds":-198,"spread":1.5},"williamhill_us":{"odds":175,"spread":-1.5},"betmgm":{"odds":165,"spread":-1.5}},"7":{"fanduel":{"odds":-144,"spread":1.5},"bovada":{"odds":-145,"spread":1.5},"draftkings":{"odds":-144,"spread":1.5},"williamhill_us":{"odds":-140,"spread":1.5},"betmgm":{"odds":-145,"spread":1.5}},"8":{"fanduel":{"odds":-166,"spread":1.5},"bovada":{"odds":-165,"spread":1.5},"draftkings":{"odds":-167,"spread":1.5},"williamhill_us":{"odds":-160,"spread":1.5},"betmgm":{"odds":-165,"spread":1.5}},"9":{"fanduel":{"odds":172,"spread":-1.5},"bovada":{"odds":170,"spread":-1.5},"draftkings":{"odds":163,"spread":-1.5},"williamhill_us":{"odds":162,"spread":-1.5},"betmgm":{"odds":165,"spread":-1.5}},"10":{"fanduel":{"odds":-162,"spread":1.5},"williamhill_us":{"odds":-165,"spread":1.5},"betmgm":{"odds":-165,"spread":1.5},"draftkings":{"odds":-167,"spread":1.5},"bovada":{"odds":-165,"spread":1.5}},"11":{"fanduel":{"odds":-110,"spread":1.5},"bovada":{"odds":-110,"spread":1.5},"draftkings":{"odds":-109,"spread":1.5},"williamhill_us":{"odds":-110,"spread":1.5},"betmgm":{"odds":-110,"spread":1.5}},"12":{"fanduel":{"odds":-128,"spread":1.5},"bovada":{"odds":-125,"spread":1.5},"draftkings":{"odds":-125,"spread":1.5},"williamhill_us":{"odds":-125,"spread":1.5},"betmgm":{"odds":-125,"spread":1.5}},"13":{"fanduel":{"odds":138,"spread":-1.5},"bovada":{"odds":145,"spread":-1.5},"draftkings":{"odds":144,"spread":-1.5},"williamhill_us":{"odds":143,"spread":-1.5},"betmgm":{"odds":145,"spread":-1.5}},"14":{"fanduel":{"odds":-194,"spread":1.5},"bovada":{"odds":175,"spread":-1.5},"draftkings":{"odds":-192,"spread":1.5},"williamhill_us":{"odds":170,"spread":-1.5},"betmgm":{"odds":-200,"spread":1.5}}},"books_away":{"0":{"fanduel":{"odds":105,"spread":-1.5},"bovada":{"odds":110,"spread":-1.5},"draftkings":{"odds":112,"spread":-1.5},"williamhill_us":{"odds":115,"spread":-1.5},"betmgm":{"odds":110,"spread":-1.5}},"1":{"fanduel":{"odds":-192,"spread":1.5},"bovada":{"odds":-175,"spread":1.5},"draftkings":{"odds":-175,"spread":1.5},"williamhill_us":{"odds":-178,"spread":1.5}},"2":{"fanduel":{"odds":152,"spread":-1.5},"bovada":{"odds":150,"spread":-1.5},"draftkings":{"odds":141,"spread":-1.5},"williamhill_us":{"odds":143,"spread":-1.5},"betmgm":{"odds":140,"spread":-1.5}},"3":{"fanduel":{"odds":168,"spread":-1.5},"draftkings":{"odds":145,"spread":-1.5},"bovada":{"odds":-225,"spread":1.5},"williamhill_us":{"odds":150,"spread":-1.5},"betmgm":{"odds":145,"spread":-1.5}},"4":{"fanduel":{"odds":-210,"spread":1.5},"bovada":{"odds":-220,"spread":1.5},"draftkings":{"odds":160,"spread":-1.5},"williamhill_us":{"odds":-205,"spread":1.5},"betmgm":{"odds":-220,"spread":1.5}},"5":{"fanduel":{"odds":-150,"spread":1.5},"bovada":{"odds":-135,"spread":1.5},"draftkings":{"odds":-136,"spread":1.5},"williamhill_us":{"odds":-135,"spread":1.5},"betmgm":{"odds":-140,"spread":1.5}},"6":{"fanduel":{"odds":-215,"spread":1.5},"bovada":{"odds":-220,"spread":1.5},"draftkings":{"odds":162,"spread":-1.5},"williamhill_us":{"odds":-210,"spread":1.5},"betmgm":{"odds":-220,"spread":1.5}},"7":{"fanduel":{"odds":120,"spread":-1.5},"bovada":{"odds":125,"spread":-1.5},"draftkings":{"odds":119,"spread":-1.5},"williamhill_us":{"odds":118,"spread":-1.5},"betmgm":{"odds":118,"spread":-1.5}},"8":{"fanduel":{"odds":138,"spread":-1.5},"bovada":{"odds":140,"spread":-1.5},"draftkings":{"odds":138,"spread":-1.5},"williamhill_us":{"odds":135,"spread":-1.5},"betmgm":{"odds":135,"spread":-1.5}},"9":{"fanduel":{"odds":-210,"spread":1.5},"bovada":{"odds":-200,"spread":1.5},"draftkings":{"odds":-199,"spread":1.5},"williamhill_us":{"odds":-195,"spread":1.5},"betmgm":{"odds":-200,"spread":1.5}},"10":{"fanduel":{"odds":134,"spread":-1.5},"williamhill_us":{"odds":140,"spread":-1.5},"betmgm":{"odds":135,"spread":-1.5},"draftkings":{"odds":138,"spread":-1.5},"bovada":{"odds":140,"spread":-1.5}},"11":{"fanduel":{"odds":-110,"spread":-1.5},"bovada":{"odds":-110,"spread":-1.5},"draftkings":{"odds":-110,"spread":-1.5},"williamhill_us":{"odds":-110,"spread":-1.5},"betmgm":{"odds":-110,"spread":-1.5}},"12":{"fanduel":{"odds":106,"spread":-1.5},"bovada":{"odds":105,"spread":-1.5},"draftkings":{"odds":104,"spread":-1.5},"williamhill_us":{"odds":105,