{"game_id":{"0":"45655eea8b0523564f56d5ba45520388","1":"3eb605c9b25ccc2ad16334a2f4a4c17e","2":"7067ff8b35400b4b9c0c1b2cf807fe58","3":"534d4f4aa2042d0efb0d307c77b7b0bf","4":"72adcb72b594dcf90c1756f4f9358d4c","5":"a1ab635fdacdca4f7d8f471d141a873f","6":"6c36be674cd46d59ac8a57a727b8a4ca","7":"f396e7f6c0d265d701a8b7123bbcee83","8":"7e51baba35f9e72d4028c265cbceb500","9":"261a880b71d678f267d194c3e11c1880","10":"e0edf79975e2cd47e757ea67749e43fd","11":"49988d9d2bd029a05b88766f7a72ca27","12":"ed205a37de8d35d5fe44ef82f8644637","13":"4dab71b3bef20d97c215141ed121a95b","14":"0d33220f9d453b16cf8525818ee29051"},"home_team":{"0":"Chicago Cubs","1":"Cleveland Guardians","2":"Philadelphia Phillies","3":"Pittsburgh Pirates","4":"Washington Nationals","5":"New York Yankees","6":"Miami Marlins","7":"Boston Red Sox","8":"Minnesota Twins","9":"Houston Astros","10":"Colorado Rockies","11":"Los Angeles Angels","12":"Arizona Diamondbacks","13":"Athletics","14":"Seattle Mariners"},"away_team":{"0":"New York Mets","1":"Baltimore Orioles","2":"Atlanta Braves","3":"Tampa Bay Rays","4":"San Francisco Giants","5":"Kansas City Royals","6":"Milwaukee Brewers","7":"Detroit Tigers","8":"Cincinnati Reds","9":"St. Louis Cardinals","10":"Los Angeles Dodgers","11":"San Diego Padres","12":"Toronto Blue Jays","13":"Chicago White Sox","14":"Texas Rangers"},"home_spread":{"0":-1.5,"1":-1.5,"2":1.5,"3":-1.5,"4":1.5,"5":-1.5,"6":-1.5,"7":-1.5,"8":-1.5,"9":-1.5,"10":1.5,"11":-1.5,"12":-1.5,"13":-1.5,"14":-1.5},"away_spread":{"0":1.5,"1":1.5,"2":-1.5,"3":1.5,"4":-1.5,"5":1.5,"6":-1.5,"7":1.5,"8":1.5,"9":1.5,"10":-2.5,"11":1.5,"12":1.5,"13":1.5,"14":1.5},"best_home_odds":{"0":135,"1":155,"2":-162,"3":155,"4":-128,"5":120,"6":185,"7":170,"8":125,"9":158,"10":159,"11":165,"12":150,"13":135,"14":180},"best_away_odds":{"0":-154,"1":-178,"2":145,"3":-178,"4":110,"5":-135,"6":160,"7":-194,"8":-144,"9":-178,"10":-135,"11":-170,"12":-170,"13":-140,"14":-200},"home_cover_nv_prob":{"0":0.4124046111,"1":0.3798333106,"2":0.6023675823,"3":0.3798333106,"4":0.5410628019,"5":0.4417293233,"6":0.4770642202,"7":0.3595011005,"8":0.4295774648,"9":0.37708209,"10":0.4019498845,"11":0.3747397641,"12":0.3884892086,"13":0.4217926186,"14":0.3488372093},"away_cover_nv_prob":{"0":0.5875953889,"1":0.6201666894,"2":0.3976324177,"3":0.6201666894,"4":0.4589371981,"5":0.5582706767,"6":0.5229357798,"7":0.6404988995,"8":0.5704225352,"9":0.62291791,"10":0.5980501155,"11":0.6252602359,"12":0.6115107914,"13":0.5782073814,"14":0.6511627907},"books_home":{"0":{"fanduel":{"odds":128,"spread":-1.5},"draftkings":{"odds":129,"spread":-1.5},"williamhill_us":{"odds":130,"spread":-1.5},"betmgm":{"odds":135,"spread":-1.5},"bovada":{"odds":135,"spread":-1.5}},"1":{"fanduel":{"odds":155,"spread":-1.5},"draftkings":{"odds":149,"spread":-1.5},"williamhill_us":{"odds":150,"spread":-1.5},"betmgm":{"odds":155,"spread":-1.5},"bovada":{"odds":155,"spread":-1.5}},"2":{"fanduel":{"odds":-162,"spread":1.5},"draftkings":{"odds":-171,"spread":1.5},"williamhill_us":{"odds":-165,"spread":1.5},"betmgm":{"odds":-180,"spread":1.5},"bovada":{"odds":-165,"spread":1.5}},"3":{"fanduel":{"odds":152,"spread":-1.5},"williamhill_us":{"odds":150,"spread":-1.5},"draftkings":{"odds":149,"spread":-1.5},"betmgm":{"odds":155,"spread":-1.5},"bovada":{"odds":155,"spread":-1.5}},"4":{"fanduel":{"odds":-128,"spread":1.5},"williamhill_us":{"odds":-130,"spread":1.5},"draftkings":{"odds":-131,"spread":1.5},"betmgm":{"odds":-130,"spread":1.5},"bovada":{"odds":-130,"spread":1.5}},"5":{"fanduel":{"odds":116,"spread":-1.5},"draftkings":{"odds":119,"spread":-1.5},"williamhill_us":{"odds":118,"spread":-1.5},"betmgm":{"odds":120,"spread":-1.5},"bovada":{"odds":115,"spread":-1.5}},"6":{"fanduel":{"odds":-194,"spread":1.5},"bovada":{"odds":185,"spread":-1.5},"draftkings":{"odds":-179,"spread":1.5},"williamhill_us":{"odds":175,"spread":-1.5},"betmgm":{"odds":-190,"spread":1.5}},"7":{"fanduel":{"odds":164,"spread":-1.5},"draftkings":{"odds":159,"spread":-1.5},"williamhill_us":{"odds":162,"spread":-1.5},"betmgm":{"odds":170,"spread":-1.5},"bovada":{"odds":165,"spread":-1.5}},"8":{"fanduel":{"odds":120,"spread":-1.5},"draftkings":{"odds":123,"spread":-1.5},"williamhill_us":{"odds":122,"spread":-1.5},"betmgm":{"odds":125,"spread":-1.5},"bovada":{"odds":125,"spread":-1.5}},"9":{"fanduel":{"odds":146,"spread":-1.5},"betmgm":{"odds":155,"spread":-1.5},"draftkings":{"odds":153,"spread":-1.5},"williamhill_us":{"odds":158,"spread":-1.5},"bovada":{"odds":155,"spread":-1.5}},"10":{"fanduel":{"odds":146,"spread":1.5},"williamhill_us":{"odds":158,"spread":1.5},"bovada":{"odds":155,"spread":1.5},"draftkings":{"odds":159,"spread":1.5},"betmgm":{"odds":110,"spread":2.5}},"11":{"fanduel":{"odds":150,"spread":-1.5},"bovada":{"odds":150,"spread":-1.5},"williamhill_us":{"odds":143,"spread":-1.5},"draftkings":{"odds":144,"spread":-1.5},"betmgm":{"odds":165,"spread":-1.5}},"12":{"fanduel":{"odds":146,"spread":-1.5},"williamhill_us":{"odds":143,"spread":-1.5},"draftkings":{"odds":144,"spread":-1.5},"betmgm":{"odds":150,"spread":-1.5},"bovada":{"odds":150,"spread":-1.5}},"13":{"fanduel":{"odds":126,"spread":-1.5},"draftkings":{"odds":123,"spread":-1.5},"williamhill_us":{"odds":122,"spread":-1.5},"betmgm":{"odds":135,"spread":-1.5},"bovada":{"odds":120,"spread":-1.5}},"14":{"fanduel":{"odds":180,"spread":-1.5},"draftkings":{"odds":169,"spread":-1.5},"williamhill_us":{"odds":170,"spread":-1.5},"betmgm":{"odds":180,"spread":-1.5},"bovada":{"odds":170,"spread":-1.5}}},"books_away":{"0":{"fanduel":{"odds":-154,"spread":1.5},"draftkings":{"odds":-156,"spread":1.5},"williamhill_us":{"odds":-155,"spread":1.5},"betmgm":{"odds":-160,"spread":1.5},"bovada":{"odds":-160,"spread":1.5}},"1":{"fanduel":{"odds":-188,"spread":1.5},"draftkings":{"odds":-181,"spread":1.5},"williamhill_us":{"odds":-178,"spread":1.5},"betmgm":{"odds":-190,"spread":1.5},"bovada":{"odds":-180,"spread":1.5}},"2":{"fanduel":{"odds":134,"spread":-1.5},"draftkings":{"odds":141,"spread":-1.5},"williamhill_us":{"odds":140,"spread":-1.5},"betmgm":{"odds":145,"spread":-1.5},"bovada":{"odds":140,"spread":-1.5}},"3":{"fanduel":{"odds":-184,"spread":1.5},"williamhill_us":{"odds":-178,"spread":1.5},"draftkings":{"odds":-181,"spread":1.5},"betmgm":{"odds":-190,"spread":1.5},"bovada":{"odds":-180,"spread":1.5}},"4":{"fanduel":{"odds":106,"spread":-1.5},"williamhill_us":{"odds":110,"spread":-1.5},"draftkings":{"odds":109,"spread":-1.5},"betmgm":{"odds":105,"spread":-1.5},"bovada":{"odds":110,"spread":-1.5}},"5":{"fanduel":{"odds":-140,"spread":1.5},"draftkings":{"odds":-143,"spread":1.5},"williamhill_us":{"odds":-140,"spread":1.5},"betmgm":{"odds":-145,"spread":1.5},"bovada":{"odds":-135,"spread":1.5}},"6":{"fanduel":{"odds":160,"spread":-1.5},"bovada":{"odds":-225,"spread":1.5},"draftkings":{"odds":147,"spread":-1.5},"williamhill_us":{"odds":-210,"spread":1.5},"betmgm":{"odds":155,"spread":-1.5}},"7":{"fanduel":{"odds":-200,"spread":1.5},"draftkings":{"odds":-194,"spread":1.5},"williamhill_us":{"odds":-195,"spread":1.5},"betmgm":{"odds":-210,"spread":1.5},"bovada":{"odds":-195,"spread":1.5}},"8":{"fanduel":{"odds":-144,"spread":1.5},"draftkings":{"odds":-149,"spread":1.5},"williamhill_us":{"odds":-145,"spread":1.5},"betmgm":{"odds":-150,"spread":1.5},"bovada":{"odds":-145,"spread":1.5}},"9":{"fanduel":{"odds":-178,"spread":1.5},"betmgm":{"odds":-190,"spread":1.5},"draftkings":{"odds":-186,"spread":1.5},"williamhill_us":{"odds":-190,"spread":1.5},"bovada":{"odds":-180,"spread":1.5}},"10":{"fanduel":{"odds":-178,"spread":-1.5},"williamhill_us":{"odds":-190,"spread":-1.5},"bovada":{"odds":-180,"spread":-1.5},"draftkings":{"odds":-194,"spread":-1.5},"betmgm":{"odds":-135,"spread":-2.5}},"11":{"fanduel":{"odds":-182,"spread":1.5},"bovada":{"odds":-175,"spread":1.5},"williamhill_us":{"odds":-170,"spread":1.5},"draftkings":{"odds":-175,"spread":1.5},"betmgm":{"odds":-200,"spread":1.5}},"12":{"fanduel":{"odds":-178,"spread":1.5},"williamhill_us":{"odds":-170,"spread":1.5},