{"game_id":{"0":"ae09768ff9ace4d90b4d8b78be0ac325","1":"c974a8cecb0d3237e2c78f1920c5eaf3","2":"54706a0490ebce80c512adf788e6b1d2","3":"d830cdcc631105b0bba70245ff339e90","4":"9ba5958467f2222cf1204d56f898ed51","5":"71b59fe2207f3970c30c5dacc7d3956d","6":"ec5b231b8737543f956f9575bc81de01","7":"a1ca821baa20137a228b1dff8e70c21d","8":"97bf3716f67af1bbeb31d15893f46ec1","9":"9dc0d5b7cb72b6692039e5b9a98b9c02","10":"0df79000a907b712204a8a3cf32bd442","11":"36672faae36a4b8104686a4a2068f311","12":"00aa355eed768f248a9d925736ced07e","13":"17b57496d4b06d4d4ecabf5046cb5e37","14":"d66cf630e36e9449d187a5ac8311303c"},"home_team":{"0":"Miami Marlins","1":"Tampa Bay Rays","2":"Philadelphia Phillies","3":"Detroit Tigers","4":"Washington Nationals","5":"New York Yankees","6":"Kansas City Royals","7":"Chicago Cubs","8":"Minnesota Twins","9":"St. Louis Cardinals","10":"Colorado Rockies","11":"Los Angeles Angels","12":"Arizona Diamondbacks","13":"Seattle Mariners","14":"San Diego Padres"},"away_team":{"0":"Atlanta Braves","1":"Baltimore Orioles","2":"Cincinnati Reds","3":"Cleveland Guardians","4":"New York Mets","5":"Toronto Blue Jays","6":"Boston Red Sox","7":"Milwaukee Brewers","8":"Houston Astros","9":"Pittsburgh Pirates","10":"Texas Rangers","11":"Athletics","12":"San Francisco Giants","13":"Chicago White Sox","14":"Los Angeles Dodgers"},"home_spread":{"0":1.5,"1":-1.5,"2":-1.5,"3":1.5,"4":1.5,"5":-1.5,"6":1.5,"7":1.5,"8":-1.5,"9":-1.5,"10":1.5,"11":-1.5,"12":-1.5,"13":-1.5,"14":1.5},"away_spread":{"0":-1.5,"1":-1.5,"2":1.5,"3":-1.5,"4":-1.5,"5":1.5,"6":-1.5,"7":-1.5,"8":1.5,"9":-1.5,"10":-1.5,"11":1.5,"12":-1.5,"13":1.5,"14":-1.5},"best_home_odds":{"0":-135,"1":170,"2":150,"3":-160,"4":-130,"5":150,"6":-160,"7":-165,"8":150,"9":180,"10":-145,"11":155,"12":170,"13":145,"14":-120},"best_away_odds":{"0":116,"1":170,"2":-170,"3":142,"4":110,"5":-170,"6":135,"7":150,"8":-175,"9":165,"10":125,"11":-178,"12":168,"13":-170,"14":110},"home_cover_nv_prob":{"0":0.5537409799,"1":0.5,"2":0.3884892086,"3":0.5982694685,"4":0.5427435388,"5":0.3884892086,"6":0.5911949686,"7":0.6088560886,"8":0.3859649123,"9":0.4862385321,"10":0.5711159737,"11":0.3798333106,"12":0.4981412639,"13":0.3932993445,"14":0.5338983051},"away_cover_nv_prob":{"0":0.4462590201,"1":0.5,"2":0.6115107914,"3":0.4017305315,"4":0.4572564612,"5":0.6115107914,"6":0.4088050314,"7":0.3911439114,"8":0.6140350877,"9":0.5137614679,"10":0.4288840263,"11":0.6201666894,"12":0.5018587361,"13":0.6067006555,"14":0.4661016949},"books_home":{"0":{"fanduel":{"odds":-140,"spread":1.5},"draftkings":{"odds":-137,"spread":1.5},"betmgm":{"odds":-140,"spread":1.5},"bovada":{"odds":-135,"spread":1.5}},"1":{"fanduel":{"odds":168,"spread":-1.5},"draftkings":{"odds":-203,"spread":1.5},"betmgm":{"odds":-210,"spread":1.5},"bovada":{"odds":170,"spread":-1.5}},"2":{"fanduel":{"odds":146,"spread":-1.5},"draftkings":{"odds":144,"spread":-1.5},"betmgm":{"odds":140,"spread":-1.5},"bovada":{"odds":150,"spread":-1.5}},"3":{"fanduel":{"odds":-172,"spread":1.5},"draftkings":{"odds":-167,"spread":1.5},"betmgm":{"odds":-165,"spread":1.5},"bovada":{"odds":-160,"spread":1.5}},"4":{"fanduel":{"odds":-130,"spread":1.5},"draftkings":{"odds":-130,"spread":1.5},"betmgm":{"odds":-130,"spread":1.5},"bovada":{"odds":-130,"spread":1.5}},"5":{"fanduel":{"odds":140,"spread":-1.5},"draftkings":{"odds":144,"spread":-1.5},"betmgm":{"odds":150,"spread":-1.5},"bovada":{"odds":150,"spread":-1.5}},"6":{"fanduel":{"odds":-162,"spread":1.5},"draftkings":{"odds":-162,"spread":1.5},"betmgm":{"odds":-165,"spread":1.5},"bovada":{"odds":-160,"spread":1.5}},"7":{"fanduel":{"odds":-176,"spread":1.5},"draftkings":{"odds":-168,"spread":1.5},"betmgm":{"odds":-165,"spread":1.5},"bovada":{"odds":-175,"spread":1.5}},"8":{"fanduel":{"odds":146,"spread":-1.5},"draftkings":{"odds":144,"spread":-1.5},"betmgm":{"odds":145,"spread":-1.5},"bovada":{"odds":150,"spread":-1.5}},"9":{"fanduel":{"odds":-184,"spread":1.5},"draftkings":{"odds":-186,"spread":1.5},"betmgm":{"odds":-200,"spread":1.5},"bovada":{"odds":180,"spread":-1.5}},"10":{"fanduel":{"odds":-150,"spread":1.5},"draftkings":{"odds":-148,"spread":1.5},"betmgm":{"odds":-150,"spread":1.5},"bovada":{"odds":-145,"spread":1.5}},"11":{"fanduel":{"odds":146,"spread":-1.5},"draftkings":{"odds":153,"spread":-1.5},"betmgm":{"odds":155,"spread":-1.5},"bovada":{"odds":155,"spread":-1.5}},"12":{"fanduel":{"odds":-205,"spread":1.5},"draftkings":{"odds":-192,"spread":1.5},"betmgm":{"odds":-210,"spread":1.5},"bovada":{"odds":170,"spread":-1.5}},"13":{"fanduel":{"odds":140,"spread":-1.5},"betmgm":{"odds":140,"spread":-1.5},"draftkings":{"odds":141,"spread":-1.5},"bovada":{"odds":145,"spread":-1.5}},"14":{"fanduel":{"odds":-128,"spread":1.5},"draftkings":{"odds":-126,"spread":1.5},"betmgm":{"odds":-120,"spread":1.5},"bovada":{"odds":-130,"spread":1.5}}},"books_away":{"0":{"fanduel":{"odds":116,"spread":-1.5},"draftkings":{"odds":114,"spread":-1.5},"betmgm":{"odds":115,"spread":-1.5},"bovada":{"odds":115,"spread":-1.5}},"1":{"fanduel":{"odds":-205,"spread":1.5},"draftkings":{"odds":166,"spread":-1.5},"betmgm":{"odds":170,"spread":-1.5},"bovada":{"odds":-200,"spread":1.5}},"2":{"fanduel":{"odds":-178,"spread":1.5},"draftkings":{"odds":-175,"spread":1.5},"betmgm":{"odds":-170,"spread":1.5},"bovada":{"odds":-175,"spread":1.5}},"3":{"fanduel":{"odds":142,"spread":-1.5},"draftkings":{"odds":137,"spread":-1.5},"betmgm":{"odds":135,"spread":-1.5},"bovada":{"odds":135,"spread":-1.5}},"4":{"fanduel":{"odds":108,"spread":-1.5},"draftkings":{"odds":108,"spread":-1.5},"betmgm":{"odds":105,"spread":-1.5},"bovada":{"odds":110,"spread":-1.5}},"5":{"fanduel":{"odds":-170,"spread":1.5},"draftkings":{"odds":-175,"spread":1.5},"betmgm":{"odds":-185,"spread":1.5},"bovada":{"odds":-175,"spread":1.5}},"6":{"fanduel":{"odds":134,"spread":-1.5},"draftkings":{"odds":134,"spread":-1.5},"betmgm":{"odds":135,"spread":-1.5},"bovada":{"odds":135,"spread":-1.5}},"7":{"fanduel":{"odds":146,"spread":-1.5},"draftkings":{"odds":139,"spread":-1.5},"betmgm":{"odds":135,"spread":-1.5},"bovada":{"odds":150,"spread":-1.5}},"8":{"fanduel":{"odds":-178,"spread":1.5},"draftkings":{"odds":-175,"spread":1.5},"betmgm":{"odds":-175,"spread":1.5},"bovada":{"odds":-175,"spread":1.5}},"9":{"fanduel":{"odds":152,"spread":-1.5},"draftkings":{"odds":153,"spread":-1.5},"betmgm":{"odds":165,"spread":-1.5},"bovada":{"odds":-220,"spread":1.5}},"10":{"fanduel":{"odds":125,"spread":-1.5},"draftkings":{"odds":123,"spread":-1.5},"betmgm":{"odds":125,"spread":-1.5},"bovada":{"odds":125,"spread":-1.5}},"11":{"fanduel":{"odds":-178,"spread":1.5},"draftkings":{"odds":-186,"spread":1.5},"betmgm":{"odds":-190,"spread":1.5},"bovada":{"odds":-180,"spread":1.5}},"12":{"fanduel":{"odds":168,"spread":-1.5},"draftkings":{"odds":157,"spread":-1.5},"betmgm":{"odds":160,"spread":-1.5},"bovada":{"odds":-200,"spread":1.5}},"13":{"fanduel":{"odds":-170,"spread":1.5},"betmgm":{"odds":-170,"spread":1.5},"draftkings":{"odds":-171,"spread":1.5},"bovada":{"odds":-170,"spread":1.5}},"14":{"fanduel":{"odds":106,"spread":-1.5},"draftkings":{"odds":104,"spread":-1.5},"betmgm":{"odds":100,"spread":-1.5},"bovada":{"odds":110,"spread":-1.5}}}}