{"game_id":{"0":"3385f13848d741d7dbed13f55c4e5406","1":"c489d951af8ab8f1fd4ae78c8d3ecfd0","2":"5b9a17363d625eecc39a522f99d7e6b5","3":"52936746b7bd1b536bb6d7d2bb159424","4":"a14b7bea51fe65613c31f6f978b654bf","5":"ec4cae25ad07349a66d527ea9274b717","6":"6c9cb91ce383f581ac4ff00dd0d3248d","7":"79c9ee89726e9d404bcade277b077b42","8":"af71fc71bb598645a13d40236b310307","9":"e8be77d7e0434ff6005f40b113e2d7af","10":"7f1c3f57ba34142cb47323252198021a","11":"69ef7f2129dac23a729038e1ae0119f7","12":"cf85c204537d496410ae11148df91af4","13":"71c529205c80b00be4370b29fc54ecb5","14":"08abb04c1fb579ea1862e99efa0b8947"},"home_team":{"0":"Atlanta Braves","1":"New York Yankees","2":"Detroit Tigers","3":"Miami Marlins","4":"Tampa Bay Rays","5":"Houston Astros","6":"Kansas City Royals","7":"Chicago Cubs","8":"Texas Rangers","9":"Colorado Rockies","10":"Arizona Diamondbacks","11":"Athletics","12":"Los Angeles Dodgers","13":"Seattle Mariners","14":"Philadelphia Phillies"},"away_team":{"0":"Milwaukee Brewers","1":"Cincinnati Reds","2":"Chicago White Sox","3":"San Francisco Giants","4":"Washington Nationals","5":"Cleveland Guardians","6":"St. Louis Cardinals","7":"Toronto Blue Jays","8":"San Diego Padres","9":"Pittsburgh Pirates","10":"Minnesota Twins","11":"Los Angeles Angels","12":"Baltimore Orioles","13":"Boston Red Sox","14":"New York Mets"},"home_spread":{"0":-1.5,"1":-1.5,"2":-1.5,"3":1.5,"4":-1.5,"5":-1.5,"6":1.5,"7":1.5,"8":-1.5,"9":1.5,"10":-1.5,"11":-1.5,"12":-1.5,"13":-1.5,"14":-1.5},"away_spread":{"0":-1.5,"1":-1.5,"2":-1.5,"3":-1.5,"4":1.5,"5":1.5,"6":-1.5,"7":-1.5,"8":1.5,"9":-1.5,"10":1.5,"11":-1.5,"12":1.5,"13":1.5,"14":1.5},"best_home_odds":{"0":165,"1":175,"2":175,"3":-137,"4":160,"5":158,"6":-155,"7":-170,"8":150,"9":-120,"10":152,"11":160,"12":-110,"13":165,"14":110},"best_away_odds":{"0":155,"1":155,"2":160,"3":120,"4":-182,"5":-178,"6":135,"7":150,"8":-170,"9":106,"10":-170,"11":155,"12":-108,"13":-190,"14":-120},"home_cover_nv_prob":{"0":0.4903846154,"1":0.4811320755,"2":0.4859813084,"3":0.5598068351,"4":0.3734110169,"5":0.37708209,"6":0.5882115462,"7":0.6115107914,"8":0.3884892086,"9":0.529109589,"10":0.3865979381,"11":0.4951456311,"12":0.5021949078,"13":0.3654694392,"14":0.4661016949},"away_cover_nv_prob":{"0":0.5096153846,"1":0.5188679245,"2":0.5140186916,"3":0.4401931649,"4":0.6265889831,"5":0.62291791,"6":0.4117884538,"7":0.3884892086,"8":0.6115107914,"9":0.470890411,"10":0.6134020619,"11":0.5048543689,"12":0.4978050922,"13":0.6345305608,"14":0.5338983051},"books_home":{"0":{"fanduel":{"odds":-184,"spread":1.5},"draftkings":{"odds":158,"spread":-1.5},"williamhill_us":{"odds":158,"spread":-1.5},"betmgm":{"odds":155,"spread":-1.5},"bovada":{"odds":165,"spread":-1.5}},"1":{"fanduel":{"odds":-182,"spread":1.5},"williamhill_us":{"odds":175,"spread":-1.5},"draftkings":{"odds":-188,"spread":1.5},"betmgm":{"odds":-185,"spread":1.5},"bovada":{"odds":-180,"spread":1.5}},"2":{"fanduel":{"odds":-192,"spread":1.5},"williamhill_us":{"odds":175,"spread":-1.5},"draftkings":{"odds":-195,"spread":1.5},"betmgm":{"odds":-190,"spread":1.5},"bovada":{"odds":175,"spread":-1.5}},"3":{"fanduel":{"odds":-137,"spread":1.5},"williamhill_us":{"odds":-140,"spread":1.5},"draftkings":{"odds":-143,"spread":1.5},"betmgm":{"odds":-140,"spread":1.5},"bovada":{"odds":-140,"spread":1.5}},"4":{"fanduel":{"odds":150,"spread":-1.5},"williamhill_us":{"odds":158,"spread":-1.5},"draftkings":{"odds":153,"spread":-1.5},"betmgm":{"odds":150,"spread":-1.5},"bovada":{"odds":160,"spread":-1.5}},"5":{"fanduel":{"odds":158,"spread":-1.5},"williamhill_us":{"odds":150,"spread":-1.5},"draftkings":{"odds":149,"spread":-1.5},"betmgm":{"odds":150,"spread":-1.5},"bovada":{"odds":155,"spread":-1.5}},"6":{"fanduel":{"odds":-156,"spread":1.5},"williamhill_us":{"odds":-155,"spread":1.5},"draftkings":{"odds":-156,"spread":1.5},"betmgm":{"odds":-155,"spread":1.5},"bovada":{"odds":-160,"spread":1.5}},"7":{"fanduel":{"odds":-170,"spread":1.5},"williamhill_us":{"odds":-178,"spread":1.5},"draftkings":{"odds":-181,"spread":1.5},"betmgm":{"odds":-185,"spread":1.5},"bovada":{"odds":-175,"spread":1.5}},"8":{"fanduel":{"odds":150,"spread":-1.5},"williamhill_us":{"odds":143,"spread":-1.5},"draftkings":{"odds":144,"spread":-1.5},"betmgm":{"odds":145,"spread":-1.5},"bovada":{"odds":150,"spread":-1.5}},"9":{"fanduel":{"odds":-128,"spread":1.5},"williamhill_us":{"odds":-125,"spread":1.5},"draftkings":{"odds":-125,"spread":1.5},"betmgm":{"odds":-120,"spread":1.5},"bovada":{"odds":-125,"spread":1.5}},"10":{"fanduel":{"odds":152,"spread":-1.5},"draftkings":{"odds":144,"spread":-1.5},"williamhill_us":{"odds":143,"spread":-1.5},"bovada":{"odds":150,"spread":-1.5}},"11":{"fanduel":{"odds":-188,"spread":1.5},"williamhill_us":{"odds":158,"spread":-1.5},"draftkings":{"odds":154,"spread":-1.5},"betmgm":{"odds":155,"spread":-1.5},"bovada":{"odds":160,"spread":-1.5}},"12":{"fanduel":{"odds":-111,"spread":-1.5},"williamhill_us":{"odds":-110,"spread":-1.5},"draftkings":{"odds":-110,"spread":-1.5},"betmgm":{"odds":-110,"spread":-1.5},"bovada":{"odds":-110,"spread":-1.5}},"13":{"fanduel":{"odds":164,"spread":-1.5},"williamhill_us":{"odds":158,"spread":-1.5},"draftkings":{"odds":157,"spread":-1.5},"betmgm":{"odds":155,"spread":-1.5},"bovada":{"odds":165,"spread":-1.5}},"14":{"fanduel":{"odds":105,"spread":-1.5},"williamhill_us":{"odds":105,"spread":-1.5},"betmgm":{"odds":100,"spread":-1.5},"draftkings":{"odds":102,"spread":-1.5},"bovada":{"odds":110,"spread":-1.5}}},"books_away":{"0":{"fanduel":{"odds":155,"spread":-1.5},"draftkings":{"odds":-193,"spread":1.5},"williamhill_us":{"odds":-190,"spread":1.5},"betmgm":{"odds":-190,"spread":1.5},"bovada":{"odds":-195,"spread":1.5}},"1":{"fanduel":{"odds":150,"spread":-1.5},"williamhill_us":{"odds":-210,"spread":1.5},"draftkings":{"odds":154,"spread":-1.5},"betmgm":{"odds":150,"spread":-1.5},"bovada":{"odds":155,"spread":-1.5}},"2":{"fanduel":{"odds":158,"spread":-1.5},"williamhill_us":{"odds":-210,"spread":1.5},"draftkings":{"odds":160,"spread":-1.5},"betmgm":{"odds":155,"spread":-1.5},"bovada":{"odds":-210,"spread":1.5}},"3":{"fanduel":{"odds":114,"spread":-1.5},"williamhill_us":{"odds":118,"spread":-1.5},"draftkings":{"odds":119,"spread":-1.5},"betmgm":{"odds":115,"spread":-1.5},"bovada":{"odds":120,"spread":-1.5}},"4":{"fanduel":{"odds":-182,"spread":1.5},"williamhill_us":{"odds":-190,"spread":1.5},"draftkings":{"odds":-186,"spread":1.5},"betmgm":{"odds":-185,"spread":1.5},"bovada":{"odds":-185,"spread":1.5}},"5":{"fanduel":{"odds":-192,"spread":1.5},"williamhill_us":{"odds":-178,"spread":1.5},"draftkings":{"odds":-181,"spread":1.5},"betmgm":{"odds":-185,"spread":1.5},"bovada":{"odds":-180,"spread":1.5}},"6":{"fanduel":{"odds":130,"spread":-1.5},"williamhill_us":{"odds":130,"spread":-1.5},"draftkings":{"odds":129,"spread":-1.5},"betmgm":{"odds":125,"spread":-1.5},"bovada":{"odds":135,"spread":-1.5}},"7":{"fanduel":{"odds":140,"spread":-1.5},"williamhill_us":{"odds":150,"spread":-1.5},"draftkings":{"odds":149,"spread":-1.5},"betmgm":{"odds":150,"spread":-1.5},"bovada":{"odds":150,"spread":-1.5}},"8":{"fanduel":{"odds":-182,"spread":1.5},"williamhill_us":{"odds":-170,"spread":1.5},"draftkings":{"odds":-175,"spread":1.5},"betmgm":{"odds":-175,"spread":1.5},"bovada":{"odds":-175,"spread":1.5}},"9":{"fanduel":{"odds":106,"spread":-1.5},"williamhill_us":{"odds":105,"spread":-1.5},"draftkings":{"odds":104,"spread":-1.5},"betmgm":{"odds":100,"spread":-1.5},"bovada":{"odds":105,"spread":-1.5}},"10":{"fanduel":{"odds":-184,"spread":1.5},"draftkings":{"odds":-175,"spread":1.5},"williamhill_us":{"odds":-170,"spread":1.5},"bovada":{"odds":-175,"spread":1.5}},"11":{"fanduel":{"odds":155,"spread":-1.5},"williamhill_us":{"odds":-190,"spread":1.5},"draftkings":{"odds":-188,"spread":1.5},"betmgm":{"odds":-190,"spread":1.5},"bovada":{"odds":-185,"spread":1.5}},"12":{"fanduel":{"odds":-108,"spread":1.5},"williamhill_us":{"odds":-110,"spread":1.5},"draftkings":{"odds":-109,"spread":1.5},"betmgm":{"odds":-110,