{"game_id":{"0":"b707c40c030d32a5c6a52e12bdee39fd","1":"8abdf6d45a3ff089cc31a3d8ae9454b2","2":"e24302ea9f75de2f74247cff5426bb72","3":"0fd9dcf5dd607b0b9074ed98709c23da","4":"679760ad793188b79273efa2408440ac","5":"901a26e0d74ceaadd9981af23f8e1a15","6":"07fe304b5fb4622bc1a942801ac904f6","7":"6e7d9b2e9bc1d87a475e2a29d5c86b92","8":"797493921ce7c293a19900840d42e2e1","9":"3e233aef78a3a5c98e1d9fc4ba450901","10":"bc2f7272b3d5ef426608824387a95824"},"home_team":{"0":"Pittsburgh Pirates","1":"Cincinnati Reds","2":"New York Mets","3":"Minnesota Twins","4":"Milwaukee Brewers","5":"Houston Astros","6":"Athletics","7":"Boston Red Sox","8":"Atlanta Braves","9":"Chicago White Sox","10":"Los Angeles Dodgers"},"away_team":{"0":"Colorado Rockies","1":"Washington Nationals","2":"Detroit Tigers","3":"Miami Marlins","4":"San Diego Padres","5":"Seattle Mariners","6":"St. Louis Cardinals","7":"Philadelphia Phillies","8":"Chicago Cubs","9":"Kansas City Royals","10":"San Francisco Giants"},"home_spread":{"0":-1.5,"1":-1.5,"2":-1.5,"3":-1.5,"4":-1.5,"5":1.5,"6":-1.5,"7":1.5,"8":-1.5,"9":1.5,"10":-1.5},"away_spread":{"0":1.5,"1":1.5,"2":1.5,"3":-1.5,"4":1.5,"5":-1.5,"6":-1.5,"7":-1.5,"8":1.5,"9":-1.5,"10":1.5},"best_home_odds":{"0":130,"1":130,"2":135,"3":160,"4":146,"5":-145,"6":175,"7":-176,"8":135,"9":-140,"10":125},"best_away_odds":{"0":-140,"1":-150,"2":-145,"3":157,"4":-165,"5":128,"6":152,"7":155,"8":-155,"9":125,"10":-135},"home_cover_nv_prob":{"0":0.4270462633,"1":0.4201680672,"2":0.4182671788,"3":0.497098646,"4":0.3949918021,"5":0.5743571925,"6":0.4781783681,"7":0.619205298,"8":0.4117884538,"9":0.5675675676,"10":0.4361948956},"away_cover_nv_prob":{"0":0.5729537367,"1":0.5798319328,"2":0.5817328212,"3":0.502901354,"4":0.6050081979,"5":0.4256428075,"6":0.5218216319,"7":0.380794702,"8":0.5882115462,"9":0.4324324324,"10":0.5638051044},"books_home":{"0":{"fanduel":{"odds":120,"spread":-1.5},"williamhill_us":{"odds":130,"spread":-1.5},"draftkings":{"odds":123,"spread":-1.5},"betmgm":{"odds":125,"spread":-1.5},"bovada":{"odds":120,"spread":-1.5}},"1":{"fanduel":{"odds":126,"spread":-1.5},"draftkings":{"odds":130,"spread":-1.5},"williamhill_us":{"odds":130,"spread":-1.5},"betmgm":{"odds":125,"spread":-1.5},"bovada":{"odds":130,"spread":-1.5}},"2":{"fanduel":{"odds":126,"spread":-1.5},"draftkings":{"odds":134,"spread":-1.5},"williamhill_us":{"odds":135,"spread":-1.5},"betmgm":{"odds":135,"spread":-1.5},"bovada":{"odds":125,"spread":-1.5}},"3":{"fanduel":{"odds":150,"spread":-1.5},"draftkings":{"odds":-192,"spread":1.5},"williamhill_us":{"odds":158,"spread":-1.5},"betmgm":{"odds":160,"spread":-1.5},"bovada":{"odds":160,"spread":-1.5}},"4":{"fanduel":{"odds":146,"spread":-1.5},"draftkings":{"odds":139,"spread":-1.5},"williamhill_us":{"odds":140,"spread":-1.5},"betmgm":{"odds":140,"spread":-1.5},"bovada":{"odds":145,"spread":-1.5}},"5":{"fanduel":{"odds":-154,"spread":1.5},"williamhill_us":{"odds":-145,"spread":1.5},"draftkings":{"odds":-148,"spread":1.5},"betmgm":{"odds":-155,"spread":1.5},"bovada":{"odds":-145,"spread":1.5}},"6":{"fanduel":{"odds":-184,"spread":1.5},"williamhill_us":{"odds":170,"spread":-1.5},"draftkings":{"odds":-173,"spread":1.5},"betmgm":{"odds":-185,"spread":1.5},"bovada":{"odds":175,"spread":-1.5}},"7":{"fanduel":{"odds":-176,"spread":1.5},"draftkings":{"odds":-186,"spread":1.5},"williamhill_us":{"odds":-178,"spread":1.5},"betmgm":{"odds":-190,"spread":1.5},"bovada":{"odds":-180,"spread":1.5}},"8":{"fanduel":{"odds":134,"spread":-1.5},"draftkings":{"odds":130,"spread":-1.5},"williamhill_us":{"odds":130,"spread":-1.5},"betmgm":{"odds":135,"spread":-1.5},"bovada":{"odds":135,"spread":-1.5}},"9":{"fanduel":{"odds":-146,"spread":1.5},"draftkings":{"odds":-144,"spread":1.5},"williamhill_us":{"odds":-140,"spread":1.5},"betmgm":{"odds":-150,"spread":1.5},"bovada":{"odds":-140,"spread":1.5}},"10":{"fanduel":{"odds":115,"spread":-1.5},"draftkings":{"odds":118,"spread":-1.5},"williamhill_us":{"odds":118,"spread":-1.5},"betmgm":{"odds":125,"spread":-1.5},"bovada":{"odds":115,"spread":-1.5}}},"books_away":{"0":{"fanduel":{"odds":-144,"spread":1.5},"williamhill_us":{"odds":-155,"spread":1.5},"draftkings":{"odds":-148,"spread":1.5},"betmgm":{"odds":-155,"spread":1.5},"bovada":{"odds":-140,"spread":1.5}},"1":{"fanduel":{"odds":-152,"spread":1.5},"draftkings":{"odds":-157,"spread":1.5},"williamhill_us":{"odds":-155,"spread":1.5},"betmgm":{"odds":-155,"spread":1.5},"bovada":{"odds":-150,"spread":1.5}},"2":{"fanduel":{"odds":-152,"spread":1.5},"draftkings":{"odds":-162,"spread":1.5},"williamhill_us":{"odds":-160,"spread":1.5},"betmgm":{"odds":-160,"spread":1.5},"bovada":{"odds":-145,"spread":1.5}},"3":{"fanduel":{"odds":-182,"spread":1.5},"draftkings":{"odds":157,"spread":-1.5},"williamhill_us":{"odds":-190,"spread":1.5},"betmgm":{"odds":-210,"spread":1.5},"bovada":{"odds":-185,"spread":1.5}},"4":{"fanduel":{"odds":-176,"spread":1.5},"draftkings":{"odds":-168,"spread":1.5},"williamhill_us":{"odds":-165,"spread":1.5},"betmgm":{"odds":-170,"spread":1.5},"bovada":{"odds":-170,"spread":1.5}},"5":{"fanduel":{"odds":128,"spread":-1.5},"williamhill_us":{"odds":122,"spread":-1.5},"draftkings":{"odds":123,"spread":-1.5},"betmgm":{"odds":125,"spread":-1.5},"bovada":{"odds":125,"spread":-1.5}},"6":{"fanduel":{"odds":152,"spread":-1.5},"williamhill_us":{"odds":-205,"spread":1.5},"draftkings":{"odds":143,"spread":-1.5},"betmgm":{"odds":150,"spread":-1.5},"bovada":{"odds":-210,"spread":1.5}},"7":{"fanduel":{"odds":146,"spread":-1.5},"draftkings":{"odds":153,"spread":-1.5},"williamhill_us":{"odds":150,"spread":-1.5},"betmgm":{"odds":155,"spread":-1.5},"bovada":{"odds":155,"spread":-1.5}},"8":{"fanduel":{"odds":-162,"spread":1.5},"draftkings":{"odds":-157,"spread":1.5},"williamhill_us":{"odds":-155,"spread":1.5},"betmgm":{"odds":-160,"spread":1.5},"bovada":{"odds":-160,"spread":1.5}},"9":{"fanduel":{"odds":122,"spread":-1.5},"draftkings":{"odds":119,"spread":-1.5},"williamhill_us":{"odds":118,"spread":-1.5},"betmgm":{"odds":125,"spread":-1.5},"bovada":{"odds":120,"spread":-1.5}},"10":{"fanduel":{"odds":-138,"spread":1.5},"draftkings":{"odds":-142,"spread":1.5},"williamhill_us":{"odds":-140,"spread":1.5},"betmgm":{"odds":-150,"spread":1.5},"bovada":{"odds":-135,"spread":1.5}}}}